phase,model_key,rank,alpha,dataset_key,method_key,seed_key,run_name,dataset,model,method,seed,epochs,max_length,batch_size,learning_rate,train_rows,dev_rows,test_rows,parameters_total,parameters_trainable,trainable_pct,train_seconds,peak_gpu_memory_gb,best_dev_macro_f1,best_dev_epoch,accuracy,macro_precision,macro_recall,macro_f1,weighted_f1
main,deberta,8,16,iltur_cl,category_lora,42,main__deberta__r8a16__iltur_cl__category_lora__seed42,iltur_cl,/home/tahiti/TaxFacto/models/DeBERTa-v3-base,category_lora,42,4.0,256,32,0.0002,9761,1321,1245,184217863,386311,0.20970333370982597,194.96582770347595,8.289217472076416,,,0.6016064257028112,0.5332546553664976,0.5273214421490995,0.5233781668577103,0.5904544050549948
main,deberta,8,16,iltur_cl,category_lora,43,main__deberta__r8a16__iltur_cl__category_lora__seed43,iltur_cl,/home/tahiti/TaxFacto/models/DeBERTa-v3-base,category_lora,43,4.0,256,32,0.0002,9761,1321,1245,184217863,386311,0.20970333370982597,199.1954095363617,8.289217472076416,,,0.5718875502008032,0.4253598910410749,0.4206593701044231,0.41738864636692785,0.5594106514502765
main,deberta,8,16,iltur_cl,category_lora,44,main__deberta__r8a16__iltur_cl__category_lora__seed44,iltur_cl,/home/tahiti/TaxFacto/models/DeBERTa-v3-base,category_lora,44,4.0,256,32,0.0002,9761,1321,1245,184217863,386311,0.20970333370982597,199.91743922233582,8.289217472076416,,,0.5799196787148594,0.475615561248262,0.46984599376043334,0.4605420671851353,0.566586966889947
main,deberta,8,16,iltur_cl,frozen,42,main__deberta__r8a16__iltur_cl__frozen__seed42,iltur_cl,/home/tahiti/TaxFacto/models/DeBERTa-v3-base,frozen,42,4.0,256,32,0.001,9761,1321,1245,184427527,595975,0.3231486154450252,105.78748917579651,2.033938407897949,,,0.3542168674698795,0.3290643210937804,0.20194641374892547,0.14912159662198343,0.25807796623749274
main,deberta,8,16,iltur_cl,frozen,43,main__deberta__r8a16__iltur_cl__frozen__seed43,iltur_cl,/home/tahiti/TaxFacto/models/DeBERTa-v3-base,frozen,43,4.0,256,32,0.001,9761,1321,1245,184427527,595975,0.3231486154450252,98.60646486282349,2.033938407897949,,,0.327710843373494,0.2826760235188189,0.18653494650212044,0.1404341231538239,0.24037129614201416
main,deberta,8,16,iltur_cl,frozen,44,main__deberta__r8a16__iltur_cl__frozen__seed44,iltur_cl,/home/tahiti/TaxFacto/models/DeBERTa-v3-base,frozen,44,4.0,256,32,0.001,9761,1321,1245,184427527,595975,0.3231486154450252,95.01096200942993,2.033938407897949,,,0.3493975903614458,0.2410651592522805,0.19403865602308026,0.14646418315286397,0.2548277585632488
main,deberta,8,16,iltur_cl,full_ft,42,main__deberta__r8a16__iltur_cl__full_ft__seed42,iltur_cl,/home/tahiti/TaxFacto/models/DeBERTa-v3-base,full_ft,42,4.0,256,32,2e-05,9761,1321,1245,184427527,184427527,100.0,255.87867331504822,10.532525539398193,,,0.5791164658634538,0.5870552189372713,0.4775015966665358,0.47056227844763826,0.5707065979487147
main,deberta,8,16,iltur_cl,full_ft,43,main__deberta__r8a16__iltur_cl__full_ft__seed43,iltur_cl,/home/tahiti/TaxFacto/models/DeBERTa-v3-base,full_ft,43,4.0,256,32,2e-05,9761,1321,1245,184427527,184427527,100.0,254.99971795082092,10.532525539398193,,,0.563855421686747,0.5001015077331156,0.538432143824199,0.5071667362011484,0.5607917402781205
main,deberta,8,16,iltur_cl,full_ft,44,main__deberta__r8a16__iltur_cl__full_ft__seed44,iltur_cl,/home/tahiti/TaxFacto/models/DeBERTa-v3-base,full_ft,44,4.0,256,32,2e-05,9761,1321,1245,184427527,184427527,100.0,256.20840430259705,10.532525539398193,,,0.5726907630522088,0.5026918846375089,0.5550636642991599,0.5136118864205057,0.5671333565805078
main,deberta,8,16,iltur_cl,role_adapter,42,main__deberta__r8a16__iltur_cl__role_adapter__seed42,iltur_cl,/home/tahiti/TaxFacto/models/DeBERTa-v3-base,role_adapter,42,4.0,256,32,0.0002,9761,1321,1245,184217863,386311,0.20970333370982597,198.5705189704895,8.289217472076416,,,0.6,0.5274239804339459,0.5432213449544036,0.5279864352599553,0.5879068714056767
main,deberta,8,16,iltur_cl,role_adapter,43,main__deberta__r8a16__iltur_cl__role_adapter__seed43,iltur_cl,/home/tahiti/TaxFacto/models/DeBERTa-v3-base,role_adapter,43,4.0,256,32,0.0002,9761,1321,1245,184217863,386311,0.20970333370982597,199.08466053009033,8.289217472076416,,,0.5895582329317269,0.43907297353913527,0.42992255861916595,0.4279366038094238,0.5768924367961729
main,deberta,8,16,iltur_cl,role_adapter,44,main__deberta__r8a16__iltur_cl__role_adapter__seed44,iltur_cl,/home/tahiti/TaxFacto/models/DeBERTa-v3-base,role_adapter,44,4.0,256,32,0.0002,9761,1321,1245,184217863,386311,0.20970333370982597,177.11182379722595,8.289217472076416,,,0.5759036144578313,0.4642231947483925,0.4429723203250172,0.43705856534294857,0.5607832345916303
main,deberta,8,16,iltur_cl,shared_lora,42,main__deberta__r8a16__iltur_cl__shared_lora__seed42,iltur_cl,/home/tahiti/TaxFacto/models/DeBERTa-v3-base,shared_lora,42,4.0,256,32,0.0002,9761,1321,1245,184727822,300295,0.1625607863227013,190.89510416984558,8.29047679901123,,,0.5277108433734939,0.421268876239569,0.380743887797797,0.38962506698688587,0.5179021224103133
main,deberta,8,16,iltur_cl,shared_lora,43,main__deberta__r8a16__iltur_cl__shared_lora__seed43,iltur_cl,/home/tahiti/TaxFacto/models/DeBERTa-v3-base,shared_lora,43,4.0,256,32,0.0002,9761,1321,1245,184727822,300295,0.1625607863227013,192.6498191356659,8.29047679901123,,,0.5445783132530121,0.3977429356915625,0.41545633030897827,0.39844993332522416,0.5297237858148627
main,deberta,8,16,iltur_cl,shared_lora,44,main__deberta__r8a16__iltur_cl__shared_lora__seed44,iltur_cl,/home/tahiti/TaxFacto/models/DeBERTa-v3-base,shared_lora,44,4.0,256,32,0.0002,9761,1321,1245,184727822,300295,0.1625607863227013,192.81314730644226,8.29047679901123,,,0.4987951807228916,0.28406772598601987,0.31891065309056454,0.29804421337007236,0.472167220412255
main,deberta,8,16,iltur_cl,shared_lora_widehead,42,main__deberta__r8a16__iltur_cl__shared_lora_widehead__seed42,iltur_cl,/home/tahiti/TaxFacto/models/DeBERTa-v3-base,shared_lora_widehead,42,4.0,256,32,0.0002,9761,1321,1245,184218039,386487,0.209798672322204,196.38065791130066,8.289220333099365,,,0.5759036144578313,0.42399275721040924,0.43222996361077776,0.42154303776390417,0.5610963336135932
main,deberta,8,16,iltur_cl,shared_lora_widehead,43,main__deberta__r8a16__iltur_cl__shared_lora_widehead__seed43,iltur_cl,/home/tahiti/TaxFacto/models/DeBERTa-v3-base,shared_lora_widehead,43,4.0,256,32,0.0002,9761,1321,1245,184218039,386487,0.209798672322204,199.0991406440735,8.289220333099365,,,0.5606425702811245,0.4069635055755472,0.4163618007559925,0.40956111353164776,0.5497059234476291
main,deberta,8,16,iltur_cl,shared_lora_widehead,44,main__deberta__r8a16__iltur_cl__shared_lora_widehead__seed44,iltur_cl,/home/tahiti/TaxFacto/models/DeBERTa-v3-base,shared_lora_widehead,44,4.0,256,32,0.0002,9761,1321,1245,184218039,386487,0.209798672322204,197.80655980110168,8.289220333099365,,,0.563855421686747,0.4228327680553094,0.4184769189254915,0.41442989235464445,0.5525766237319815
main,deberta,8,16,iltur_it,category_lora,42,main__deberta__r8a16__iltur_it__category_lora__seed42,iltur_it,/home/tahiti/TaxFacto/models/DeBERTa-v3-base,category_lora,42,4.0,256,32,0.0002,5786,699,762,184217863,386311,0.20970333370982597,139.3916530609131,8.289217472076416,,,0.5511811023622047,0.4886442708356405,0.46695165976927927,0.43574206209732314,0.5061716763844989
main,deberta,8,16,iltur_it,category_lora,43,main__deberta__r8a16__iltur_it__category_lora__seed43,iltur_it,/home/tahiti/TaxFacto/models/DeBERTa-v3-base,category_lora,43,4.0,256,32,0.0002,5786,699,762,184217863,386311,0.20970333370982597,142.67249941825867,8.289217472076416,,,0.562992125984252,0.5581141635488805,0.5122476270339232,0.5033835144719007,0.5372139243419817
main,deberta,8,16,iltur_it,category_lora,44,main__deberta__r8a16__iltur_it__category_lora__seed44,iltur_it,/home/tahiti/TaxFacto/models/DeBERTa-v3-base,category_lora,44,4.0,256,32,0.0002,5786,699,762,184217863,386311,0.20970333370982597,140.05356097221375,8.289217472076416,,,0.55249343832021,0.6582780702027041,0.5086731837812563,0.494138924810507,0.5112243043209722
main,deberta,8,16,iltur_it,frozen,42,main__deberta__r8a16__iltur_it__frozen__seed42,iltur_it,/home/tahiti/TaxFacto/models/DeBERTa-v3-base,frozen,42,4.0,256,32,0.001,5786,699,762,184427527,595975,0.3231486154450252,75.95938873291016,2.0340700149536133,,,0.30577427821522307,0.22615440502055012,0.22244850965762705,0.16086042808731885,0.2005237827377707
main,deberta,8,16,iltur_it,frozen,43,main__deberta__r8a16__iltur_it__frozen__seed43,iltur_it,/home/tahiti/TaxFacto/models/DeBERTa-v3-base,frozen,43,4.0,256,32,0.001,5786,699,762,184427527,595975,0.3231486154450252,75.30071973800659,2.0340700149536133,,,0.26246719160104987,0.18597689886264737,0.18650556161195725,0.1243717229977673,0.1537827821938432
main,deberta,8,16,iltur_it,frozen,44,main__deberta__r8a16__iltur_it__frozen__seed44,iltur_it,/home/tahiti/TaxFacto/models/DeBERTa-v3-base,frozen,44,4.0,256,32,0.001,5786,699,762,184427527,595975,0.3231486154450252,71.71559691429138,2.0340700149536133,,,0.2572178477690289,0.23526240467368503,0.178222993056086,0.11171202615869923,0.1437094233066464
main,deberta,8,16,iltur_it,full_ft,42,main__deberta__r8a16__iltur_it__full_ft__seed42,iltur_it,/home/tahiti/TaxFacto/models/DeBERTa-v3-base,full_ft,42,4.0,256,32,2e-05,5786,699,762,184427527,184427527,100.0,173.6550931930542,10.532525539398193,,,0.6430446194225722,0.6716570918873587,0.6327431172625824,0.6396929438647952,0.6372207237655549
main,deberta,8,16,iltur_it,full_ft,43,main__deberta__r8a16__iltur_it__full_ft__seed43,iltur_it,/home/tahiti/TaxFacto/models/DeBERTa-v3-base,full_ft,43,4.0,256,32,2e-05,5786,699,762,184427527,184427527,100.0,176.18399477005005,10.532525539398193,,,0.6233595800524935,0.6419694588354599,0.5999740348418119,0.6060759332497501,0.6169319229800446
main,deberta,8,16,iltur_it,full_ft,44,main__deberta__r8a16__iltur_it__full_ft__seed44,iltur_it,/home/tahiti/TaxFacto/models/DeBERTa-v3-base,full_ft,44,4.0,256,32,2e-05,5786,699,762,184427527,184427527,100.0,175.11723160743713,10.532525539398193,,,0.6404199475065617,0.6659879932842578,0.6350867527969158,0.6378927234251083,0.639646350259932
main,deberta,8,16,iltur_it,role_adapter,42,main__deberta__r8a16__iltur_it__role_adapter__seed42,iltur_it,/home/tahiti/TaxFacto/models/DeBERTa-v3-base,role_adapter,42,4.0,256,32,0.0002,5786,699,762,184217863,386311,0.20970333370982597,139.53379654884338,8.289217472076416,,,0.5446194225721784,0.5894179436301793,0.4767521106098588,0.46014925581967747,0.503542421253733
main,deberta,8,16,iltur_it,role_adapter,43,main__deberta__r8a16__iltur_it__role_adapter__seed43,iltur_it,/home/tahiti/TaxFacto/models/DeBERTa-v3-base,role_adapter,43,4.0,256,32,0.0002,5786,699,762,184217863,386311,0.20970333370982597,142.68077206611633,8.289217472076416,,,0.5498687664041995,0.5481219166361662,0.49203670980354935,0.47718303163577275,0.5142624644510538
main,deberta,8,16,iltur_it,role_adapter,44,main__deberta__r8a16__iltur_it__role_adapter__seed44,iltur_it,/home/tahiti/TaxFacto/models/DeBERTa-v3-base,role_adapter,44,4.0,256,32,0.0002,5786,699,762,184217863,386311,0.20970333370982597,103.50289583206177,8.289217472076416,,,0.5498687664041995,0.49240585734995673,0.49034927583093374,0.4680539652574226,0.5047279095175251
main,deberta,8,16,iltur_it,shared_lora,42,main__deberta__r8a16__iltur_it__shared_lora__seed42,iltur_it,/home/tahiti/TaxFacto/models/DeBERTa-v3-base,shared_lora,42,4.0,256,32,0.0002,5786,699,762,184727822,300295,0.1625607863227013,130.45300006866455,8.29047679901123,,,0.5288713910761155,0.4010126367638055,0.44854401587689235,0.40570515159838993,0.47699102311540964
main,deberta,8,16,iltur_it,shared_lora,43,main__deberta__r8a16__iltur_it__shared_lora__seed43,iltur_it,/home/tahiti/TaxFacto/models/DeBERTa-v3-base,shared_lora,43,4.0,256,32,0.0002,5786,699,762,184727822,300295,0.1625607863227013,135.8669559955597,8.29047679901123,,,0.5236220472440944,0.38038825293834805,0.4460491493537629,0.3992570124772472,0.46770744729335545
main,deberta,8,16,iltur_it,shared_lora,44,main__deberta__r8a16__iltur_it__shared_lora__seed44,iltur_it,/home/tahiti/TaxFacto/models/DeBERTa-v3-base,shared_lora,44,4.0,256,32,0.0002,5786,699,762,184727822,300295,0.1625607863227013,137.92121624946594,8.29047679901123,,,0.5354330708661418,0.39347881308077604,0.4564641205936845,0.41480574121319436,0.483001980153969
main,deberta,8,16,iltur_it,shared_lora_widehead,42,main__deberta__r8a16__iltur_it__shared_lora_widehead__seed42,iltur_it,/home/tahiti/TaxFacto/models/DeBERTa-v3-base,shared_lora_widehead,42,4.0,256,32,0.0002,5786,699,762,184218039,386487,0.209798672322204,143.7225136756897,8.289220333099365,,,0.541994750656168,0.404325447287088,0.4604626537868575,0.41770602640370486,0.4878215743078859
main,deberta,8,16,iltur_it,shared_lora_widehead,43,main__deberta__r8a16__iltur_it__shared_lora_widehead__seed43,iltur_it,/home/tahiti/TaxFacto/models/DeBERTa-v3-base,shared_lora_widehead,43,4.0,256,32,0.0002,5786,699,762,184218039,386487,0.209798672322204,144.26243424415588,8.289220333099365,,,0.5590551181102362,0.4738759156633789,0.47708549052121657,0.44613063453554175,0.5162249477516986
main,deberta,8,16,iltur_it,shared_lora_widehead,44,main__deberta__r8a16__iltur_it__shared_lora_widehead__seed44,iltur_it,/home/tahiti/TaxFacto/models/DeBERTa-v3-base,shared_lora_widehead,44,4.0,256,32,0.0002,5786,699,762,184218039,386487,0.209798672322204,141.44685864448547,8.289220333099365,,,0.520997375328084,0.5368730395080733,0.45371898214406114,0.43535780818279296,0.47821412971731836
main,deberta,8,16,legaleval,category_lora,42,main__deberta__r8a16__legaleval__category_lora__seed42,legaleval,/home/tahiti/TaxFacto/models/DeBERTa-v3-base,category_lora,42,4.0,256,32,0.0002,11646,1124,1859,184217863,386311,0.20970333370982597,242.30690598487854,8.289217472076416,,,0.7751479289940828,0.7207031204306469,0.6455581566438379,0.6667347766083138,0.7675411919747465
main,deberta,8,16,legaleval,category_lora,43,main__deberta__r8a16__legaleval__category_lora__seed43,legaleval,/home/tahiti/TaxFacto/models/DeBERTa-v3-base,category_lora,43,4.0,256,32,0.0002,11646,1124,1859,184217863,386311,0.20970333370982597,246.1045253276825,8.289217472076416,,,0.7778375470683163,0.7063236771069841,0.6797524394310969,0.6876549947875709,0.7737858732801508
main,deberta,8,16,legaleval,category_lora,44,main__deberta__r8a16__legaleval__category_lora__seed44,legaleval,/home/tahiti/TaxFacto/models/DeBERTa-v3-base,category_lora,44,4.0,256,32,0.0002,11646,1124,1859,184217863,386311,0.20970333370982597,242.974755525589,8.289217472076416,,,0.7724583109198494,0.6973483360657211,0.6779311798283728,0.6850153674504548,0.769922663926616
main,deberta,8,16,legaleval,frozen,42,main__deberta__r8a16__legaleval__frozen__seed42,legaleval,/home/tahiti/TaxFacto/models/DeBERTa-v3-base,frozen,42,4.0,256,32,0.001,11646,1124,1859,184427527,595975,0.3231486154450252,120.80485105514526,2.034109115600586,,,0.5465303926842389,0.36227583695736126,0.24133872860243386,0.22942053762930242,0.43111012013058225
main,deberta,8,16,legaleval,frozen,43,main__deberta__r8a16__legaleval__frozen__seed43,legaleval,/home/tahiti/TaxFacto/models/DeBERTa-v3-base,frozen,43,4.0,256,32,0.001,11646,1124,1859,184427527,595975,0.3231486154450252,119.70351099967957,2.034109115600586,,,0.5330823023130715,0.42438015319275074,0.22840503367209283,0.22750728590801508,0.4090103529653656
main,deberta,8,16,legaleval,frozen,44,main__deberta__r8a16__legaleval__frozen__seed44,legaleval,/home/tahiti/TaxFacto/models/DeBERTa-v3-base,frozen,44,4.0,256,32,0.001,11646,1124,1859,184427527,595975,0.3231486154450252,126.34495210647583,2.0340561866760254,,,0.5454545454545454,0.3928489722715634,0.23283691074145144,0.23211967523736002,0.4375390738854829
main,deberta,8,16,legaleval,full_ft,42,main__deberta__r8a16__legaleval__full_ft__seed42,legaleval,/home/tahiti/TaxFacto/models/DeBERTa-v3-base,full_ft,42,4.0,256,32,2e-05,11646,1124,1859,184427527,184427527,100.0,310.9251477718353,10.532525539398193,,,0.8090371167294245,0.7810692682247845,0.7346300708813642,0.7524423455762446,0.8066060545107642
main,deberta,8,16,legaleval,full_ft,43,main__deberta__r8a16__legaleval__full_ft__seed43,legaleval,/home/tahiti/TaxFacto/models/DeBERTa-v3-base,full_ft,43,4.0,256,32,2e-05,11646,1124,1859,184427527,184427527,100.0,317.11597895622253,10.532525539398193,,,0.8084991931145777,0.7560091178482343,0.742266624316429,0.7469377491261568,0.8067777187107276
main,deberta,8,16,legaleval,full_ft,44,main__deberta__r8a16__legaleval__full_ft__seed44,legaleval,/home/tahiti/TaxFacto/models/DeBERTa-v3-base,full_ft,44,4.0,256,32,2e-05,11646,1124,1859,184427527,184427527,100.0,315.3325436115265,10.532525539398193,,,0.8052716514254976,0.7575607454856963,0.7353193233032664,0.7386373702681152,0.8029291771665275
main,deberta,8,16,legaleval,role_adapter,42,main__deberta__r8a16__legaleval__role_adapter__seed42,legaleval,/home/tahiti/TaxFacto/models/DeBERTa-v3-base,role_adapter,42,4.0,256,32,0.0002,11646,1124,1859,184217863,386311,0.20970333370982597,242.60164833068848,8.289217472076416,,,0.7875201721355568,0.7220788661731155,0.6777527768051879,0.6915916055838978,0.7817620834923791
main,deberta,8,16,legaleval,role_adapter,43,main__deberta__r8a16__legaleval__role_adapter__seed43,legaleval,/home/tahiti/TaxFacto/models/DeBERTa-v3-base,role_adapter,43,4.0,256,32,0.0002,11646,1124,1859,184217863,386311,0.20970333370982597,244.8089680671692,8.289217472076416,,,0.7810650887573964,0.720003561686119,0.6879572938843593,0.6979840404783245,0.7776871210194575
main,deberta,8,16,legaleval,role_adapter,44,main__deberta__r8a16__legaleval__role_adapter__seed44,legaleval,/home/tahiti/TaxFacto/models/DeBERTa-v3-base,role_adapter,44,4.0,256,32,0.0002,11646,1124,1859,184217863,386311,0.20970333370982597,234.47278094291687,8.289217472076416,,,0.7762237762237763,0.7101924039562523,0.6782785228839812,0.6898923986947237,0.7727231299659083
main,deberta,8,16,legaleval,shared_lora,42,main__deberta__r8a16__legaleval__shared_lora__seed42,legaleval,/home/tahiti/TaxFacto/models/DeBERTa-v3-base,shared_lora,42,4.0,256,32,0.0002,11646,1124,1859,184727822,300295,0.1625607863227013,233.46140933036804,8.29047679901123,,,0.7423345884884346,0.5649264701456037,0.5403733452362252,0.5277579731409164,0.7211468684584927
main,deberta,8,16,legaleval,shared_lora,43,main__deberta__r8a16__legaleval__shared_lora__seed43,legaleval,/home/tahiti/TaxFacto/models/DeBERTa-v3-base,shared_lora,43,4.0,256,32,0.0002,11646,1124,1859,184727822,300295,0.1625607863227013,241.5173168182373,8.29047679901123,,,0.7455621301775148,0.6650713959256566,0.5808933756469192,0.5740262507708765,0.7287345931593822
main,deberta,8,16,legaleval,shared_lora,44,main__deberta__r8a16__legaleval__shared_lora__seed44,legaleval,/home/tahiti/TaxFacto/models/DeBERTa-v3-base,shared_lora,44,4.0,256,32,0.0002,11646,1124,1859,184727822,300295,0.1625607863227013,240.8248393535614,8.29047679901123,,,0.727810650887574,0.5691958796786053,0.5250140030423724,0.4915761520192495,0.6977038144661658
main,deberta,8,16,legaleval,shared_lora_widehead,42,main__deberta__r8a16__legaleval__shared_lora_widehead__seed42,legaleval,/home/tahiti/TaxFacto/models/DeBERTa-v3-base,shared_lora_widehead,42,4.0,256,32,0.0002,11646,1124,1859,184218039,386487,0.209798672322204,246.05986785888672,8.289220333099365,,,0.7627756858526089,0.6713682434467152,0.6320560670545498,0.6389976098098467,0.752556305390266
main,deberta,8,16,legaleval,shared_lora_widehead,43,main__deberta__r8a16__legaleval__shared_lora_widehead__seed43,legaleval,/home/tahiti/TaxFacto/models/DeBERTa-v3-base,shared_lora_widehead,43,4.0,256,32,0.0002,11646,1124,1859,184218039,386487,0.209798672322204,245.5315306186676,8.289220333099365,,,0.7423345884884346,0.5734057634673633,0.545304862257418,0.5398132228101346,0.72064388099512
main,deberta,8,16,legaleval,shared_lora_widehead,44,main__deberta__r8a16__legaleval__shared_lora_widehead__seed44,legaleval,/home/tahiti/TaxFacto/models/DeBERTa-v3-base,shared_lora_widehead,44,4.0,256,32,0.0002,11646,1124,1859,184218039,386487,0.209798672322204,243.90904355049133,8.289220333099365,,,0.7541689080150619,0.6873221167746807,0.6164371929406453,0.6278696704572655,0.7418670238853757
main,deberta,8,16,marro_india,category_lora,42,main__deberta__r8a16__marro_india__category_lora__seed42,marro_india,/home/tahiti/TaxFacto/models/DeBERTa-v3-base,category_lora,42,4.0,256,32,0.0002,26866,3546,2566,184217863,386311,0.20970333370982597,532.0077888965607,8.289217472076416,,,0.6200311769290725,0.7644727144914082,0.5135402565047107,0.540955059706215,0.5833133022687881
main,deberta,8,16,marro_india,category_lora,43,main__deberta__r8a16__marro_india__category_lora__seed43,marro_india,/home/tahiti/TaxFacto/models/DeBERTa-v3-base,category_lora,43,4.0,256,32,0.0002,26866,3546,2566,184217863,386311,0.20970333370982597,534.9295425415039,8.289217472076416,,,0.6204208885424786,0.7610014492029444,0.5146553517390041,0.5396990092124635,0.582676826546197
main,deberta,8,16,marro_india,category_lora,44,main__deberta__r8a16__marro_india__category_lora__seed44,marro_india,/home/tahiti/TaxFacto/models/DeBERTa-v3-base,category_lora,44,4.0,256,32,0.0002,26866,3546,2566,184217863,386311,0.20970333370982597,528.6792507171631,8.289217472076416,,,0.6122369446609509,0.7633548506837944,0.49713194436114166,0.5193055105633333,0.5695227164116217
main,deberta,8,16,marro_india,frozen,42,main__deberta__r8a16__marro_india__frozen__seed42,marro_india,/home/tahiti/TaxFacto/models/DeBERTa-v3-base,frozen,42,4.0,256,32,0.001,26866,3546,2566,184427527,595975,0.3231486154450252,253.86645913124084,2.0340609550476074,,,0.4395946999220577,0.13787275365548526,0.2101737523317056,0.16045895025538615,0.3181466928626362
main,deberta,8,16,marro_india,frozen,43,main__deberta__r8a16__marro_india__frozen__seed43,marro_india,/home/tahiti/TaxFacto/models/DeBERTa-v3-base,frozen,43,4.0,256,32,0.001,26866,3546,2566,184427527,595975,0.3231486154450252,246.67768549919128,2.0340609550476074,,,0.4427123928293063,0.13351662617903465,0.21390734449688845,0.1610843378556093,0.3199337564758709
main,deberta,8,16,marro_india,frozen,44,main__deberta__r8a16__marro_india__frozen__seed44,marro_india,/home/tahiti/TaxFacto/models/DeBERTa-v3-base,frozen,44,4.0,256,32,0.001,26866,3546,2566,184427527,595975,0.3231486154450252,253.3656439781189,2.0340609550476074,,,0.3994544037412315,0.37608310698702613,0.18160007481051513,0.1395596355168145,0.2755624456864304
main,deberta,8,16,marro_india,full_ft,42,main__deberta__r8a16__marro_india__full_ft__seed42,marro_india,/home/tahiti/TaxFacto/models/DeBERTa-v3-base,full_ft,42,4.0,256,32,2e-05,26866,3546,2566,184427527,184427527,100.0,691.3057374954224,10.532525539398193,,,0.6360093530787218,0.7223356611675301,0.5410456850336283,0.5740016354723624,0.6117575438621231
main,deberta,8,16,marro_india,full_ft,43,main__deberta__r8a16__marro_india__full_ft__seed43,marro_india,/home/tahiti/TaxFacto/models/DeBERTa-v3-base,full_ft,43,4.0,256,32,2e-05,26866,3546,2566,184427527,184427527,100.0,686.3784821033478,10.532525539398193,,,0.6500389711613406,0.7291471091387647,0.5508533475129908,0.5748780712646162,0.6202275557094238
main,deberta,8,16,marro_india,full_ft,44,main__deberta__r8a16__marro_india__full_ft__seed44,marro_india,/home/tahiti/TaxFacto/models/DeBERTa-v3-base,full_ft,44,4.0,256,32,2e-05,26866,3546,2566,184427527,184427527,100.0,667.0404806137085,10.532525539398193,,,0.6340607950116913,0.7117298547821146,0.5350633180729584,0.5529110497319211,0.6004288879894873
main,deberta,8,16,marro_india,role_adapter,42,main__deberta__r8a16__marro_india__role_adapter__seed42,marro_india,/home/tahiti/TaxFacto/models/DeBERTa-v3-base,role_adapter,42,4.0,256,32,0.0002,26866,3546,2566,184217863,386311,0.20970333370982597,535.6298041343689,8.289217472076416,,,0.6262665627435697,0.7603089735549675,0.5161911361284511,0.5385966131512163,0.5873329847953151
main,deberta,8,16,marro_india,role_adapter,43,main__deberta__r8a16__marro_india__role_adapter__seed43,marro_india,/home/tahiti/TaxFacto/models/DeBERTa-v3-base,role_adapter,43,4.0,256,32,0.0002,26866,3546,2566,184217863,386311,0.20970333370982597,536.1225559711456,8.289217472076416,,,0.6219797349961029,0.7326380991768368,0.5208257160961736,0.5436994811941311,0.585102022540435
main,deberta,8,16,marro_india,role_adapter,44,main__deberta__r8a16__marro_india__role_adapter__seed44,marro_india,/home/tahiti/TaxFacto/models/DeBERTa-v3-base,role_adapter,44,4.0,256,32,0.0002,26866,3546,2566,184217863,386311,0.20970333370982597,479.523517370224,8.289217472076416,,,0.6204208885424786,0.6910567661763732,0.5078269255858535,0.5218904882571574,0.5736316137937219
main,deberta,8,16,marro_india,shared_lora,42,main__deberta__r8a16__marro_india__shared_lora__seed42,marro_india,/home/tahiti/TaxFacto/models/DeBERTa-v3-base,shared_lora,42,4.0,256,32,0.0002,26866,3546,2566,184727822,300295,0.1625607863227013,548.0427768230438,8.29047679901123,,,0.622759158222915,0.5851301788148069,0.5070035220141252,0.5092722768702035,0.5779852288101249
main,deberta,8,16,marro_india,shared_lora,43,main__deberta__r8a16__marro_india__shared_lora__seed43,marro_india,/home/tahiti/TaxFacto/models/DeBERTa-v3-base,shared_lora,43,4.0,256,32,0.0002,26866,3546,2566,184727822,300295,0.1625607863227013,525.3490688800812,8.29047679901123,,,0.6134060795011691,0.5923376074130857,0.4997004530372778,0.510335249802931,0.5701693671137102
main,deberta,8,16,marro_india,shared_lora,44,main__deberta__r8a16__marro_india__shared_lora__seed44,marro_india,/home/tahiti/TaxFacto/models/DeBERTa-v3-base,shared_lora,44,4.0,256,32,0.0002,26866,3546,2566,184727822,300295,0.1625607863227013,534.4841561317444,8.29047679901123,,,0.6091192517537023,0.4845245683476005,0.4587499214864509,0.4462822725486964,0.5530482683947827
main,deberta,8,16,marro_india,shared_lora_widehead,42,main__deberta__r8a16__marro_india__shared_lora_widehead__seed42,marro_india,/home/tahiti/TaxFacto/models/DeBERTa-v3-base,shared_lora_widehead,42,4.0,256,32,0.0002,26866,3546,2566,184218039,386487,0.209798672322204,534.1264719963074,8.289220333099365,,,0.6375681995323461,0.7556005767837654,0.5314659671671229,0.5466185662092217,0.6001486969577015
main,deberta,8,16,marro_india,shared_lora_widehead,43,main__deberta__r8a16__marro_india__shared_lora_widehead__seed43,marro_india,/home/tahiti/TaxFacto/models/DeBERTa-v3-base,shared_lora_widehead,43,4.0,256,32,0.0002,26866,3546,2566,184218039,386487,0.209798672322204,532.4605503082275,8.289220333099365,,,0.617692907248636,0.7598503539723164,0.5096558812622118,0.528019882587705,0.5758393458171065
main,deberta,8,16,marro_india,shared_lora_widehead,44,main__deberta__r8a16__marro_india__shared_lora_widehead__seed44,marro_india,/home/tahiti/TaxFacto/models/DeBERTa-v3-base,shared_lora_widehead,44,4.0,256,32,0.0002,26866,3546,2566,184218039,386487,0.209798672322204,531.2668855190277,8.289220333099365,,,0.6188620420888542,0.7629543413249643,0.50946112089765,0.5251384938382843,0.5745658517527085
main,deberta,8,16,marro_uk,category_lora,42,main__deberta__r8a16__marro_uk__category_lora__seed42,marro_uk,/home/tahiti/TaxFacto/models/DeBERTa-v3-base,category_lora,42,4.0,256,32,0.0002,14084,3637,2176,184217863,386311,0.20970333370982597,250.9728124141693,8.289217472076416,,,0.6911764705882353,0.3916102645791679,0.3765045349018886,0.3373784995171018,0.6788623120617827
main,deberta,8,16,marro_uk,category_lora,43,main__deberta__r8a16__marro_uk__category_lora__seed43,marro_uk,/home/tahiti/TaxFacto/models/DeBERTa-v3-base,category_lora,43,4.0,256,32,0.0002,14084,3637,2176,184217863,386311,0.20970333370982597,251.57452178001404,8.289217472076416,,,0.6976102941176471,0.45898593981579205,0.42292064805762825,0.3842018861385469,0.6945177691847048
main,deberta,8,16,marro_uk,category_lora,44,main__deberta__r8a16__marro_uk__category_lora__seed44,marro_uk,/home/tahiti/TaxFacto/models/DeBERTa-v3-base,category_lora,44,4.0,256,32,0.0002,14084,3637,2176,184217863,386311,0.20970333370982597,250.30934500694275,8.289217472076416,,,0.7090992647058824,0.3916189837459338,0.4194705015442524,0.3804885687494383,0.7010735408449602
main,deberta,8,16,marro_uk,frozen,42,main__deberta__r8a16__marro_uk__frozen__seed42,marro_uk,/home/tahiti/TaxFacto/models/DeBERTa-v3-base,frozen,42,4.0,256,32,0.001,14084,3637,2176,184427527,595975,0.3231486154450252,144.94019532203674,2.033997058868408,,,0.7072610294117647,0.16718233223087592,0.14540697931400284,0.1238353359761472,0.5903744244510147
main,deberta,8,16,marro_uk,frozen,43,main__deberta__r8a16__marro_uk__frozen__seed43,marro_uk,/home/tahiti/TaxFacto/models/DeBERTa-v3-base,frozen,43,4.0,256,32,0.001,14084,3637,2176,184427527,595975,0.3231486154450252,144.0524091720581,2.033997058868408,,,0.7058823529411765,0.1634129164838717,0.14664184052333806,0.12698550002756648,0.5926948182524143
main,deberta,8,16,marro_uk,frozen,44,main__deberta__r8a16__marro_uk__frozen__seed44,marro_uk,/home/tahiti/TaxFacto/models/DeBERTa-v3-base,frozen,44,4.0,256,32,0.001,14084,3637,2176,184427527,595975,0.3231486154450252,137.84049916267395,2.033997058868408,,,0.7068014705882353,0.16851114866706646,0.14607091289486093,0.12548147575218502,0.5916943140107965
main,deberta,8,16,marro_uk,full_ft,42,main__deberta__r8a16__marro_uk__full_ft__seed42,marro_uk,/home/tahiti/TaxFacto/models/DeBERTa-v3-base,full_ft,42,4.0,256,32,2e-05,14084,3637,2176,184427527,184427527,100.0,340.0707447528839,10.532525539398193,,,0.6511948529411765,0.40592922232587275,0.5422833184364506,0.44891904124204324,0.6755711044655809
main,deberta,8,16,marro_uk,full_ft,43,main__deberta__r8a16__marro_uk__full_ft__seed43,marro_uk,/home/tahiti/TaxFacto/models/DeBERTa-v3-base,full_ft,43,4.0,256,32,2e-05,14084,3637,2176,184427527,184427527,100.0,339.1499710083008,10.532525539398193,,,0.6498161764705882,0.40811980267017856,0.49159415200931705,0.42440985442275636,0.6706207720804319
main,deberta,8,16,marro_uk,full_ft,44,main__deberta__r8a16__marro_uk__full_ft__seed44,marro_uk,/home/tahiti/TaxFacto/models/DeBERTa-v3-base,full_ft,44,4.0,256,32,2e-05,14084,3637,2176,184427527,184427527,100.0,326.0864064693451,10.532525539398193,,,0.6631433823529411,0.4407098265803341,0.5131800979871188,0.45542191663770437,0.6837647859742916
main,deberta,8,16,marro_uk,role_adapter,42,main__deberta__r8a16__marro_uk__role_adapter__seed42,marro_uk,/home/tahiti/TaxFacto/models/DeBERTa-v3-base,role_adapter,42,4.0,256,32,0.0002,14084,3637,2176,184217863,386311,0.20970333370982597,251.77502632141113,8.289217472076416,,,0.6888786764705882,0.3942870475363439,0.378679519610313,0.33737989641163324,0.6784550552740755
main,deberta,8,16,marro_uk,role_adapter,43,main__deberta__r8a16__marro_uk__role_adapter__seed43,marro_uk,/home/tahiti/TaxFacto/models/DeBERTa-v3-base,role_adapter,43,4.0,256,32,0.0002,14084,3637,2176,184217863,386311,0.20970333370982597,253.2230932712555,8.289217472076416,,,0.6953125,0.43544009801556804,0.4208556336657621,0.3812539694043501,0.6930185741705093
main,deberta,8,16,marro_uk,role_adapter,44,main__deberta__r8a16__marro_uk__role_adapter__seed44,marro_uk,/home/tahiti/TaxFacto/models/DeBERTa-v3-base,role_adapter,44,4.0,256,32,0.0002,14084,3637,2176,184217863,386311,0.20970333370982597,236.85597348213196,8.289217472076416,,,0.6925551470588235,0.45122053838463405,0.40606591968160854,0.3729885992286524,0.6891022088245975
main,deberta,8,16,marro_uk,shared_lora,42,main__deberta__r8a16__marro_uk__shared_lora__seed42,marro_uk,/home/tahiti/TaxFacto/models/DeBERTa-v3-base,shared_lora,42,4.0,256,32,0.0002,14084,3637,2176,184727822,300295,0.1625607863227013,257.09695076942444,8.29047679901123,,,0.6654411764705882,0.316766818736253,0.3726457642575482,0.3075667947662275,0.6488735115991994
main,deberta,8,16,marro_uk,shared_lora,43,main__deberta__r8a16__marro_uk__shared_lora__seed43,marro_uk,/home/tahiti/TaxFacto/models/DeBERTa-v3-base,shared_lora,43,4.0,256,32,0.0002,14084,3637,2176,184727822,300295,0.1625607863227013,243.42455291748047,8.29047679901123,,,0.6700367647058824,0.2726965644037377,0.33329381804750036,0.2551925945780992,0.6509289728399514
main,deberta,8,16,marro_uk,shared_lora,44,main__deberta__r8a16__marro_uk__shared_lora__seed44,marro_uk,/home/tahiti/TaxFacto/models/DeBERTa-v3-base,shared_lora,44,4.0,256,32,0.0002,14084,3637,2176,184727822,300295,0.1625607863227013,248.03320002555847,8.29047679901123,,,0.6861213235294118,0.3056507471302189,0.3397998233615702,0.27537564290136834,0.6691658996789355
main,deberta,8,16,marro_uk,shared_lora_widehead,42,main__deberta__r8a16__marro_uk__shared_lora_widehead__seed42,marro_uk,/home/tahiti/TaxFacto/models/DeBERTa-v3-base,shared_lora_widehead,42,4.0,256,32,0.0002,14084,3637,2176,184218039,386487,0.209798672322204,250.61944913864136,8.289220333099365,,,0.6842830882352942,0.42425333027009315,0.4185581120000661,0.38202047711661435,0.6828315896441038
main,deberta,8,16,marro_uk,shared_lora_widehead,43,main__deberta__r8a16__marro_uk__shared_lora_widehead__seed43,marro_uk,/home/tahiti/TaxFacto/models/DeBERTa-v3-base,shared_lora_widehead,43,4.0,256,32,0.0002,14084,3637,2176,184218039,386487,0.209798672322204,253.7275149822235,8.289220333099365,,,0.6920955882352942,0.41577167573261103,0.4452424824460393,0.3974865757354541,0.6892573418327368
main,deberta,8,16,marro_uk,shared_lora_widehead,44,main__deberta__r8a16__marro_uk__shared_lora_widehead__seed44,marro_uk,/home/tahiti/TaxFacto/models/DeBERTa-v3-base,shared_lora_widehead,44,4.0,256,32,0.0002,14084,3637,2176,184218039,386487,0.209798672322204,253.5038914680481,8.289220333099365,,,0.7026654411764706,0.4531339145897861,0.40131858122168784,0.36977274394943216,0.6888568952213489
main,inlegalbert,8,16,iltur_cl,category_lora,42,main__inlegalbert__r8a16__iltur_cl__category_lora__seed42,iltur_cl,/home/tahiti/TaxFacto/models/InLegalBERT,category_lora,42,4.0,256,32,0.0002,9761,1321,1245,109868551,386311,0.3516119913149669,117.4817886352539,3.0377917289733887,,,0.6168674698795181,0.5399761685504029,0.5868869290068351,0.5447786569646303,0.6127280573508295
main,inlegalbert,8,16,iltur_cl,category_lora,43,main__inlegalbert__r8a16__iltur_cl__category_lora__seed43,iltur_cl,/home/tahiti/TaxFacto/models/InLegalBERT,category_lora,43,4.0,256,32,0.0002,9761,1321,1245,109868551,386311,0.3516119913149669,118.2318766117096,3.0377917289733887,,,0.6216867469879518,0.541167792640633,0.5809181724462027,0.5444146130250365,0.6158921977986517
main,inlegalbert,8,16,iltur_cl,category_lora,44,main__inlegalbert__r8a16__iltur_cl__category_lora__seed44,iltur_cl,/home/tahiti/TaxFacto/models/InLegalBERT,category_lora,44,4.0,256,32,0.0002,9761,1321,1245,109868551,386311,0.3516119913149669,120.22786331176758,3.0377917289733887,,,0.6353413654618474,0.5700444971481987,0.5994650491761429,0.5686248212699396,0.6294194629578577
main,inlegalbert,8,16,iltur_cl,frozen,42,main__inlegalbert__r8a16__iltur_cl__frozen__seed42,iltur_cl,/home/tahiti/TaxFacto/models/InLegalBERT,frozen,42,4.0,256,32,0.001,9761,1321,1245,109487623,5383,0.004916537461042514,64.21293330192566,0.7915115356445312,,,0.42971887550200805,0.4148566869357008,0.28762646615124204,0.2788962515584192,0.3878299032788841
main,inlegalbert,8,16,iltur_cl,frozen,43,main__inlegalbert__r8a16__iltur_cl__frozen__seed43,iltur_cl,/home/tahiti/TaxFacto/models/InLegalBERT,frozen,43,4.0,256,32,0.001,9761,1321,1245,109487623,5383,0.004916537461042514,53.34116077423096,0.7915115356445312,,,0.43855421686746987,0.39712377306112956,0.30515227598502326,0.29764171569889014,0.40570467505703217
main,inlegalbert,8,16,iltur_cl,frozen,44,main__inlegalbert__r8a16__iltur_cl__frozen__seed44,iltur_cl,/home/tahiti/TaxFacto/models/InLegalBERT,frozen,44,4.0,256,32,0.001,9761,1321,1245,109487623,5383,0.004916537461042514,63.82208442687988,0.7915115356445312,,,0.4321285140562249,0.42946852753957415,0.27967220868001763,0.2683970799224719,0.37494190243856296
main,inlegalbert,8,16,iltur_cl,full_ft,42,main__inlegalbert__r8a16__iltur_cl__full_ft__seed42,iltur_cl,/home/tahiti/TaxFacto/models/InLegalBERT,full_ft,42,4.0,256,32,2e-05,9761,1321,1245,109487623,109487623,100.0,156.17683672904968,4.546538829803467,,,0.6152610441767068,0.5450951135786022,0.5969527463258156,0.55647055926559,0.613521448670238
main,inlegalbert,8,16,iltur_cl,full_ft,43,main__inlegalbert__r8a16__iltur_cl__full_ft__seed43,iltur_cl,/home/tahiti/TaxFacto/models/InLegalBERT,full_ft,43,4.0,256,32,2e-05,9761,1321,1245,109487623,109487623,100.0,162.7187569141388,4.546538829803467,,,0.6032128514056225,0.5092894207950887,0.5831834859394663,0.5251642876041,0.593730948489493
main,inlegalbert,8,16,iltur_cl,full_ft,44,main__inlegalbert__r8a16__iltur_cl__full_ft__seed44,iltur_cl,/home/tahiti/TaxFacto/models/InLegalBERT,full_ft,44,4.0,256,32,2e-05,9761,1321,1245,109487623,109487623,100.0,164.7328691482544,4.546538829803467,,,0.6104417670682731,0.5336156337284879,0.5789829221848871,0.5387989117161294,0.6040094055726558
main,inlegalbert,8,16,iltur_cl,role_adapter,42,main__inlegalbert__r8a16__iltur_cl__role_adapter__seed42,iltur_cl,/home/tahiti/TaxFacto/models/InLegalBERT,role_adapter,42,4.0,256,32,0.0002,9761,1321,1245,109868551,386311,0.3516119913149669,116.92670702934265,3.0377917289733887,,,0.6200803212851406,0.5461117148722253,0.586377645543238,0.5494689459383977,0.6154802606412959
main,inlegalbert,8,16,iltur_cl,role_adapter,43,main__inlegalbert__r8a16__iltur_cl__role_adapter__seed43,iltur_cl,/home/tahiti/TaxFacto/models/InLegalBERT,role_adapter,43,4.0,256,32,0.0002,9761,1321,1245,109868551,386311,0.3516119913149669,116.2245044708252,3.0377917289733887,,,0.6265060240963856,0.5325405849679539,0.5759944291842078,0.5388251018000253,0.6206012626647003
main,inlegalbert,8,16,iltur_cl,role_adapter,44,main__inlegalbert__r8a16__iltur_cl__role_adapter__seed44,iltur_cl,/home/tahiti/TaxFacto/models/InLegalBERT,role_adapter,44,4.0,256,32,0.0002,9761,1321,1245,109868551,386311,0.3516119913149669,109.96424984931946,3.0377917289733887,,,0.636144578313253,0.5646540742160366,0.5960901788581827,0.5612891464938723,0.6310360724012075
main,inlegalbert,8,16,iltur_cl,shared_lora,42,main__inlegalbert__r8a16__iltur_cl__shared_lora__seed42,iltur_cl,/home/tahiti/TaxFacto/models/InLegalBERT,shared_lora,42,4.0,256,32,0.0002,9761,1321,1245,109787918,300295,0.27352281149916696,115.22421193122864,3.036850929260254,,,0.6409638554216868,0.529243938852967,0.5073248433165266,0.5104021115773704,0.6318453746186454
main,inlegalbert,8,16,iltur_cl,shared_lora,43,main__inlegalbert__r8a16__iltur_cl__shared_lora__seed43,iltur_cl,/home/tahiti/TaxFacto/models/InLegalBERT,shared_lora,43,4.0,256,32,0.0002,9761,1321,1245,109787918,300295,0.27352281149916696,115.21693778038025,3.036850929260254,,,0.623293172690763,0.536074161915467,0.5678344771211596,0.5400703833152396,0.6141818063902973
main,inlegalbert,8,16,iltur_cl,shared_lora,44,main__inlegalbert__r8a16__iltur_cl__shared_lora__seed44,iltur_cl,/home/tahiti/TaxFacto/models/InLegalBERT,shared_lora,44,4.0,256,32,0.0002,9761,1321,1245,109787918,300295,0.27352281149916696,116.13632726669312,3.036850929260254,,,0.655421686746988,0.5562159419045225,0.5797665801607673,0.5528771795319081,0.6466158987268571
main,inlegalbert,8,16,iltur_cl,shared_lora_widehead,42,main__inlegalbert__r8a16__iltur_cl__shared_lora_widehead__seed42,iltur_cl,/home/tahiti/TaxFacto/models/InLegalBERT,shared_lora_widehead,42,4.0,256,32,0.0002,9761,1321,1245,109868727,386487,0.35177161923428857,119.61779284477234,3.037794589996338,,,0.636144578313253,0.53128523348929,0.579423531647104,0.5400528040321829,0.6279431236443676
main,inlegalbert,8,16,iltur_cl,shared_lora_widehead,43,main__inlegalbert__r8a16__iltur_cl__shared_lora_widehead__seed43,iltur_cl,/home/tahiti/TaxFacto/models/InLegalBERT,shared_lora_widehead,43,4.0,256,32,0.0002,9761,1321,1245,109868727,386487,0.35177161923428857,119.8953001499176,3.037794589996338,,,0.6273092369477912,0.5362581938145456,0.5862384605734406,0.5437264732835304,0.6175696970729292
main,inlegalbert,8,16,iltur_cl,shared_lora_widehead,44,main__inlegalbert__r8a16__iltur_cl__shared_lora_widehead__seed44,iltur_cl,/home/tahiti/TaxFacto/models/InLegalBERT,shared_lora_widehead,44,4.0,256,32,0.0002,9761,1321,1245,109868727,386487,0.35177161923428857,118.73431253433228,3.037794589996338,,,0.6281124497991968,0.5311509312683416,0.571887630414447,0.5349209993921413,0.6182596215273383
main,inlegalbert,8,16,iltur_it,category_lora,42,main__inlegalbert__r8a16__iltur_it__category_lora__seed42,iltur_it,/home/tahiti/TaxFacto/models/InLegalBERT,category_lora,42,4.0,256,32,0.0002,5786,699,762,109868551,386311,0.3516119913149669,80.53344821929932,3.0377917289733887,,,0.6443569553805775,0.6867375162783356,0.6518284788303932,0.6407294251356028,0.6399629812388108
main,inlegalbert,8,16,iltur_it,category_lora,43,main__inlegalbert__r8a16__iltur_it__category_lora__seed43,iltur_it,/home/tahiti/TaxFacto/models/InLegalBERT,category_lora,43,4.0,256,32,0.0002,5786,699,762,109868551,386311,0.3516119913149669,80.19148111343384,3.0377917289733887,,,0.6548556430446194,0.6683997576538466,0.6649323332103343,0.6467263545871138,0.6491405689337628
main,inlegalbert,8,16,iltur_it,category_lora,44,main__inlegalbert__r8a16__iltur_it__category_lora__seed44,iltur_it,/home/tahiti/TaxFacto/models/InLegalBERT,category_lora,44,4.0,256,32,0.0002,5786,699,762,109868551,386311,0.3516119913149669,79.43216252326965,3.0377917289733887,,,0.6469816272965879,0.6823112814064987,0.6617987324417827,0.6448012272321959,0.6379895854810333
main,inlegalbert,8,16,iltur_it,frozen,42,main__inlegalbert__r8a16__iltur_it__frozen__seed42,iltur_it,/home/tahiti/TaxFacto/models/InLegalBERT,frozen,42,4.0,256,32,0.001,5786,699,762,109487623,5383,0.004916537461042514,42.27428150177002,0.7916431427001953,,,0.4225721784776903,0.3488969993861035,0.3450086504904845,0.3228222868046336,0.37792065760780635
main,inlegalbert,8,16,iltur_it,frozen,43,main__inlegalbert__r8a16__iltur_it__frozen__seed43,iltur_it,/home/tahiti/TaxFacto/models/InLegalBERT,frozen,43,4.0,256,32,0.001,5786,699,762,109487623,5383,0.004916537461042514,35.97243523597717,0.7916431427001953,,,0.41732283464566927,0.32689003666209693,0.34654400817118836,0.3228027708056575,0.37765767390880134
main,inlegalbert,8,16,iltur_it,frozen,44,main__inlegalbert__r8a16__iltur_it__frozen__seed44,iltur_it,/home/tahiti/TaxFacto/models/InLegalBERT,frozen,44,4.0,256,32,0.001,5786,699,762,109487623,5383,0.004916537461042514,35.79309415817261,0.7916431427001953,,,0.3963254593175853,0.3216300477090039,0.3205005954645884,0.30242508735037615,0.3563757792356186
main,inlegalbert,8,16,iltur_it,full_ft,42,main__inlegalbert__r8a16__iltur_it__full_ft__seed42,iltur_it,/home/tahiti/TaxFacto/models/InLegalBERT,full_ft,42,4.0,256,32,2e-05,5786,699,762,109487623,109487623,100.0,109.68451261520386,4.546538829803467,,,0.6692913385826772,0.6978729617996644,0.6766937090724879,0.66390810156674,0.6661777929069014
main,inlegalbert,8,16,iltur_it,full_ft,43,main__inlegalbert__r8a16__iltur_it__full_ft__seed43,iltur_it,/home/tahiti/TaxFacto/models/InLegalBERT,full_ft,43,4.0,256,32,2e-05,5786,699,762,109487623,109487623,100.0,108.731449842453,4.546538829803467,,,0.6548556430446194,0.7069180003959158,0.6593060661692018,0.6505087006478442,0.6512228332673335
main,inlegalbert,8,16,iltur_it,full_ft,44,main__inlegalbert__r8a16__iltur_it__full_ft__seed44,iltur_it,/home/tahiti/TaxFacto/models/InLegalBERT,full_ft,44,4.0,256,32,2e-05,5786,699,762,109487623,109487623,100.0,109.92425322532654,4.546538829803467,,,0.6535433070866141,0.6773882899311019,0.643498734411769,0.6352388511544619,0.6455552779680769
main,inlegalbert,8,16,iltur_it,role_adapter,42,main__inlegalbert__r8a16__iltur_it__role_adapter__seed42,iltur_it,/home/tahiti/TaxFacto/models/InLegalBERT,role_adapter,42,4.0,256,32,0.0002,5786,699,762,109868551,386311,0.3516119913149669,78.95282697677612,3.0377917289733887,,,0.6443569553805775,0.6860767058159726,0.6523006253187636,0.6420511007522757,0.6389378657908267
main,inlegalbert,8,16,iltur_it,role_adapter,43,main__inlegalbert__r8a16__iltur_it__role_adapter__seed43,iltur_it,/home/tahiti/TaxFacto/models/InLegalBERT,role_adapter,43,4.0,256,32,0.0002,5786,699,762,109868551,386311,0.3516119913149669,80.17469072341919,3.0377917289733887,,,0.6561679790026247,0.6746836467857211,0.6740152199260498,0.6544639581858511,0.6516484785930322
main,inlegalbert,8,16,iltur_it,role_adapter,44,main__inlegalbert__r8a16__iltur_it__role_adapter__seed44,iltur_it,/home/tahiti/TaxFacto/models/InLegalBERT,role_adapter,44,4.0,256,32,0.0002,5786,699,762,109868551,386311,0.3516119913149669,80.03849196434021,3.0377917289733887,,,0.6456692913385826,0.6740479948257416,0.6637092486150733,0.6515582441700376,0.6405879391522853
main,inlegalbert,8,16,iltur_it,shared_lora,42,main__inlegalbert__r8a16__iltur_it__shared_lora__seed42,iltur_it,/home/tahiti/TaxFacto/models/InLegalBERT,shared_lora,42,4.0,256,32,0.0002,5786,699,762,109787918,300295,0.27352281149916696,73.18985295295715,3.036850929260254,,,0.6299212598425197,0.6996847119940569,0.6048267149474079,0.612515252073564,0.6187351899047827
main,inlegalbert,8,16,iltur_it,shared_lora,43,main__inlegalbert__r8a16__iltur_it__shared_lora__seed43,iltur_it,/home/tahiti/TaxFacto/models/InLegalBERT,shared_lora,43,4.0,256,32,0.0002,5786,699,762,109787918,300295,0.27352281149916696,78.74459671974182,3.036850929260254,,,0.6286089238845144,0.7003994979680883,0.6075923389668981,0.6043665445838221,0.6119055731876509
main,inlegalbert,8,16,iltur_it,shared_lora,44,main__inlegalbert__r8a16__iltur_it__shared_lora__seed44,iltur_it,/home/tahiti/TaxFacto/models/InLegalBERT,shared_lora,44,4.0,256,32,0.0002,5786,699,762,109787918,300295,0.27352281149916696,80.01186013221741,3.036850929260254,,,0.6128608923884514,0.6685522039442094,0.6162102693213658,0.5887838186494916,0.5922276723331001
main,inlegalbert,8,16,iltur_it,shared_lora_widehead,42,main__inlegalbert__r8a16__iltur_it__shared_lora_widehead__seed42,iltur_it,/home/tahiti/TaxFacto/models/InLegalBERT,shared_lora_widehead,42,4.0,256,32,0.0002,5786,699,762,109868727,386487,0.35177161923428857,80.78415560722351,3.037794589996338,,,0.6627296587926509,0.7051506700528176,0.6667162384721113,0.6588166390130985,0.657345647303899
main,inlegalbert,8,16,iltur_it,shared_lora_widehead,43,main__inlegalbert__r8a16__iltur_it__shared_lora_widehead__seed43,iltur_it,/home/tahiti/TaxFacto/models/InLegalBERT,shared_lora_widehead,43,4.0,256,32,0.0002,5786,699,762,109868727,386487,0.35177161923428857,81.06909942626953,3.037794589996338,,,0.6509186351706037,0.6850923088539194,0.65896462133637,0.6474185752319098,0.6449573330482172
main,inlegalbert,8,16,iltur_it,shared_lora_widehead,44,main__inlegalbert__r8a16__iltur_it__shared_lora_widehead__seed44,iltur_it,/home/tahiti/TaxFacto/models/InLegalBERT,shared_lora_widehead,44,4.0,256,32,0.0002,5786,699,762,109868727,386487,0.35177161923428857,80.7847900390625,3.037794589996338,,,0.6509186351706037,0.6912685777530152,0.6625445877654575,0.6489450854268242,0.645700293310373
main,inlegalbert,8,16,legaleval,category_lora,42,main__inlegalbert__r8a16__legaleval__category_lora__seed42,legaleval,/home/tahiti/TaxFacto/models/InLegalBERT,category_lora,42,4.0,256,32,0.0002,11646,1124,1859,109868551,386311,0.3516119913149669,148.47792720794678,3.0377917289733887,,,0.8230231307154384,0.7849573113407085,0.7568879020493252,0.7683991597993184,0.8210920814969382
main,inlegalbert,8,16,legaleval,category_lora,43,main__inlegalbert__r8a16__legaleval__category_lora__seed43,legaleval,/home/tahiti/TaxFacto/models/InLegalBERT,category_lora,43,4.0,256,32,0.0002,11646,1124,1859,109868551,386311,0.3516119913149669,156.3979413509369,3.0377917289733887,,,0.8128025820333513,0.7736870523161331,0.7433919410930799,0.7560945542161449,0.8109900356379198
main,inlegalbert,8,16,legaleval,category_lora,44,main__inlegalbert__r8a16__legaleval__category_lora__seed44,legaleval,/home/tahiti/TaxFacto/models/InLegalBERT,category_lora,44,4.0,256,32,0.0002,11646,1124,1859,109868551,386311,0.3516119913149669,156.92695450782776,3.0377917289733887,,,0.8230231307154384,0.7770061266963376,0.7541500553457495,0.7630279669184349,0.8214400126245094
main,inlegalbert,8,16,legaleval,frozen,42,main__inlegalbert__r8a16__legaleval__frozen__seed42,legaleval,/home/tahiti/TaxFacto/models/InLegalBERT,frozen,42,4.0,256,32,0.001,11646,1124,1859,109487623,5383,0.004916537461042514,69.62970399856567,0.7916774749755859,,,0.6062399139322217,0.6238296844712286,0.31407558302665395,0.34614380399403594,0.538111046502539
main,inlegalbert,8,16,legaleval,frozen,43,main__inlegalbert__r8a16__legaleval__frozen__seed43,legaleval,/home/tahiti/TaxFacto/models/InLegalBERT,frozen,43,4.0,256,32,0.001,11646,1124,1859,109487623,5383,0.004916537461042514,72.2033543586731,0.7916774749755859,,,0.598708983324368,0.6329503905499776,0.2952664272668,0.32487031983793874,0.5247982325852258
main,inlegalbert,8,16,legaleval,frozen,44,main__inlegalbert__r8a16__legaleval__frozen__seed44,legaleval,/home/tahiti/TaxFacto/models/InLegalBERT,frozen,44,4.0,256,32,0.001,11646,1124,1859,109487623,5383,0.004916537461042514,72.54819226264954,0.7916245460510254,,,0.6013986013986014,0.6041769414809001,0.3030769640183474,0.33870168198680073,0.5311092071243465
main,inlegalbert,8,16,legaleval,full_ft,42,main__inlegalbert__r8a16__legaleval__full_ft__seed42,legaleval,/home/tahiti/TaxFacto/models/InLegalBERT,full_ft,42,4.0,256,32,2e-05,11646,1124,1859,109487623,109487623,100.0,214.87845087051392,4.546538829803467,,,0.8171059709521248,0.7670280714444528,0.7519399521027117,0.7580827394203123,0.8154458246004226
main,inlegalbert,8,16,legaleval,full_ft,43,main__inlegalbert__r8a16__legaleval__full_ft__seed43,legaleval,/home/tahiti/TaxFacto/models/InLegalBERT,full_ft,43,4.0,256,32,2e-05,11646,1124,1859,109487623,109487623,100.0,220.18312621116638,4.546538829803467,,,0.8171059709521248,0.7685362920793379,0.7636383142446189,0.7651932866395449,0.8169688180092829
main,inlegalbert,8,16,legaleval,full_ft,44,main__inlegalbert__r8a16__legaleval__full_ft__seed44,legaleval,/home/tahiti/TaxFacto/models/InLegalBERT,full_ft,44,4.0,256,32,2e-05,11646,1124,1859,109487623,109487623,100.0,220.6968867778778,4.546538829803467,,,0.814954276492738,0.7727175066301017,0.7531609225951126,0.760585030474987,0.8145992434746628
main,inlegalbert,8,16,legaleval,role_adapter,42,main__inlegalbert__r8a16__legaleval__role_adapter__seed42,legaleval,/home/tahiti/TaxFacto/models/InLegalBERT,role_adapter,42,4.0,256,32,0.0002,11646,1124,1859,109868551,386311,0.3516119913149669,148.59342527389526,3.0377917289733887,,,0.8214093598708984,0.7850495001931528,0.7504104078436543,0.7655167742955555,0.8196798776153209
main,inlegalbert,8,16,legaleval,role_adapter,43,main__inlegalbert__r8a16__legaleval__role_adapter__seed43,legaleval,/home/tahiti/TaxFacto/models/InLegalBERT,role_adapter,43,4.0,256,32,0.0002,11646,1124,1859,109868551,386311,0.3516119913149669,156.77741146087646,3.0377917289733887,,,0.814954276492738,0.7711406698924941,0.7478940667899563,0.7571847990377812,0.8126834784862614
main,inlegalbert,8,16,legaleval,role_adapter,44,main__inlegalbert__r8a16__legaleval__role_adapter__seed44,legaleval,/home/tahiti/TaxFacto/models/InLegalBERT,role_adapter,44,4.0,256,32,0.0002,11646,1124,1859,109868551,386311,0.3516119913149669,154.63318705558777,3.0377917289733887,,,0.8262506724045185,0.7827612986460225,0.7617043514302877,0.7705856946436068,0.8244814085272661
main,inlegalbert,8,16,legaleval,shared_lora,42,main__inlegalbert__r8a16__legaleval__shared_lora__seed42,legaleval,/home/tahiti/TaxFacto/models/InLegalBERT,shared_lora,42,4.0,256,32,0.0002,11646,1124,1859,109787918,300295,0.27352281149916696,150.94037079811096,3.036850929260254,,,0.8106508875739645,0.7742457914379868,0.7247705762341997,0.7432903167965816,0.807022306000395
main,inlegalbert,8,16,legaleval,shared_lora,43,main__inlegalbert__r8a16__legaleval__shared_lora__seed43,legaleval,/home/tahiti/TaxFacto/models/InLegalBERT,shared_lora,43,4.0,256,32,0.0002,11646,1124,1859,109787918,300295,0.27352281149916696,154.78998136520386,3.036850929260254,,,0.807961269499731,0.7655791933901541,0.7359819599386502,0.7479472242676264,0.8064082686509916
main,inlegalbert,8,16,legaleval,shared_lora,44,main__inlegalbert__r8a16__legaleval__shared_lora__seed44,legaleval,/home/tahiti/TaxFacto/models/InLegalBERT,shared_lora,44,4.0,256,32,0.0002,11646,1124,1859,109787918,300295,0.27352281149916696,155.55408263206482,3.036850929260254,,,0.8015061861215708,0.7466795609485622,0.7222401325281539,0.7317211517771779,0.7997336535346659
main,inlegalbert,8,16,legaleval,shared_lora_widehead,42,main__inlegalbert__r8a16__legaleval__shared_lora_widehead__seed42,legaleval,/home/tahiti/TaxFacto/models/InLegalBERT,shared_lora_widehead,42,4.0,256,32,0.0002,11646,1124,1859,109868727,386487,0.35177161923428857,152.38382124900818,3.037794589996338,,,0.8090371167294245,0.748685672574163,0.7516326779568362,0.7490645750869513,0.8088718445801927
main,inlegalbert,8,16,legaleval,shared_lora_widehead,43,main__inlegalbert__r8a16__legaleval__shared_lora_widehead__seed43,legaleval,/home/tahiti/TaxFacto/models/InLegalBERT,shared_lora_widehead,43,4.0,256,32,0.0002,11646,1124,1859,109868727,386487,0.35177161923428857,156.59335064888,3.037794589996338,,,0.8176438945669715,0.770902023435499,0.7445042774713678,0.7547815051734582,0.815326946481413
main,inlegalbert,8,16,legaleval,shared_lora_widehead,44,main__inlegalbert__r8a16__legaleval__shared_lora_widehead__seed44,legaleval,/home/tahiti/TaxFacto/models/InLegalBERT,shared_lora_widehead,44,4.0,256,32,0.0002,11646,1124,1859,109868727,386487,0.35177161923428857,156.47886443138123,3.037794589996338,,,0.807961269499731,0.7623166722284445,0.7385068217210071,0.7482963787654494,0.8063884564002531
main,inlegalbert,8,16,marro_india,category_lora,42,main__inlegalbert__r8a16__marro_india__category_lora__seed42,marro_india,/home/tahiti/TaxFacto/models/InLegalBERT,category_lora,42,4.0,256,32,0.0002,26866,3546,2566,109868551,386311,0.3516119913149669,331.5511848926544,3.0377917289733887,,,0.647310989867498,0.7530213159011997,0.5380778083005999,0.5675792111137357,0.6144637012993633
main,inlegalbert,8,16,marro_india,category_lora,43,main__inlegalbert__r8a16__marro_india__category_lora__seed43,marro_india,/home/tahiti/TaxFacto/models/InLegalBERT,category_lora,43,4.0,256,32,0.0002,26866,3546,2566,109868551,386311,0.3516119913149669,339.82383251190186,3.0377917289733887,,,0.6352299298519096,0.7475011340811043,0.5289640849032466,0.5549741472937806,0.5983101830962644
main,inlegalbert,8,16,marro_india,category_lora,44,main__inlegalbert__r8a16__marro_india__category_lora__seed44,marro_india,/home/tahiti/TaxFacto/models/InLegalBERT,category_lora,44,4.0,256,32,0.0002,26866,3546,2566,109868551,386311,0.3516119913149669,339.31188559532166,3.0377917289733887,,,0.6360093530787218,0.7708776099729796,0.5246189250711872,0.5572168895044164,0.6015064372335562
main,inlegalbert,8,16,marro_india,frozen,42,main__inlegalbert__r8a16__marro_india__frozen__seed42,marro_india,/home/tahiti/TaxFacto/models/InLegalBERT,frozen,42,4.0,256,32,0.001,26866,3546,2566,109487623,5383,0.004916537461042514,145.43622016906738,0.7916293144226074,,,0.4392049883086516,0.5012855387150094,0.22350841827908477,0.20012458605885258,0.33862955836675224
main,inlegalbert,8,16,marro_india,frozen,43,main__inlegalbert__r8a16__marro_india__frozen__seed43,marro_india,/home/tahiti/TaxFacto/models/InLegalBERT,frozen,43,4.0,256,32,0.001,26866,3546,2566,109487623,5383,0.004916537461042514,154.46829915046692,0.7916293144226074,,,0.4505066250974279,0.4510774923378766,0.23133915357533155,0.20827029283646165,0.34933563638899395
main,inlegalbert,8,16,marro_india,frozen,44,main__inlegalbert__r8a16__marro_india__frozen__seed44,marro_india,/home/tahiti/TaxFacto/models/InLegalBERT,frozen,44,4.0,256,32,0.001,26866,3546,2566,109487623,5383,0.004916537461042514,154.02983021736145,0.7916293144226074,,,0.4279033515198753,0.2811401667821364,0.2063989458637169,0.17651262207383203,0.3193635146184569
main,inlegalbert,8,16,marro_india,full_ft,42,main__inlegalbert__r8a16__marro_india__full_ft__seed42,marro_india,/home/tahiti/TaxFacto/models/InLegalBERT,full_ft,42,4.0,256,32,2e-05,26866,3546,2566,109487623,109487623,100.0,468.85112500190735,4.546538829803467,,,0.6457521434138738,0.7411543696561935,0.5629380061074023,0.5997150122355324,0.6228451244670347
main,inlegalbert,8,16,marro_india,full_ft,43,main__inlegalbert__r8a16__marro_india__full_ft__seed43,marro_india,/home/tahiti/TaxFacto/models/InLegalBERT,full_ft,43,4.0,256,32,2e-05,26866,3546,2566,109487623,109487623,100.0,479.22300457954407,4.546538829803467,,,0.6500389711613406,0.7517659033450633,0.5563213249225977,0.5873386904288369,0.6230009182381581
main,inlegalbert,8,16,marro_india,full_ft,44,main__inlegalbert__r8a16__marro_india__full_ft__seed44,marro_india,/home/tahiti/TaxFacto/models/InLegalBERT,full_ft,44,4.0,256,32,2e-05,26866,3546,2566,109487623,109487623,100.0,478.9534492492676,4.546538829803467,,,0.6465315666406859,0.7477612398531293,0.5522023856634836,0.5809825561296832,0.6174612031520552
main,inlegalbert,8,16,marro_india,role_adapter,42,main__inlegalbert__r8a16__marro_india__role_adapter__seed42,marro_india,/home/tahiti/TaxFacto/models/InLegalBERT,role_adapter,42,4.0,256,32,0.0002,26866,3546,2566,109868551,386311,0.3516119913149669,334.12848353385925,3.0377917289733887,,,0.647310989867498,0.7554315004383632,0.5438095702685979,0.5749941997333404,0.6155112021902703
main,inlegalbert,8,16,marro_india,role_adapter,43,main__inlegalbert__r8a16__marro_india__role_adapter__seed43,marro_india,/home/tahiti/TaxFacto/models/InLegalBERT,role_adapter,43,4.0,256,32,0.0002,26866,3546,2566,109868551,386311,0.3516119913149669,334.4244945049286,3.0377917289733887,,,0.6391270459859704,0.7653217258896642,0.5326471691739832,0.5604921054136767,0.6029363529236724
main,inlegalbert,8,16,marro_india,role_adapter,44,main__inlegalbert__r8a16__marro_india__role_adapter__seed44,marro_india,/home/tahiti/TaxFacto/models/InLegalBERT,role_adapter,44,4.0,256,32,0.0002,26866,3546,2566,109868551,386311,0.3516119913149669,335.6048414707184,3.0377917289733887,,,0.6387373343725643,0.7631927194627731,0.5296780896216138,0.5621933151475867,0.6050516229148107
main,inlegalbert,8,16,marro_india,shared_lora,42,main__inlegalbert__r8a16__marro_india__shared_lora__seed42,marro_india,/home/tahiti/TaxFacto/models/InLegalBERT,shared_lora,42,4.0,256,32,0.0002,26866,3546,2566,109787918,300295,0.27352281149916696,327.35935974121094,3.036850929260254,,,0.6387373343725643,0.7496672432310091,0.533255743630825,0.5555128264540027,0.6007756627810827
main,inlegalbert,8,16,marro_india,shared_lora,43,main__inlegalbert__r8a16__marro_india__shared_lora__seed43,marro_india,/home/tahiti/TaxFacto/models/InLegalBERT,shared_lora,43,4.0,256,32,0.0002,26866,3546,2566,109787918,300295,0.27352281149916696,337.9435455799103,3.036850929260254,,,0.6340607950116913,0.7527876424386879,0.5315046112399057,0.5575716527940245,0.596999771671626
main,inlegalbert,8,16,marro_india,shared_lora,44,main__inlegalbert__r8a16__marro_india__shared_lora__seed44,marro_india,/home/tahiti/TaxFacto/models/InLegalBERT,shared_lora,44,4.0,256,32,0.0002,26866,3546,2566,109787918,300295,0.27352281149916696,337.74292278289795,3.036850929260254,,,0.6328916601714731,0.7606471470321602,0.5295282480109506,0.5607823107852201,0.5983225627735829
main,inlegalbert,8,16,marro_india,shared_lora_widehead,42,main__inlegalbert__r8a16__marro_india__shared_lora_widehead__seed42,marro_india,/home/tahiti/TaxFacto/models/InLegalBERT,shared_lora_widehead,42,4.0,256,32,0.0002,26866,3546,2566,109868727,386487,0.35177161923428857,333.1750590801239,3.037794589996338,,,0.6445830085736555,0.7644145358064343,0.5421964279149076,0.5707040158789887,0.6102213954112559
main,inlegalbert,8,16,marro_india,shared_lora_widehead,43,main__inlegalbert__r8a16__marro_india__shared_lora_widehead__seed43,marro_india,/home/tahiti/TaxFacto/models/InLegalBERT,shared_lora_widehead,43,4.0,256,32,0.0002,26866,3546,2566,109868727,386487,0.35177161923428857,339.63695526123047,3.037794589996338,,,0.6531566640685893,0.7538370086573049,0.551742665935552,0.5777222206385743,0.6194442639276062
main,inlegalbert,8,16,marro_india,shared_lora_widehead,44,main__inlegalbert__r8a16__marro_india__shared_lora_widehead__seed44,marro_india,/home/tahiti/TaxFacto/models/InLegalBERT,shared_lora_widehead,44,4.0,256,32,0.0002,26866,3546,2566,109868727,386487,0.35177161923428857,339.48744082450867,3.037794589996338,,,0.6332813717848792,0.7615217308200366,0.5196411847832941,0.5492159544288148,0.5965864553677005
main,inlegalbert,8,16,marro_uk,category_lora,42,main__inlegalbert__r8a16__marro_uk__category_lora__seed42,marro_uk,/home/tahiti/TaxFacto/models/InLegalBERT,category_lora,42,4.0,256,32,0.0002,14084,3637,2176,109868551,386311,0.3516119913149669,158.27948904037476,3.0377917289733887,,,0.7008272058823529,0.4815103251211435,0.5096711319294892,0.48199614533643154,0.7051051599600534
main,inlegalbert,8,16,marro_uk,category_lora,43,main__inlegalbert__r8a16__marro_uk__category_lora__seed43,marro_uk,/home/tahiti/TaxFacto/models/InLegalBERT,category_lora,43,4.0,256,32,0.0002,14084,3637,2176,109868551,386311,0.3516119913149669,165.1652455329895,3.0377917289733887,,,0.7095588235294118,0.4904276030553758,0.4934265060366681,0.47751720438628154,0.7105765395624786
main,inlegalbert,8,16,marro_uk,category_lora,44,main__inlegalbert__r8a16__marro_uk__category_lora__seed44,marro_uk,/home/tahiti/TaxFacto/models/InLegalBERT,category_lora,44,4.0,256,32,0.0002,14084,3637,2176,109868551,386311,0.3516119913149669,163.18294835090637,3.0377917289733887,,,0.6994485294117647,0.48808680183173914,0.525192597167729,0.4896736486706356,0.7050052279689383
main,inlegalbert,8,16,marro_uk,frozen,42,main__inlegalbert__r8a16__marro_uk__frozen__seed42,marro_uk,/home/tahiti/TaxFacto/models/InLegalBERT,frozen,42,4.0,256,32,0.001,14084,3637,2176,109487623,5383,0.004916537461042514,82.50839304924011,0.7915654182434082,,,0.7068014705882353,0.2472329384563427,0.16408393071450003,0.1589549620773943,0.6068650979369689
main,inlegalbert,8,16,marro_uk,frozen,43,main__inlegalbert__r8a16__marro_uk__frozen__seed43,marro_uk,/home/tahiti/TaxFacto/models/InLegalBERT,frozen,43,4.0,256,32,0.001,14084,3637,2176,109487623,5383,0.004916537461042514,81.25399088859558,0.7915654182434082,,,0.7086397058823529,0.2662174803205196,0.1597959819897806,0.15179344724340485,0.6046887200608986
main,inlegalbert,8,16,marro_uk,frozen,44,main__inlegalbert__r8a16__marro_uk__frozen__seed44,marro_uk,/home/tahiti/TaxFacto/models/InLegalBERT,frozen,44,4.0,256,32,0.001,14084,3637,2176,109487623,5383,0.004916537461042514,80.37165236473083,0.7915654182434082,,,0.703125,0.2403967769629392,0.18135290091509154,0.18409377125583218,0.6171075929936292
main,inlegalbert,8,16,marro_uk,full_ft,42,main__inlegalbert__r8a16__marro_uk__full_ft__seed42,marro_uk,/home/tahiti/TaxFacto/models/InLegalBERT,full_ft,42,4.0,256,32,2e-05,14084,3637,2176,109487623,109487623,100.0,210.48380827903748,4.546538829803467,,,0.6613051470588235,0.43251756847779654,0.5437798392525673,0.47127904717377567,0.6804557123605611
main,inlegalbert,8,16,marro_uk,full_ft,43,main__inlegalbert__r8a16__marro_uk__full_ft__seed43,marro_uk,/home/tahiti/TaxFacto/models/InLegalBERT,full_ft,43,4.0,256,32,2e-05,14084,3637,2176,109487623,109487623,100.0,228.55312490463257,4.546538829803467,,,0.6764705882352942,0.45353788155772856,0.5314954284418298,0.47475857403042665,0.6914659225550024
main,inlegalbert,8,16,marro_uk,full_ft,44,main__inlegalbert__r8a16__marro_uk__full_ft__seed44,marro_uk,/home/tahiti/TaxFacto/models/InLegalBERT,full_ft,44,4.0,256,32,2e-05,14084,3637,2176,109487623,109487623,100.0,228.2782039642334,4.546538829803467,,,0.6511948529411765,0.4293933314732034,0.5166439503980135,0.45603991051932413,0.6722789212121217
main,inlegalbert,8,16,marro_uk,role_adapter,42,main__inlegalbert__r8a16__marro_uk__role_adapter__seed42,marro_uk,/home/tahiti/TaxFacto/models/InLegalBERT,role_adapter,42,4.0,256,32,0.0002,14084,3637,2176,109868551,386311,0.3516119913149669,157.2999768257141,3.0377917289733887,,,0.6953125,0.4764628822163049,0.5314734069900469,0.49126712874947015,0.7025530533763777
main,inlegalbert,8,16,marro_uk,role_adapter,43,main__inlegalbert__r8a16__marro_uk__role_adapter__seed43,marro_uk,/home/tahiti/TaxFacto/models/InLegalBERT,role_adapter,43,4.0,256,32,0.0002,14084,3637,2176,109868551,386311,0.3516119913149669,157.8003876209259,3.0377917289733887,,,0.6980698529411765,0.47899147401434566,0.5137145560092856,0.4803730711831663,0.7041814071191974
main,inlegalbert,8,16,marro_uk,role_adapter,44,main__inlegalbert__r8a16__marro_uk__role_adapter__seed44,marro_uk,/home/tahiti/TaxFacto/models/InLegalBERT,role_adapter,44,4.0,256,32,0.0002,14084,3637,2176,109868551,386311,0.3516119913149669,157.80752563476562,3.0377917289733887,,,0.6925551470588235,0.49686033805849855,0.5304454685964536,0.4967001104065263,0.6997663510372091
main,inlegalbert,8,16,marro_uk,shared_lora,42,main__inlegalbert__r8a16__marro_uk__shared_lora__seed42,marro_uk,/home/tahiti/TaxFacto/models/InLegalBERT,shared_lora,42,4.0,256,32,0.0002,14084,3637,2176,109787918,300295,0.27352281149916696,155.76028275489807,3.036850929260254,,,0.7072610294117647,0.5498035881814063,0.45165520839005774,0.45248011754943424,0.7038650282349724
main,inlegalbert,8,16,marro_uk,shared_lora,43,main__inlegalbert__r8a16__marro_uk__shared_lora__seed43,marro_uk,/home/tahiti/TaxFacto/models/InLegalBERT,shared_lora,43,4.0,256,32,0.0002,14084,3637,2176,109787918,300295,0.27352281149916696,162.04031705856323,3.036850929260254,,,0.7081801470588235,0.5098997878695505,0.47174305986102166,0.4487488920221998,0.7015391565074107
main,inlegalbert,8,16,marro_uk,shared_lora,44,main__inlegalbert__r8a16__marro_uk__shared_lora__seed44,marro_uk,/home/tahiti/TaxFacto/models/InLegalBERT,shared_lora,44,4.0,256,32,0.0002,14084,3637,2176,109787918,300295,0.27352281149916696,162.9588587284088,3.036850929260254,,,0.7058823529411765,0.4940196879452708,0.46790602033821455,0.45446692245031517,0.7042037359281351
main,inlegalbert,8,16,marro_uk,shared_lora_widehead,42,main__inlegalbert__r8a16__marro_uk__shared_lora_widehead__seed42,marro_uk,/home/tahiti/TaxFacto/models/InLegalBERT,shared_lora_widehead,42,4.0,256,32,0.0002,14084,3637,2176,109868727,386487,0.35177161923428857,160.86282014846802,3.037794589996338,,,0.7104779411764706,0.4825932861150623,0.5067874363202759,0.48275964047746445,0.7140879057922288
main,inlegalbert,8,16,marro_uk,shared_lora_widehead,43,main__inlegalbert__r8a16__marro_uk__shared_lora_widehead__seed43,marro_uk,/home/tahiti/TaxFacto/models/InLegalBERT,shared_lora_widehead,43,4.0,256,32,0.0002,14084,3637,2176,109868727,386487,0.35177161923428857,165.59077286720276,3.037794589996338,,,0.6999080882352942,0.4984228473998295,0.5099998326744429,0.4850022191675104,0.705268947694033
main,inlegalbert,8,16,marro_uk,shared_lora_widehead,44,main__inlegalbert__r8a16__marro_uk__shared_lora_widehead__seed44,marro_uk,/home/tahiti/TaxFacto/models/InLegalBERT,shared_lora_widehead,44,4.0,256,32,0.0002,14084,3637,2176,109868727,386487,0.35177161923428857,165.4254183769226,3.037794589996338,,,0.7054227941176471,0.4753519547388498,0.5297344288972052,0.4892576175522808,0.7105442057516599
main,legalbert,8,16,iltur_cl,category_lora,42,main__legalbert__r8a16__iltur_cl__category_lora__seed42,iltur_cl,/home/tahiti/TaxFacto/models/LegalBERT,category_lora,42,4.0,256,32,0.0002,9761,1321,1245,109868551,386311,0.3516119913149669,115.91340231895447,3.0377917289733887,,,0.570281124497992,0.5081330426058297,0.5170735270357876,0.493928190870668,0.5606058660869659
main,legalbert,8,16,iltur_cl,category_lora,43,main__legalbert__r8a16__iltur_cl__category_lora__seed43,iltur_cl,/home/tahiti/TaxFacto/models/LegalBERT,category_lora,43,4.0,256,32,0.0002,9761,1321,1245,109868551,386311,0.3516119913149669,116.42105317115784,3.0377917289733887,,,0.576706827309237,0.5253139314277329,0.5268693294619681,0.506734495121831,0.5676094127332404
main,legalbert,8,16,iltur_cl,category_lora,44,main__legalbert__r8a16__iltur_cl__category_lora__seed44,iltur_cl,/home/tahiti/TaxFacto/models/LegalBERT,category_lora,44,4.0,256,32,0.0002,9761,1321,1245,109868551,386311,0.3516119913149669,119.14729976654053,3.0377917289733887,,,0.6,0.5365942187244453,0.5616279107141178,0.5281284689489262,0.5917077849714093
main,legalbert,8,16,iltur_cl,frozen,42,main__legalbert__r8a16__iltur_cl__frozen__seed42,iltur_cl,/home/tahiti/TaxFacto/models/LegalBERT,frozen,42,4.0,256,32,0.001,9761,1321,1245,109487623,5383,0.004916537461042514,61.64469575881958,0.7915115356445312,,,0.3550200803212851,0.20972748279940068,0.20186333317421085,0.14294927986267766,0.26251858937527556
main,legalbert,8,16,iltur_cl,frozen,43,main__legalbert__r8a16__iltur_cl__frozen__seed43,iltur_cl,/home/tahiti/TaxFacto/models/LegalBERT,frozen,43,4.0,256,32,0.001,9761,1321,1245,109487623,5383,0.004916537461042514,57.84700274467468,0.7915115356445312,,,0.36947791164658633,0.24739735682545214,0.19768913005758204,0.1416539623457864,0.26693116212995566
main,legalbert,8,16,iltur_cl,frozen,44,main__legalbert__r8a16__iltur_cl__frozen__seed44,iltur_cl,/home/tahiti/TaxFacto/models/LegalBERT,frozen,44,4.0,256,32,0.001,9761,1321,1245,109487623,5383,0.004916537461042514,60.6695761680603,0.7915115356445312,,,0.3092369477911647,0.1842734854175669,0.1926255242582625,0.14739150505444362,0.24712806184594843
main,legalbert,8,16,iltur_cl,full_ft,42,main__legalbert__r8a16__iltur_cl__full_ft__seed42,iltur_cl,/home/tahiti/TaxFacto/models/LegalBERT,full_ft,42,4.0,256,32,2e-05,9761,1321,1245,109487623,109487623,100.0,150.34107208251953,4.546538829803467,,,0.5911646586345382,0.527486607914612,0.57505418213512,0.5353474671190469,0.5867283184549514
main,legalbert,8,16,iltur_cl,full_ft,43,main__legalbert__r8a16__iltur_cl__full_ft__seed43,iltur_cl,/home/tahiti/TaxFacto/models/LegalBERT,full_ft,43,4.0,256,32,2e-05,9761,1321,1245,109487623,109487623,100.0,162.3682999610901,4.546538829803467,,,0.5839357429718876,0.494405273506449,0.526976643853475,0.4983549132105001,0.5768961725490279
main,legalbert,8,16,iltur_cl,full_ft,44,main__legalbert__r8a16__iltur_cl__full_ft__seed44,iltur_cl,/home/tahiti/TaxFacto/models/LegalBERT,full_ft,44,4.0,256,32,2e-05,9761,1321,1245,109487623,109487623,100.0,162.9693579673767,4.546538829803467,,,0.5718875502008032,0.5023732601992913,0.5438419666738196,0.5090048305479901,0.5662939754761384
main,legalbert,8,16,iltur_cl,role_adapter,42,main__legalbert__r8a16__iltur_cl__role_adapter__seed42,iltur_cl,/home/tahiti/TaxFacto/models/LegalBERT,role_adapter,42,4.0,256,32,0.0002,9761,1321,1245,109868551,386311,0.3516119913149669,116.38312029838562,3.0377917289733887,,,0.5943775100401606,0.5292112495142812,0.5514689663019516,0.5191517018330523,0.5857002740996593
main,legalbert,8,16,iltur_cl,role_adapter,43,main__legalbert__r8a16__iltur_cl__role_adapter__seed43,iltur_cl,/home/tahiti/TaxFacto/models/LegalBERT,role_adapter,43,4.0,256,32,0.0002,9761,1321,1245,109868551,386311,0.3516119913149669,111.27074646949768,3.0377917289733887,,,0.5847389558232932,0.5113977401279127,0.5391880597658232,0.5082032438865076,0.5768131687534258
main,legalbert,8,16,iltur_cl,role_adapter,44,main__legalbert__r8a16__iltur_cl__role_adapter__seed44,iltur_cl,/home/tahiti/TaxFacto/models/LegalBERT,role_adapter,44,4.0,256,32,0.0002,9761,1321,1245,109868551,386311,0.3516119913149669,109.9097011089325,3.0377917289733887,,,0.5943775100401606,0.5250293869336603,0.5398697054062505,0.5141489659237739,0.5860662563713408
main,legalbert,8,16,iltur_cl,shared_lora,42,main__legalbert__r8a16__iltur_cl__shared_lora__seed42,iltur_cl,/home/tahiti/TaxFacto/models/LegalBERT,shared_lora,42,4.0,256,32,0.0002,9761,1321,1245,109787918,300295,0.27352281149916696,113.51017355918884,3.036850929260254,,,0.5807228915662651,0.4336440665142856,0.4295371055386083,0.4207771097822733,0.5651591577102839
main,legalbert,8,16,iltur_cl,shared_lora,43,main__legalbert__r8a16__iltur_cl__shared_lora__seed43,iltur_cl,/home/tahiti/TaxFacto/models/LegalBERT,shared_lora,43,4.0,256,32,0.0002,9761,1321,1245,109787918,300295,0.27352281149916696,115.12353229522705,3.036850929260254,,,0.5943775100401606,0.5328292067571807,0.48525297607812273,0.49342469719587634,0.5841088116804894
main,legalbert,8,16,iltur_cl,shared_lora,44,main__legalbert__r8a16__iltur_cl__shared_lora__seed44,iltur_cl,/home/tahiti/TaxFacto/models/LegalBERT,shared_lora,44,4.0,256,32,0.0002,9761,1321,1245,109787918,300295,0.27352281149916696,115.60435652732849,3.036850929260254,,,0.6040160642570281,0.5079838421229488,0.501566245878183,0.49578378153425096,0.5924823763761123
main,legalbert,8,16,iltur_cl,shared_lora_widehead,42,main__legalbert__r8a16__iltur_cl__shared_lora_widehead__seed42,iltur_cl,/home/tahiti/TaxFacto/models/LegalBERT,shared_lora_widehead,42,4.0,256,32,0.0002,9761,1321,1245,109868727,386487,0.35177161923428857,118.91594815254211,3.037794589996338,,,0.5959839357429719,0.5103792305713407,0.5502480478198655,0.5138325520345864,0.5859096212874711
main,legalbert,8,16,iltur_cl,shared_lora_widehead,43,main__legalbert__r8a16__iltur_cl__shared_lora_widehead__seed43,iltur_cl,/home/tahiti/TaxFacto/models/LegalBERT,shared_lora_widehead,43,4.0,256,32,0.0002,9761,1321,1245,109868727,386487,0.35177161923428857,118.6811695098877,3.037794589996338,,,0.5807228915662651,0.5076151169252915,0.5295995048269269,0.5042919740184896,0.5709944009688755
main,legalbert,8,16,iltur_cl,shared_lora_widehead,44,main__legalbert__r8a16__iltur_cl__shared_lora_widehead__seed44,iltur_cl,/home/tahiti/TaxFacto/models/LegalBERT,shared_lora_widehead,44,4.0,256,32,0.0002,9761,1321,1245,109868727,386487,0.35177161923428857,119.39059019088745,3.037794589996338,,,0.5606425702811245,0.49285195978054475,0.46866068322570237,0.46779728503626267,0.5484755326481983
main,legalbert,8,16,iltur_it,category_lora,42,main__legalbert__r8a16__iltur_it__category_lora__seed42,iltur_it,/home/tahiti/TaxFacto/models/LegalBERT,category_lora,42,4.0,256,32,0.0002,5786,699,762,109868551,386311,0.3516119913149669,79.5765290260315,3.0377917289733887,,,0.6220472440944882,0.6595943850157333,0.6146598279988623,0.6105942499521507,0.6128293703115161
main,legalbert,8,16,iltur_it,category_lora,43,main__legalbert__r8a16__iltur_it__category_lora__seed43,iltur_it,/home/tahiti/TaxFacto/models/LegalBERT,category_lora,43,4.0,256,32,0.0002,5786,699,762,109868551,386311,0.3516119913149669,78.937180519104,3.0377917289733887,,,0.5931758530183727,0.6203534883659703,0.585379916212972,0.5805231959823457,0.5816457972745983
main,legalbert,8,16,iltur_it,category_lora,44,main__legalbert__r8a16__iltur_it__category_lora__seed44,iltur_it,/home/tahiti/TaxFacto/models/LegalBERT,category_lora,44,4.0,256,32,0.0002,5786,699,762,109868551,386311,0.3516119913149669,78.57224297523499,3.0377917289733887,,,0.615485564304462,0.6464758125664147,0.6060483920210303,0.6025171611945631,0.6065184828063913
main,legalbert,8,16,iltur_it,frozen,42,main__legalbert__r8a16__iltur_it__frozen__seed42,iltur_it,/home/tahiti/TaxFacto/models/LegalBERT,frozen,42,4.0,256,32,0.001,5786,699,762,109487623,5383,0.004916537461042514,43.54691767692566,0.7916431427001953,,,0.2979002624671916,0.279182386745412,0.22361631691291775,0.18801012094688568,0.22797729340747644
main,legalbert,8,16,iltur_it,frozen,43,main__legalbert__r8a16__iltur_it__frozen__seed43,iltur_it,/home/tahiti/TaxFacto/models/LegalBERT,frozen,43,4.0,256,32,0.001,5786,699,762,109487623,5383,0.004916537461042514,35.409340620040894,0.7916431427001953,,,0.2874015748031496,0.3117984916014473,0.21144935567154505,0.16767545798949537,0.20240872885710143
main,legalbert,8,16,iltur_it,frozen,44,main__legalbert__r8a16__iltur_it__frozen__seed44,iltur_it,/home/tahiti/TaxFacto/models/LegalBERT,frozen,44,4.0,256,32,0.001,5786,699,762,109487623,5383,0.004916537461042514,34.07946491241455,0.7916431427001953,,,0.2874015748031496,0.30839178551944507,0.2100140643964154,0.16509306411745436,0.20201525778633517
main,legalbert,8,16,iltur_it,full_ft,42,main__legalbert__r8a16__iltur_it__full_ft__seed42,iltur_it,/home/tahiti/TaxFacto/models/LegalBERT,full_ft,42,4.0,256,32,2e-05,5786,699,762,109487623,109487623,100.0,104.68205213546753,4.546538829803467,,,0.6509186351706037,0.6763456109519935,0.6411211853326382,0.6338291753497052,0.6416260213570122
main,legalbert,8,16,iltur_it,full_ft,43,main__legalbert__r8a16__iltur_it__full_ft__seed43,iltur_it,/home/tahiti/TaxFacto/models/LegalBERT,full_ft,43,4.0,256,32,2e-05,5786,699,762,109487623,109487623,100.0,102.59452176094055,4.546538829803467,,,0.6653543307086615,0.6859577189299282,0.6680983181106624,0.6565398804416471,0.6602872256239191
main,legalbert,8,16,iltur_it,full_ft,44,main__legalbert__r8a16__iltur_it__full_ft__seed44,iltur_it,/home/tahiti/TaxFacto/models/LegalBERT,full_ft,44,4.0,256,32,2e-05,5786,699,762,109487623,109487623,100.0,106.91984724998474,4.546538829803467,,,0.6272965879265092,0.6690579022080974,0.6233499863051756,0.6176823422610137,0.6187348016625954
main,legalbert,8,16,iltur_it,role_adapter,42,main__legalbert__r8a16__iltur_it__role_adapter__seed42,iltur_it,/home/tahiti/TaxFacto/models/LegalBERT,role_adapter,42,4.0,256,32,0.0002,5786,699,762,109868551,386311,0.3516119913149669,77.9721052646637,3.0377917289733887,,,0.6299212598425197,0.6781100962999969,0.6309048598404522,0.6175488720050494,0.6174985523026092
main,legalbert,8,16,iltur_it,role_adapter,43,main__legalbert__r8a16__iltur_it__role_adapter__seed43,iltur_it,/home/tahiti/TaxFacto/models/LegalBERT,role_adapter,43,4.0,256,32,0.0002,5786,699,762,109868551,386311,0.3516119913149669,78.22797799110413,3.0377917289733887,,,0.6023622047244095,0.6328399310003279,0.5856156600788998,0.5853707851562685,0.5896964479051432
main,legalbert,8,16,iltur_it,role_adapter,44,main__legalbert__r8a16__iltur_it__role_adapter__seed44,iltur_it,/home/tahiti/TaxFacto/models/LegalBERT,role_adapter,44,4.0,256,32,0.0002,5786,699,762,109868551,386311,0.3516119913149669,67.52161383628845,3.0377917289733887,,,0.5918635170603674,0.6265914018153217,0.5835419287924425,0.5677642829243409,0.5721327689354168
main,legalbert,8,16,iltur_it,shared_lora,42,main__legalbert__r8a16__iltur_it__shared_lora__seed42,iltur_it,/home/tahiti/TaxFacto/models/LegalBERT,shared_lora,42,4.0,256,32,0.0002,5786,699,762,109787918,300295,0.27352281149916696,73.42453217506409,3.036850929260254,,,0.5616797900262467,0.42585927720642186,0.4726670119587933,0.43610704406309647,0.5095771851550343
main,legalbert,8,16,iltur_it,shared_lora,43,main__legalbert__r8a16__iltur_it__shared_lora__seed43,iltur_it,/home/tahiti/TaxFacto/models/LegalBERT,shared_lora,43,4.0,256,32,0.0002,5786,699,762,109787918,300295,0.27352281149916696,74.56727242469788,3.036850929260254,,,0.510498687664042,0.3795140942294896,0.43282668906759764,0.3813426751495804,0.4453767115963798
main,legalbert,8,16,iltur_it,shared_lora,44,main__legalbert__r8a16__iltur_it__shared_lora__seed44,iltur_it,/home/tahiti/TaxFacto/models/LegalBERT,shared_lora,44,4.0,256,32,0.0002,5786,699,762,109787918,300295,0.27352281149916696,77.55337858200073,3.036850929260254,,,0.5511811023622047,0.4212645060695932,0.4673096739618076,0.4297788991785227,0.5010046919136115
main,legalbert,8,16,iltur_it,shared_lora_widehead,42,main__legalbert__r8a16__iltur_it__shared_lora_widehead__seed42,iltur_it,/home/tahiti/TaxFacto/models/LegalBERT,shared_lora_widehead,42,4.0,256,32,0.0002,5786,699,762,109868727,386487,0.35177161923428857,80.21775507926941,3.037794589996338,,,0.6299212598425197,0.6904524932622377,0.6259803034096221,0.619726559974972,0.6192393347482158
main,legalbert,8,16,iltur_it,shared_lora_widehead,43,main__legalbert__r8a16__iltur_it__shared_lora_widehead__seed43,iltur_it,/home/tahiti/TaxFacto/models/LegalBERT,shared_lora_widehead,43,4.0,256,32,0.0002,5786,699,762,109868727,386487,0.35177161923428857,80.07762956619263,3.037794589996338,,,0.6299212598425197,0.6789438530973148,0.6283831119634218,0.6248251929733203,0.6194214859853135
main,legalbert,8,16,iltur_it,shared_lora_widehead,44,main__legalbert__r8a16__iltur_it__shared_lora_widehead__seed44,iltur_it,/home/tahiti/TaxFacto/models/LegalBERT,shared_lora_widehead,44,4.0,256,32,0.0002,5786,699,762,109868727,386487,0.35177161923428857,78.22035431861877,3.037794589996338,,,0.6115485564304461,0.6650349913010701,0.5961351817355471,0.5915972106385426,0.5962140299865792
main,legalbert,8,16,legaleval,category_lora,42,main__legalbert__r8a16__legaleval__category_lora__seed42,legaleval,/home/tahiti/TaxFacto/models/LegalBERT,category_lora,42,4.0,256,32,0.0002,11646,1124,1859,109868551,386311,0.3516119913149669,146.02173399925232,3.0377917289733887,,,0.8020441097364174,0.7471319501748866,0.7237803587144952,0.732241785919093,0.7987961737027848
main,legalbert,8,16,legaleval,category_lora,43,main__legalbert__r8a16__legaleval__category_lora__seed43,legaleval,/home/tahiti/TaxFacto/models/LegalBERT,category_lora,43,4.0,256,32,0.0002,11646,1124,1859,109868551,386311,0.3516119913149669,146.43257021903992,3.0377917289733887,,,0.7934373318988703,0.7385377880609777,0.7125537565323398,0.7224693858155989,0.7898538708282006
main,legalbert,8,16,legaleval,category_lora,44,main__legalbert__r8a16__legaleval__category_lora__seed44,legaleval,/home/tahiti/TaxFacto/models/LegalBERT,category_lora,44,4.0,256,32,0.0002,11646,1124,1859,109868551,386311,0.3516119913149669,149.183274269104,3.0377917289733887,,,0.7934373318988703,0.7401616268461638,0.7069800615184655,0.7194268652694438,0.7905612850945899
main,legalbert,8,16,legaleval,frozen,42,main__legalbert__r8a16__legaleval__frozen__seed42,legaleval,/home/tahiti/TaxFacto/models/LegalBERT,frozen,42,4.0,256,32,0.001,11646,1124,1859,109487623,5383,0.004916537461042514,61.23508167266846,0.7916774749755859,,,0.5142549757934374,0.493030852725531,0.1848381771852861,0.16605302190866134,0.3711973454238567
main,legalbert,8,16,legaleval,frozen,43,main__legalbert__r8a16__legaleval__frozen__seed43,legaleval,/home/tahiti/TaxFacto/models/LegalBERT,frozen,43,4.0,256,32,0.001,11646,1124,1859,109487623,5383,0.004916537461042514,61.00295686721802,0.7916774749755859,,,0.5067240451855837,0.5551805337519624,0.1716088773435001,0.14607330551648295,0.35691791363394165
main,legalbert,8,16,legaleval,frozen,44,main__legalbert__r8a16__legaleval__frozen__seed44,legaleval,/home/tahiti/TaxFacto/models/LegalBERT,frozen,44,4.0,256,32,0.001,11646,1124,1859,109487623,5383,0.004916537461042514,63.77320337295532,0.7916245460510254,,,0.5099515868746638,0.5509361049189884,0.17821492518391127,0.15743572924905927,0.36312929668692295
main,legalbert,8,16,legaleval,full_ft,42,main__legalbert__r8a16__legaleval__full_ft__seed42,legaleval,/home/tahiti/TaxFacto/models/LegalBERT,full_ft,42,4.0,256,32,2e-05,11646,1124,1859,109487623,109487623,100.0,199.13002967834473,4.546538829803467,,,0.8095750403442711,0.7711414842343951,0.7288546106658604,0.7479014466909498,0.8064885474986543
main,legalbert,8,16,legaleval,full_ft,43,main__legalbert__r8a16__legaleval__full_ft__seed43,legaleval,/home/tahiti/TaxFacto/models/LegalBERT,full_ft,43,4.0,256,32,2e-05,11646,1124,1859,109487623,109487623,100.0,204.93135976791382,4.546538829803467,,,0.8074233458848843,0.7915602462593053,0.7064340064053642,0.7357304251012514,0.8003628813573637
main,legalbert,8,16,legaleval,full_ft,44,main__legalbert__r8a16__legaleval__full_ft__seed44,legaleval,/home/tahiti/TaxFacto/models/LegalBERT,full_ft,44,4.0,256,32,2e-05,11646,1124,1859,109487623,109487623,100.0,204.8369345664978,4.546538829803467,,,0.8106508875739645,0.7696996073935328,0.7393154314405493,0.7524183933497028,0.8084367579510141
main,legalbert,8,16,legaleval,role_adapter,42,main__legalbert__r8a16__legaleval__role_adapter__seed42,legaleval,/home/tahiti/TaxFacto/models/LegalBERT,role_adapter,42,4.0,256,32,0.0002,11646,1124,1859,109868551,386311,0.3516119913149669,145.5201427936554,3.0377917289733887,,,0.7972027972027972,0.7487820381503457,0.7172547385204061,0.7284401057527916,0.7924311829159628
main,legalbert,8,16,legaleval,role_adapter,43,main__legalbert__r8a16__legaleval__role_adapter__seed43,legaleval,/home/tahiti/TaxFacto/models/LegalBERT,role_adapter,43,4.0,256,32,0.0002,11646,1124,1859,109868551,386311,0.3516119913149669,143.48569703102112,3.0377917289733887,,,0.7977407208176439,0.7500988128198104,0.7225692841742396,0.7325612494065341,0.7942941320471277
main,legalbert,8,16,legaleval,role_adapter,44,main__legalbert__r8a16__legaleval__role_adapter__seed44,legaleval,/home/tahiti/TaxFacto/models/LegalBERT,role_adapter,44,4.0,256,32,0.0002,11646,1124,1859,109868551,386311,0.3516119913149669,145.19204711914062,3.0377917289733887,,,0.7928994082840237,0.7456645734419206,0.708590572308536,0.7217319031320992,0.7886683328913419
main,legalbert,8,16,legaleval,shared_lora,42,main__legalbert__r8a16__legaleval__shared_lora__seed42,legaleval,/home/tahiti/TaxFacto/models/LegalBERT,shared_lora,42,4.0,256,32,0.0002,11646,1124,1859,109787918,300295,0.27352281149916696,140.2157232761383,3.036850929260254,,,0.7810650887573964,0.74756337450674,0.6688065912641037,0.6875313024826564,0.772483583758181
main,legalbert,8,16,legaleval,shared_lora,43,main__legalbert__r8a16__legaleval__shared_lora__seed43,legaleval,/home/tahiti/TaxFacto/models/LegalBERT,shared_lora,43,4.0,256,32,0.0002,11646,1124,1859,109787918,300295,0.27352281149916696,147.40705156326294,3.036850929260254,,,0.7832167832167832,0.7343386514585328,0.6796982415009047,0.6974229005065469,0.7754497693975173
main,legalbert,8,16,legaleval,shared_lora,44,main__legalbert__r8a16__legaleval__shared_lora__seed44,legaleval,/home/tahiti/TaxFacto/models/LegalBERT,shared_lora,44,4.0,256,32,0.0002,11646,1124,1859,109787918,300295,0.27352281149916696,148.07150506973267,3.036850929260254,,,0.7826788596019365,0.7235254832719481,0.6880676565460443,0.7018315262038276,0.7784340583787074
main,legalbert,8,16,legaleval,shared_lora_widehead,42,main__legalbert__r8a16__legaleval__shared_lora_widehead__seed42,legaleval,/home/tahiti/TaxFacto/models/LegalBERT,shared_lora_widehead,42,4.0,256,32,0.0002,11646,1124,1859,109868727,386487,0.35177161923428857,146.68781042099,3.037794589996338,,,0.7885960193652501,0.7272316699927158,0.7001744023655155,0.7078625158454409,0.7838573545717598
main,legalbert,8,16,legaleval,shared_lora_widehead,43,main__legalbert__r8a16__legaleval__shared_lora_widehead__seed43,legaleval,/home/tahiti/TaxFacto/models/LegalBERT,shared_lora_widehead,43,4.0,256,32,0.0002,11646,1124,1859,109868727,386487,0.35177161923428857,147.5902976989746,3.037794589996338,,,0.7961269499731038,0.7522682722665929,0.7060798501419531,0.7226356711128534,0.7914600265687675
main,legalbert,8,16,legaleval,shared_lora_widehead,44,main__legalbert__r8a16__legaleval__shared_lora_widehead__seed44,legaleval,/home/tahiti/TaxFacto/models/LegalBERT,shared_lora_widehead,44,4.0,256,32,0.0002,11646,1124,1859,109868727,386487,0.35177161923428857,148.610169172287,3.037794589996338,,,0.7945131791285638,0.7381761622876881,0.7156481900928329,0.7240162945279935,0.7913950782264961
main,legalbert,8,16,marro_india,category_lora,42,main__legalbert__r8a16__marro_india__category_lora__seed42,marro_india,/home/tahiti/TaxFacto/models/LegalBERT,category_lora,42,4.0,256,32,0.0002,26866,3546,2566,109868551,386311,0.3516119913149669,327.90004110336304,3.0377917289733887,,,0.6188620420888542,0.7590145352846783,0.5024964957050028,0.536989903271265,0.5842102915831785
main,legalbert,8,16,marro_india,category_lora,43,main__legalbert__r8a16__marro_india__category_lora__seed43,marro_india,/home/tahiti/TaxFacto/models/LegalBERT,category_lora,43,4.0,256,32,0.0002,26866,3546,2566,109868551,386311,0.3516119913149669,333.0729911327362,3.0377917289733887,,,0.5849571317225253,0.7221319230765092,0.46589242065874653,0.4963822961139206,0.5423055490504728
main,legalbert,8,16,marro_india,category_lora,44,main__legalbert__r8a16__marro_india__category_lora__seed44,marro_india,/home/tahiti/TaxFacto/models/LegalBERT,category_lora,44,4.0,256,32,0.0002,26866,3546,2566,109868551,386311,0.3516119913149669,332.98311734199524,3.0377917289733887,,,0.6063912704598597,0.7427501492358498,0.4937354209942919,0.5184514723750141,0.5643571966565903
main,legalbert,8,16,marro_india,frozen,42,main__legalbert__r8a16__marro_india__frozen__seed42,marro_india,/home/tahiti/TaxFacto/models/LegalBERT,frozen,42,4.0,256,32,0.001,26866,3546,2566,109487623,5383,0.004916537461042514,139.3238160610199,0.7916293144226074,,,0.37724084177708495,0.35218723735727614,0.163927320666817,0.11480226816791443,0.24010423716822085
main,legalbert,8,16,marro_india,frozen,43,main__legalbert__r8a16__marro_india__frozen__seed43,marro_india,/home/tahiti/TaxFacto/models/LegalBERT,frozen,43,4.0,256,32,0.001,26866,3546,2566,109487623,5383,0.004916537461042514,137.98209881782532,0.7916293144226074,,,0.37568199532346064,0.256539565395654,0.16207677791977806,0.11184483410777125,0.23733452795791488
main,legalbert,8,16,marro_india,frozen,44,main__legalbert__r8a16__marro_india__frozen__seed44,marro_india,/home/tahiti/TaxFacto/models/LegalBERT,frozen,44,4.0,256,32,0.001,26866,3546,2566,109487623,5383,0.004916537461042514,143.8902359008789,0.7916293144226074,,,0.38347622759158223,0.20683163276460317,0.16774678755848307,0.11992030191936698,0.2522417561480288
main,legalbert,8,16,marro_india,full_ft,42,main__legalbert__r8a16__marro_india__full_ft__seed42,marro_india,/home/tahiti/TaxFacto/models/LegalBERT,full_ft,42,4.0,256,32,2e-05,26866,3546,2566,109487623,109487623,100.0,456.2488350868225,4.546538829803467,,,0.6169134840218239,0.7241987473423295,0.5226725064840457,0.5591492750348059,0.589468421129193
main,legalbert,8,16,marro_india,full_ft,43,main__legalbert__r8a16__marro_india__full_ft__seed43,marro_india,/home/tahiti/TaxFacto/models/LegalBERT,full_ft,43,4.0,256,32,2e-05,26866,3546,2566,109487623,109487623,100.0,459.55910897254944,4.546538829803467,,,0.6149649259547935,0.7371815112938221,0.5136993399497337,0.5497509600410165,0.5872438318886141
main,legalbert,8,16,marro_india,full_ft,44,main__legalbert__r8a16__marro_india__full_ft__seed44,marro_india,/home/tahiti/TaxFacto/models/LegalBERT,full_ft,44,4.0,256,32,2e-05,26866,3546,2566,109487623,109487623,100.0,456.7027413845062,4.546538829803467,,,0.6083398285268901,0.7362067503331474,0.500578236630326,0.5327861630162395,0.5791728032269686
main,legalbert,8,16,marro_india,role_adapter,42,main__legalbert__r8a16__marro_india__role_adapter__seed42,marro_india,/home/tahiti/TaxFacto/models/LegalBERT,role_adapter,42,4.0,256,32,0.0002,26866,3546,2566,109868551,386311,0.3516119913149669,324.9183928966522,3.0377917289733887,,,0.6005455962587685,0.7344167953375275,0.491718965074932,0.5269550810250424,0.5656610726106742
main,legalbert,8,16,marro_india,role_adapter,43,main__legalbert__r8a16__marro_india__role_adapter__seed43,marro_india,/home/tahiti/TaxFacto/models/LegalBERT,role_adapter,43,4.0,256,32,0.0002,26866,3546,2566,109868551,386311,0.3516119913149669,332.89376616477966,3.0377917289733887,,,0.6137957911145752,0.7509411903551096,0.5055208501147601,0.5378969481840363,0.5792404120887815
main,legalbert,8,16,marro_india,role_adapter,44,main__legalbert__r8a16__marro_india__role_adapter__seed44,marro_india,/home/tahiti/TaxFacto/models/LegalBERT,role_adapter,44,4.0,256,32,0.0002,26866,3546,2566,109868551,386311,0.3516119913149669,331.0279817581177,3.0377917289733887,,,0.6005455962587685,0.7314120264809049,0.48576793500028576,0.5165261939765283,0.5612005067877072
main,legalbert,8,16,marro_india,shared_lora,42,main__legalbert__r8a16__marro_india__shared_lora__seed42,marro_india,/home/tahiti/TaxFacto/models/LegalBERT,shared_lora,42,4.0,256,32,0.0002,26866,3546,2566,109787918,300295,0.27352281149916696,324.2624099254608,3.036850929260254,,,0.6017147310989868,0.7522636709155271,0.49361873416330626,0.5193899356438284,0.5630607343823554
main,legalbert,8,16,marro_india,shared_lora,43,main__legalbert__r8a16__marro_india__shared_lora__seed43,marro_india,/home/tahiti/TaxFacto/models/LegalBERT,shared_lora,43,4.0,256,32,0.0002,26866,3546,2566,109787918,300295,0.27352281149916696,329.0346233844757,3.036850929260254,,,0.5978176149649259,0.7194343509673065,0.48687077075403434,0.5085790109291465,0.5523309129288224
main,legalbert,8,16,marro_india,shared_lora,44,main__legalbert__r8a16__marro_india__shared_lora__seed44,marro_india,/home/tahiti/TaxFacto/models/LegalBERT,shared_lora,44,4.0,256,32,0.0002,26866,3546,2566,109787918,300295,0.27352281149916696,328.81498765945435,3.036850929260254,,,0.573265783320343,0.7554928183319508,0.44984156485210214,0.4728746444322082,0.5231785669528701
main,legalbert,8,16,marro_india,shared_lora_widehead,42,main__legalbert__r8a16__marro_india__shared_lora_widehead__seed42,marro_india,/home/tahiti/TaxFacto/models/LegalBERT,shared_lora_widehead,42,4.0,256,32,0.0002,26866,3546,2566,109868727,386487,0.35177161923428857,330.74223160743713,3.037794589996338,,,0.5954793452844894,0.7274074903241552,0.49397143497995855,0.5238524591597056,0.5605564061473011
main,legalbert,8,16,marro_india,shared_lora_widehead,43,main__legalbert__r8a16__marro_india__shared_lora_widehead__seed43,marro_india,/home/tahiti/TaxFacto/models/LegalBERT,shared_lora_widehead,43,4.0,256,32,0.0002,26866,3546,2566,109868727,386487,0.35177161923428857,331.8920085430145,3.037794589996338,,,0.5985970381917382,0.7585324642745419,0.4801227580736076,0.5080113831464769,0.5586016593568328
main,legalbert,8,16,marro_india,shared_lora_widehead,44,main__legalbert__r8a16__marro_india__shared_lora_widehead__seed44,marro_india,/home/tahiti/TaxFacto/models/LegalBERT,shared_lora_widehead,44,4.0,256,32,0.0002,26866,3546,2566,109868727,386487,0.35177161923428857,330.7760736942291,3.037794589996338,,,0.5876851130163678,0.6091466148336256,0.47435420453425853,0.4985489387717843,0.5446594862805794
main,legalbert,8,16,marro_uk,category_lora,42,main__legalbert__r8a16__marro_uk__category_lora__seed42,marro_uk,/home/tahiti/TaxFacto/models/LegalBERT,category_lora,42,4.0,256,32,0.0002,14084,3637,2176,109868551,386311,0.3516119913149669,156.70215606689453,3.0377917289733887,,,0.7012867647058824,0.460960683273102,0.49752705397298275,0.4656715510965578,0.7069990689775062
main,legalbert,8,16,marro_uk,category_lora,43,main__legalbert__r8a16__marro_uk__category_lora__seed43,marro_uk,/home/tahiti/TaxFacto/models/LegalBERT,category_lora,43,4.0,256,32,0.0002,14084,3637,2176,109868551,386311,0.3516119913149669,159.03451013565063,3.0377917289733887,,,0.7058823529411765,0.4602731892918732,0.4863545129683539,0.4541693489556832,0.7072969629136844
main,legalbert,8,16,marro_uk,category_lora,44,main__legalbert__r8a16__marro_uk__category_lora__seed44,marro_uk,/home/tahiti/TaxFacto/models/LegalBERT,category_lora,44,4.0,256,32,0.0002,14084,3637,2176,109868551,386311,0.3516119913149669,159.29335141181946,3.0377917289733887,,,0.7012867647058824,0.47054452868301366,0.521861240435117,0.4796647835239654,0.7058564773088579
main,legalbert,8,16,marro_uk,frozen,42,main__legalbert__r8a16__marro_uk__frozen__seed42,marro_uk,/home/tahiti/TaxFacto/models/LegalBERT,frozen,42,4.0,256,32,0.001,14084,3637,2176,109487623,5383,0.004916537461042514,74.87741279602051,0.7915654182434082,,,0.7058823529411765,0.17242402267782977,0.14437102192362095,0.12188009796275623,0.5876552258708235
main,legalbert,8,16,marro_uk,frozen,43,main__legalbert__r8a16__marro_uk__frozen__seed43,marro_uk,/home/tahiti/TaxFacto/models/LegalBERT,frozen,43,4.0,256,32,0.001,14084,3637,2176,109487623,5383,0.004916537461042514,78.00710558891296,0.7915654182434082,,,0.7077205882352942,0.1963735586656104,0.14625692479962282,0.1255573941288227,0.5916197289726701
main,legalbert,8,16,marro_uk,frozen,44,main__legalbert__r8a16__marro_uk__frozen__seed44,marro_uk,/home/tahiti/TaxFacto/models/LegalBERT,frozen,44,4.0,256,32,0.001,14084,3637,2176,109487623,5383,0.004916537461042514,78.5952262878418,0.7915654182434082,,,0.7146139705882353,0.20661824974120677,0.15597834895096652,0.14364018213584148,0.6109196226055531
main,legalbert,8,16,marro_uk,full_ft,42,main__legalbert__r8a16__marro_uk__full_ft__seed42,marro_uk,/home/tahiti/TaxFacto/models/LegalBERT,full_ft,42,4.0,256,32,2e-05,14084,3637,2176,109487623,109487623,100.0,211.82613277435303,4.546538829803467,,,0.6387867647058824,0.4156196890799095,0.5270044794308936,0.44380041910130724,0.6632553614815043
main,legalbert,8,16,marro_uk,full_ft,43,main__legalbert__r8a16__marro_uk__full_ft__seed43,marro_uk,/home/tahiti/TaxFacto/models/LegalBERT,full_ft,43,4.0,256,32,2e-05,14084,3637,2176,109487623,109487623,100.0,223.0216360092163,4.546538829803467,,,0.6695772058823529,0.42801553159693617,0.5130968698548396,0.45768586867999916,0.6838164897886134
main,legalbert,8,16,marro_uk,full_ft,44,main__legalbert__r8a16__marro_uk__full_ft__seed44,marro_uk,/home/tahiti/TaxFacto/models/LegalBERT,full_ft,44,4.0,256,32,2e-05,14084,3637,2176,109487623,109487623,100.0,222.92131161689758,4.546538829803467,,,0.6443014705882353,0.422804713299435,0.5190103238810024,0.4522533959525405,0.6661081974746728
main,legalbert,8,16,marro_uk,role_adapter,42,main__legalbert__r8a16__marro_uk__role_adapter__seed42,marro_uk,/home/tahiti/TaxFacto/models/LegalBERT,role_adapter,42,4.0,256,32,0.0002,14084,3637,2176,109868551,386311,0.3516119913149669,156.4052529335022,3.0377917289733887,,,0.7077205882352942,0.47687884779805156,0.5041206191058969,0.47658313732696617,0.7131897807781399
main,legalbert,8,16,marro_uk,role_adapter,43,main__legalbert__r8a16__marro_uk__role_adapter__seed43,marro_uk,/home/tahiti/TaxFacto/models/LegalBERT,role_adapter,43,4.0,256,32,0.0002,14084,3637,2176,109868551,386311,0.3516119913149669,158.49385023117065,3.0377917289733887,,,0.703125,0.4683417589096357,0.5011401201961686,0.4654937682059643,0.7051078857937141
main,legalbert,8,16,marro_uk,role_adapter,44,main__legalbert__r8a16__marro_uk__role_adapter__seed44,marro_uk,/home/tahiti/TaxFacto/models/LegalBERT,role_adapter,44,4.0,256,32,0.0002,14084,3637,2176,109868551,386311,0.3516119913149669,156.27115201950073,3.0377917289733887,,,0.7008272058823529,0.46358258816476783,0.5199966789695363,0.47344325102044993,0.7068007989486652
main,legalbert,8,16,marro_uk,shared_lora,42,main__legalbert__r8a16__marro_uk__shared_lora__seed42,marro_uk,/home/tahiti/TaxFacto/models/LegalBERT,shared_lora,42,4.0,256,32,0.0002,14084,3637,2176,109787918,300295,0.27352281149916696,155.96745562553406,3.036850929260254,,,0.7040441176470589,0.564378311362662,0.41107670545746006,0.3984271941362904,0.6956465526950819
main,legalbert,8,16,marro_uk,shared_lora,43,main__legalbert__r8a16__marro_uk__shared_lora__seed43,marro_uk,/home/tahiti/TaxFacto/models/LegalBERT,shared_lora,43,4.0,256,32,0.0002,14084,3637,2176,109787918,300295,0.27352281149916696,157.6121528148651,3.036850929260254,,,0.7068014705882353,0.43618864396778173,0.4479402195631047,0.4181517367470891,0.7008636464378001
main,legalbert,8,16,marro_uk,shared_lora,44,main__legalbert__r8a16__marro_uk__shared_lora__seed44,marro_uk,/home/tahiti/TaxFacto/models/LegalBERT,shared_lora,44,4.0,256,32,0.0002,14084,3637,2176,109787918,300295,0.27352281149916696,158.55023860931396,3.036850929260254,,,0.6948529411764706,0.38516038751612053,0.4456991727637774,0.3951359807520462,0.6888131768004941
main,legalbert,8,16,marro_uk,shared_lora_widehead,42,main__legalbert__r8a16__marro_uk__shared_lora_widehead__seed42,marro_uk,/home/tahiti/TaxFacto/models/LegalBERT,shared_lora_widehead,42,4.0,256,32,0.0002,14084,3637,2176,109868727,386487,0.35177161923428857,158.42160296440125,3.037794589996338,,,0.7063419117647058,0.4812958076240944,0.5186535807070246,0.48486506329732,0.7089858288025367
main,legalbert,8,16,marro_uk,shared_lora_widehead,43,main__legalbert__r8a16__marro_uk__shared_lora_widehead__seed43,marro_uk,/home/tahiti/TaxFacto/models/LegalBERT,shared_lora_widehead,43,4.0,256,32,0.0002,14084,3637,2176,109868727,386487,0.35177161923428857,159.13681054115295,3.037794589996338,,,0.7100183823529411,0.4846209435063998,0.4920438367121943,0.4655334869924163,0.708404776434478
main,legalbert,8,16,marro_uk,shared_lora_widehead,44,main__legalbert__r8a16__marro_uk__shared_lora_widehead__seed44,marro_uk,/home/tahiti/TaxFacto/models/LegalBERT,shared_lora_widehead,44,4.0,256,32,0.0002,14084,3637,2176,109868727,386487,0.35177161923428857,159.16294169425964,3.037794589996338,,,0.7054227941176471,0.45040336139735343,0.47176462685269704,0.43880203287173647,0.7038468036441662
mechanistic,inlegalbert,8,16,iltur_cl,true_category_lora,42,mechanistic__inlegalbert__r8a16__iltur_cl__true_category_lora__seed42,iltur_cl,/home/tahiti/TaxFacto/models/InLegalBERT,true_category_lora,42,4.0,256,32,0.0002,9761,1321,1245,111552007,2069767,1.8554278454174293,312.4974982738495,16.884687900543213,,,0.5726907630522088,0.4908327878854531,0.5700484611792446,0.502406781597216,0.5620754125655082
mechanistic,inlegalbert,8,16,iltur_it,true_category_lora,42,mechanistic__inlegalbert__r8a16__iltur_it__true_category_lora__seed42,iltur_it,/home/tahiti/TaxFacto/models/InLegalBERT,true_category_lora,42,4.0,256,32,0.0002,5786,699,762,111552007,2069767,1.8554278454174293,208.30462837219238,16.884687900543213,,,0.6377952755905512,0.6697156943174728,0.6523315589120408,0.6291484866201129,0.6306028488488197
mechanistic,inlegalbert,8,16,legaleval,true_category_lora,42,mechanistic__inlegalbert__r8a16__legaleval__true_category_lora__seed42,legaleval,/home/tahiti/TaxFacto/models/InLegalBERT,true_category_lora,42,4.0,256,32,0.0002,11646,1124,1859,111552007,2069767,1.8554278454174293,379.72369027137756,16.884687900543213,,,0.821947283485745,0.7779999174321736,0.7643646368465996,0.7690131248433699,0.8194669296294252
mechanistic,inlegalbert,8,16,marro_india,true_category_lora,42,mechanistic__inlegalbert__r8a16__marro_india__true_category_lora__seed42,marro_india,/home/tahiti/TaxFacto/models/InLegalBERT,true_category_lora,42,4.0,256,32,0.0002,26866,3546,2566,111552007,2069767,1.8554278454174293,852.1290316581726,16.884687900543213,,,0.6438035853468433,0.7527122615967486,0.5360207591015425,0.5578810567268161,0.6081650470728133
mechanistic,inlegalbert,8,16,marro_uk,true_category_lora,42,mechanistic__inlegalbert__r8a16__marro_uk__true_category_lora__seed42,marro_uk,/home/tahiti/TaxFacto/models/InLegalBERT,true_category_lora,42,4.0,256,32,0.0002,14084,3637,2176,111552007,2069767,1.8554278454174293,415.91435074806213,16.884687900543213,,,0.6884191176470589,0.4463516380050958,0.523268527964528,0.46675402866680515,0.6981825944359897
rank,inlegalbert,2,4,iltur_cl,category_lora,42,rank__inlegalbert__r2a4__iltur_cl__category_lora__seed42,iltur_cl,/home/tahiti/TaxFacto/models/InLegalBERT,category_lora,42,4.0,256,32,0.0002,9761,1321,1245,109582855,100615,0.09181637036195124,125.43357610702515,3.031989574432373,,,0.6329317269076306,0.5482044152035492,0.5858756438250697,0.5504965982644576,0.6231424875049787
rank,inlegalbert,4,8,iltur_cl,category_lora,42,rank__inlegalbert__r4a8__iltur_cl__category_lora__seed42,iltur_cl,/home/tahiti/TaxFacto/models/InLegalBERT,category_lora,42,4.0,256,32,0.0002,9761,1321,1245,109678087,195847,0.17856529536296525,124.74054026603699,3.033923625946045,,,0.619277108433735,0.532574482763568,0.57851745477164,0.5372852479622273,0.6128454198141237
rank,inlegalbert,16,32,iltur_cl,category_lora,42,rank__inlegalbert__r16a32__iltur_cl__category_lora__seed42,iltur_cl,/home/tahiti/TaxFacto/models/InLegalBERT,category_lora,42,4.0,256,32,0.0002,9761,1321,1245,110249479,767239,0.6959116786393158,115.25858068466187,3.045527935028076,,,0.6184738955823293,0.5486743987109917,0.5909909171780539,0.5550675449881023,0.6147261594038881
rank,inlegalbert,32,64,iltur_cl,category_lora,42,rank__inlegalbert__r32a64__iltur_cl__category_lora__seed42,iltur_cl,/home/tahiti/TaxFacto/models/InLegalBERT,category_lora,42,4.0,256,32,0.0002,9761,1321,1245,111011335,1529095,1.3774224046580468,120.60227537155151,3.061000347137451,,,0.5815261044176707,0.5010369581962728,0.5734336867814472,0.5106486081854732,0.5720395996836057
rank,inlegalbert,2,4,iltur_cl,role_adapter,42,rank__inlegalbert__r2a4__iltur_cl__role_adapter__seed42,iltur_cl,/home/tahiti/TaxFacto/models/InLegalBERT,role_adapter,42,4.0,256,32,0.0002,9761,1321,1245,109582855,100615,0.09181637036195124,121.95582151412964,3.031989574432373,,,0.6265060240963856,0.5389118191399833,0.5825513323814684,0.544011476596003,0.6171113646589538
rank,inlegalbert,4,8,iltur_cl,role_adapter,42,rank__inlegalbert__r4a8__iltur_cl__role_adapter__seed42,iltur_cl,/home/tahiti/TaxFacto/models/InLegalBERT,role_adapter,42,4.0,256,32,0.0002,9761,1321,1245,109678087,195847,0.17856529536296525,117.13797855377197,3.033923625946045,,,0.6248995983935743,0.5307606919905707,0.5819432393111477,0.5375447648994379,0.6171644581371538
rank,inlegalbert,16,32,iltur_cl,role_adapter,42,rank__inlegalbert__r16a32__iltur_cl__role_adapter__seed42,iltur_cl,/home/tahiti/TaxFacto/models/InLegalBERT,role_adapter,42,4.0,256,32,0.0002,9761,1321,1245,110249479,767239,0.6959116786393158,118.39734697341919,3.045527935028076,,,0.623293172690763,0.5435587613203928,0.5941831336280522,0.5508647124078944,0.6200099767644971
rank,inlegalbert,32,64,iltur_cl,role_adapter,42,rank__inlegalbert__r32a64__iltur_cl__role_adapter__seed42,iltur_cl,/home/tahiti/TaxFacto/models/InLegalBERT,role_adapter,42,4.0,256,32,0.0002,9761,1321,1245,111011335,1529095,1.3774224046580468,118.88426613807678,3.061000347137451,,,0.6104417670682731,0.5369633845348023,0.5823293333143409,0.5412778251341372,0.6060572687744834
rank,inlegalbert,2,4,iltur_cl,shared_lora,42,rank__inlegalbert__r2a4__iltur_cl__shared_lora__seed42,iltur_cl,/home/tahiti/TaxFacto/models/InLegalBERT,shared_lora,42,4.0,256,32,0.0002,9761,1321,1245,109566734,79111,0.07220348468176481,111.81821465492249,3.0317697525024414,,,0.6441767068273092,0.5172510209595161,0.49284746979255484,0.49769287227761494,0.6346460462859049
rank,inlegalbert,4,8,iltur_cl,shared_lora,42,rank__inlegalbert__r4a8__iltur_cl__shared_lora__seed42,iltur_cl,/home/tahiti/TaxFacto/models/InLegalBERT,shared_lora,42,4.0,256,32,0.0002,9761,1321,1245,109640462,152839,0.1394001787405821,119.420480966568,3.033463478088379,,,0.6345381526104418,0.5036766578671291,0.4953499029544885,0.4930662835699173,0.6242936867002472
rank,inlegalbert,16,32,iltur_cl,shared_lora,42,rank__inlegalbert__r16a32__iltur_cl__shared_lora__seed42,iltur_cl,/home/tahiti/TaxFacto/models/InLegalBERT,shared_lora,42,4.0,256,32,0.0002,9761,1321,1245,110082830,595207,0.5406901330570807,119.14580130577087,3.043625831604004,,,0.6345381526104418,0.5423905899003149,0.5849007689223106,0.5478364402455436,0.6249546741052059
rank,inlegalbert,32,64,iltur_cl,shared_lora,42,rank__inlegalbert__r32a64__iltur_cl__shared_lora__seed42,iltur_cl,/home/tahiti/TaxFacto/models/InLegalBERT,shared_lora,42,4.0,256,32,0.0002,9761,1321,1245,110672654,1185031,1.0707532142492941,113.44043707847595,3.057175636291504,,,0.6240963855421687,0.5324918519476697,0.5839910159010815,0.5436979485711911,0.6152968147664736
rank,inlegalbert,2,4,iltur_it,category_lora,42,rank__inlegalbert__r2a4__iltur_it__category_lora__seed42,iltur_it,/home/tahiti/TaxFacto/models/InLegalBERT,category_lora,42,4.0,256,32,0.0002,5786,699,762,109582855,100615,0.09181637036195124,81.90069818496704,3.031989574432373,,,0.6509186351706037,0.6874019064576794,0.6519769025847472,0.6462472818616527,0.6429889062760077
rank,inlegalbert,4,8,iltur_it,category_lora,42,rank__inlegalbert__r4a8__iltur_it__category_lora__seed42,iltur_it,/home/tahiti/TaxFacto/models/InLegalBERT,category_lora,42,4.0,256,32,0.0002,5786,699,762,109678087,195847,0.17856529536296525,81.18276071548462,3.033923625946045,,,0.6391076115485564,0.677536323282346,0.6475399101415246,0.6346693620436582,0.634052692052884
rank,inlegalbert,16,32,iltur_it,category_lora,42,rank__inlegalbert__r16a32__iltur_it__category_lora__seed42,iltur_it,/home/tahiti/TaxFacto/models/InLegalBERT,category_lora,42,4.0,256,32,0.0002,5786,699,762,110249479,767239,0.6959116786393158,82.4582347869873,3.045527935028076,,,0.6456692913385826,0.6941188510910192,0.6592321298948022,0.6462572624618564,0.6389049401023534
rank,inlegalbert,32,64,iltur_it,category_lora,42,rank__inlegalbert__r32a64__iltur_it__category_lora__seed42,iltur_it,/home/tahiti/TaxFacto/models/InLegalBERT,category_lora,42,4.0,256,32,0.0002,5786,699,762,111011335,1529095,1.3774224046580468,77.39792227745056,3.061000347137451,,,0.6653543307086615,0.7047813203104774,0.6724036979226177,0.6635562706613995,0.661214654245598
rank,inlegalbert,2,4,iltur_it,role_adapter,42,rank__inlegalbert__r2a4__iltur_it__role_adapter__seed42,iltur_it,/home/tahiti/TaxFacto/models/InLegalBERT,role_adapter,42,4.0,256,32,0.0002,5786,699,762,109582855,100615,0.09181637036195124,83.04884600639343,3.031989574432373,,,0.6351706036745407,0.6709094274193611,0.6382192378203204,0.6152877743511213,0.6189376847463831
rank,inlegalbert,4,8,iltur_it,role_adapter,42,rank__inlegalbert__r4a8__iltur_it__role_adapter__seed42,iltur_it,/home/tahiti/TaxFacto/models/InLegalBERT,role_adapter,42,4.0,256,32,0.0002,5786,699,762,109678087,195847,0.17856529536296525,80.93812417984009,3.033923625946045,,,0.6496062992125984,0.6882725432095179,0.6564317283773633,0.6430473119652097,0.6438715920798942
rank,inlegalbert,16,32,iltur_it,role_adapter,42,rank__inlegalbert__r16a32__iltur_it__role_adapter__seed42,iltur_it,/home/tahiti/TaxFacto/models/InLegalBERT,role_adapter,42,4.0,256,32,0.0002,5786,699,762,110249479,767239,0.6959116786393158,64.88715100288391,3.045527935028076,,,0.6482939632545932,0.6792997296574469,0.652904975639463,0.641330051273339,0.6458763883015731
rank,inlegalbert,32,64,iltur_it,role_adapter,42,rank__inlegalbert__r32a64__iltur_it__role_adapter__seed42,iltur_it,/home/tahiti/TaxFacto/models/InLegalBERT,role_adapter,42,4.0,256,32,0.0002,5786,699,762,111011335,1529095,1.3774224046580468,54.689491510391235,3.061000347137451,,,0.65748031496063,0.6750393863985694,0.6598500148605314,0.643460065081041,0.651044092119023
rank,inlegalbert,2,4,iltur_it,shared_lora,42,rank__inlegalbert__r2a4__iltur_it__shared_lora__seed42,iltur_it,/home/tahiti/TaxFacto/models/InLegalBERT,shared_lora,42,4.0,256,32,0.0002,5786,699,762,109566734,79111,0.07220348468176481,80.73234248161316,3.0317697525024414,,,0.573490813648294,0.5683796541934919,0.4842719080352113,0.46338553021894013,0.5348534807862296
rank,inlegalbert,4,8,iltur_it,shared_lora,42,rank__inlegalbert__r4a8__iltur_it__shared_lora__seed42,iltur_it,/home/tahiti/TaxFacto/models/InLegalBERT,shared_lora,42,4.0,256,32,0.0002,5786,699,762,109640462,152839,0.1394001787405821,73.57165265083313,3.033463478088379,,,0.6062992125984252,0.6734006666607569,0.5648205202103603,0.5578879184678988,0.5780585005376898
rank,inlegalbert,16,32,iltur_it,shared_lora,42,rank__inlegalbert__r16a32__iltur_it__shared_lora__seed42,iltur_it,/home/tahiti/TaxFacto/models/InLegalBERT,shared_lora,42,4.0,256,32,0.0002,5786,699,762,110082830,595207,0.5406901330570807,80.2242476940155,3.043625831604004,,,0.631233595800525,0.6850680109774482,0.6154259161666954,0.6154938742092781,0.6225960343623756
rank,inlegalbert,32,64,iltur_it,shared_lora,42,rank__inlegalbert__r32a64__iltur_it__shared_lora__seed42,iltur_it,/home/tahiti/TaxFacto/models/InLegalBERT,shared_lora,42,4.0,256,32,0.0002,5786,699,762,110672654,1185031,1.0707532142492941,79.6479868888855,3.057175636291504,,,0.6404199475065617,0.675607969590651,0.6434417446091965,0.6293973893423408,0.633296857697592
rank,inlegalbert,2,4,legaleval,category_lora,42,rank__inlegalbert__r2a4__legaleval__category_lora__seed42,legaleval,/home/tahiti/TaxFacto/models/InLegalBERT,category_lora,42,4.0,256,32,0.0002,11646,1124,1859,109582855,100615,0.09181637036195124,157.61322712898254,3.031989574432373,,,0.8176438945669715,0.7734729412170024,0.7450406198814009,0.7572500619123421,0.8161276463459084
rank,inlegalbert,4,8,legaleval,category_lora,42,rank__inlegalbert__r4a8__legaleval__category_lora__seed42,legaleval,/home/tahiti/TaxFacto/models/InLegalBERT,category_lora,42,4.0,256,32,0.0002,11646,1124,1859,109678087,195847,0.17856529536296525,157.71369910240173,3.033923625946045,,,0.8015061861215708,0.7399428045528273,0.7311306273057249,0.7341225942247611,0.8003445017005202
rank,inlegalbert,16,32,legaleval,category_lora,42,rank__inlegalbert__r16a32__legaleval__category_lora__seed42,legaleval,/home/tahiti/TaxFacto/models/InLegalBERT,category_lora,42,4.0,256,32,0.0002,11646,1124,1859,110249479,767239,0.6959116786393158,145.9606544971466,3.045527935028076,,,0.8165680473372781,0.7763194008331779,0.7523180127160497,0.7620845828094597,0.8147673034705316
rank,inlegalbert,32,64,legaleval,category_lora,42,rank__inlegalbert__r32a64__legaleval__category_lora__seed42,legaleval,/home/tahiti/TaxFacto/models/InLegalBERT,category_lora,42,4.0,256,32,0.0002,11646,1124,1859,111011335,1529095,1.3774224046580468,149.31932926177979,3.061000347137451,,,0.8181818181818182,0.777740439760794,0.754694038142773,0.7631923762732514,0.817846334554991
rank,inlegalbert,2,4,legaleval,role_adapter,42,rank__inlegalbert__r2a4__legaleval__role_adapter__seed42,legaleval,/home/tahiti/TaxFacto/models/InLegalBERT,role_adapter,42,4.0,256,32,0.0002,11646,1124,1859,109582855,100615,0.09181637036195124,151.2182536125183,3.031989574432373,,,0.8138784292630447,0.770962352778432,0.733345683121655,0.7498058406969348,0.812005536848604
rank,inlegalbert,4,8,legaleval,role_adapter,42,rank__inlegalbert__r4a8__legaleval__role_adapter__seed42,legaleval,/home/tahiti/TaxFacto/models/InLegalBERT,role_adapter,42,4.0,256,32,0.0002,11646,1124,1859,109678087,195847,0.17856529536296525,146.33914470672607,3.033923625946045,,,0.8176438945669715,0.7727797720083164,0.7499308323598826,0.7592272580880527,0.8159790802345718
rank,inlegalbert,16,32,legaleval,role_adapter,42,rank__inlegalbert__r16a32__legaleval__role_adapter__seed42,legaleval,/home/tahiti/TaxFacto/models/InLegalBERT,role_adapter,42,4.0,256,32,0.0002,11646,1124,1859,110249479,767239,0.6959116786393158,149.76877236366272,3.045527935028076,,,0.8192576654115116,0.7836211559227662,0.739542711568796,0.7582476054853053,0.8164809039450943
rank,inlegalbert,32,64,legaleval,role_adapter,42,rank__inlegalbert__r32a64__legaleval__role_adapter__seed42,legaleval,/home/tahiti/TaxFacto/models/InLegalBERT,role_adapter,42,4.0,256,32,0.0002,11646,1124,1859,111011335,1529095,1.3774224046580468,148.888827085495,3.061000347137451,,,0.8090371167294245,0.7579895166881351,0.7538827904684536,0.7530609312933693,0.8097100381401492
rank,inlegalbert,2,4,legaleval,shared_lora,42,rank__inlegalbert__r2a4__legaleval__shared_lora__seed42,legaleval,/home/tahiti/TaxFacto/models/InLegalBERT,shared_lora,42,4.0,256,32,0.0002,11646,1124,1859,109566734,79111,0.07220348468176481,153.6536922454834,3.0317697525024414,,,0.7896718665949435,0.7464827313849357,0.6690197468668407,0.6949345763481801,0.7837969951117152
rank,inlegalbert,4,8,legaleval,shared_lora,42,rank__inlegalbert__r4a8__legaleval__shared_lora__seed42,legaleval,/home/tahiti/TaxFacto/models/InLegalBERT,shared_lora,42,4.0,256,32,0.0002,11646,1124,1859,109640462,152839,0.1394001787405821,154.1222014427185,3.033463478088379,,,0.8020441097364174,0.7574046665714028,0.7056967071868531,0.7254114692051826,0.7981769059686996
rank,inlegalbert,16,32,legaleval,shared_lora,42,rank__inlegalbert__r16a32__legaleval__shared_lora__seed42,legaleval,/home/tahiti/TaxFacto/models/InLegalBERT,shared_lora,42,4.0,256,32,0.0002,11646,1124,1859,110082830,595207,0.5406901330570807,153.71655702590942,3.043625831604004,,,0.8154922001075847,0.7747999944215432,0.7401636188463209,0.7531744722451038,0.8130132776641171
rank,inlegalbert,32,64,legaleval,shared_lora,42,rank__inlegalbert__r32a64__legaleval__shared_lora__seed42,legaleval,/home/tahiti/TaxFacto/models/InLegalBERT,shared_lora,42,4.0,256,32,0.0002,11646,1124,1859,110672654,1185031,1.0707532142492941,149.1391339302063,3.057175636291504,,,0.8165680473372781,0.7791446274598913,0.7458392115677859,0.757584944992235,0.814298869065897
rank,inlegalbert,2,4,marro_india,category_lora,42,rank__inlegalbert__r2a4__marro_india__category_lora__seed42,marro_india,/home/tahiti/TaxFacto/models/InLegalBERT,category_lora,42,4.0,256,32,0.0002,26866,3546,2566,109582855,100615,0.09181637036195124,338.7437460422516,3.031989574432373,,,0.622369446609509,0.7453899704004794,0.5212061107366636,0.5448961237057209,0.581201044818137
rank,inlegalbert,4,8,marro_india,category_lora,42,rank__inlegalbert__r4a8__marro_india__category_lora__seed42,marro_india,/home/tahiti/TaxFacto/models/InLegalBERT,category_lora,42,4.0,256,32,0.0002,26866,3546,2566,109678087,195847,0.17856529536296525,338.0137176513672,3.033923625946045,,,0.6356196414653157,0.7572458690280923,0.5283294849933288,0.5573407381244101,0.5998065958694551
rank,inlegalbert,16,32,marro_india,category_lora,42,rank__inlegalbert__r16a32__marro_india__category_lora__seed42,marro_india,/home/tahiti/TaxFacto/models/InLegalBERT,category_lora,42,4.0,256,32,0.0002,26866,3546,2566,110249479,767239,0.6959116786393158,327.7298324108124,3.045527935028076,,,0.6352299298519096,0.7567851798106572,0.5271431856670356,0.5637095255835274,0.605240494983093
rank,inlegalbert,32,64,marro_india,category_lora,42,rank__inlegalbert__r32a64__marro_india__category_lora__seed42,marro_india,/home/tahiti/TaxFacto/models/InLegalBERT,category_lora,42,4.0,256,32,0.0002,26866,3546,2566,111011335,1529095,1.3774224046580468,335.25426745414734,3.061000347137451,,,0.6438035853468433,0.7685136454340541,0.5418165973680287,0.5747137144606942,0.615877566722076
rank,inlegalbert,2,4,marro_india,role_adapter,42,rank__inlegalbert__r2a4__marro_india__role_adapter__seed42,marro_india,/home/tahiti/TaxFacto/models/InLegalBERT,role_adapter,42,4.0,256,32,0.0002,26866,3546,2566,109582855,100615,0.09181637036195124,338.39928674697876,3.031989574432373,,,0.622759158222915,0.7376040152534591,0.5238165929705842,0.5453792194380497,0.5816852386787407
rank,inlegalbert,4,8,marro_india,role_adapter,42,rank__inlegalbert__r4a8__marro_india__role_adapter__seed42,marro_india,/home/tahiti/TaxFacto/models/InLegalBERT,role_adapter,42,4.0,256,32,0.0002,26866,3546,2566,109678087,195847,0.17856529536296525,328.78304839134216,3.033923625946045,,,0.6465315666406859,0.7600528322426081,0.5392048072239823,0.5682976391497845,0.6106558195036883
rank,inlegalbert,16,32,marro_india,role_adapter,42,rank__inlegalbert__r16a32__marro_india__role_adapter__seed42,marro_india,/home/tahiti/TaxFacto/models/InLegalBERT,role_adapter,42,4.0,256,32,0.0002,26866,3546,2566,110249479,767239,0.6959116786393158,335.31679248809814,3.045527935028076,,,0.6480904130943103,0.7452555849235293,0.5506667219967658,0.5811699240202808,0.6187840388102793
rank,inlegalbert,32,64,marro_india,role_adapter,42,rank__inlegalbert__r32a64__marro_india__role_adapter__seed42,marro_india,/home/tahiti/TaxFacto/models/InLegalBERT,role_adapter,42,4.0,256,32,0.0002,26866,3546,2566,111011335,1529095,1.3774224046580468,333.86203598976135,3.061000347137451,,,0.6551052221356196,0.7532968379514502,0.5533615836057022,0.5836461360202064,0.6261471819610023
rank,inlegalbert,2,4,marro_india,shared_lora,42,rank__inlegalbert__r2a4__marro_india__shared_lora__seed42,marro_india,/home/tahiti/TaxFacto/models/InLegalBERT,shared_lora,42,4.0,256,32,0.0002,26866,3546,2566,109566734,79111,0.07220348468176481,327.9591875076294,3.0317697525024414,,,0.6208106001558846,0.7309125514685981,0.5163282014401263,0.5370230927332871,0.5780357065570799
rank,inlegalbert,4,8,marro_india,shared_lora,42,rank__inlegalbert__r4a8__marro_india__shared_lora__seed42,marro_india,/home/tahiti/TaxFacto/models/InLegalBERT,shared_lora,42,4.0,256,32,0.0002,26866,3546,2566,109640462,152839,0.1394001787405821,335.6261057853699,3.033463478088379,,,0.6286048324240062,0.7644190249813968,0.5219771880707155,0.5425188306861167,0.5890720300279563
rank,inlegalbert,16,32,marro_india,shared_lora,42,rank__inlegalbert__r16a32__marro_india__shared_lora__seed42,marro_india,/home/tahiti/TaxFacto/models/InLegalBERT,shared_lora,42,4.0,256,32,0.0002,26866,3546,2566,110082830,595207,0.5406901330570807,335.8549165725708,3.043625831604004,,,0.6363990646921278,0.7463844385594449,0.5330997480454934,0.5603826364077771,0.6025566598547437
rank,inlegalbert,32,64,marro_india,shared_lora,42,rank__inlegalbert__r32a64__marro_india__shared_lora__seed42,marro_india,/home/tahiti/TaxFacto/models/InLegalBERT,shared_lora,42,4.0,256,32,0.0002,26866,3546,2566,110672654,1185031,1.0707532142492941,325.980441570282,3.057175636291504,,,0.6375681995323461,0.7384352721231304,0.5456196272057331,0.5662775536500897,0.6032471730484037
rank,inlegalbert,2,4,marro_uk,category_lora,42,rank__inlegalbert__r2a4__marro_uk__category_lora__seed42,marro_uk,/home/tahiti/TaxFacto/models/InLegalBERT,category_lora,42,4.0,256,32,0.0002,14084,3637,2176,109582855,100615,0.09181637036195124,166.81159734725952,3.031989574432373,,,0.7017463235294118,0.5003204587962894,0.4998725404631998,0.4843045659217716,0.7037226586142796
rank,inlegalbert,4,8,marro_uk,category_lora,42,rank__inlegalbert__r4a8__marro_uk__category_lora__seed42,marro_uk,/home/tahiti/TaxFacto/models/InLegalBERT,category_lora,42,4.0,256,32,0.0002,14084,3637,2176,109678087,195847,0.17856529536296525,166.93635964393616,3.033923625946045,,,0.6939338235294118,0.4777744063359206,0.4873869591374742,0.4682707460404526,0.6977452537478419
rank,inlegalbert,16,32,marro_uk,category_lora,42,rank__inlegalbert__r16a32__marro_uk__category_lora__seed42,marro_uk,/home/tahiti/TaxFacto/models/InLegalBERT,category_lora,42,4.0,256,32,0.0002,14084,3637,2176,110249479,767239,0.6959116786393158,158.00034189224243,3.045527935028076,,,0.6957720588235294,0.4821516417053283,0.5141133482565063,0.4826130915949888,0.704410024098084
rank,inlegalbert,32,64,marro_uk,category_lora,42,rank__inlegalbert__r32a64__marro_uk__category_lora__seed42,marro_uk,/home/tahiti/TaxFacto/models/InLegalBERT,category_lora,42,4.0,256,32,0.0002,14084,3637,2176,111011335,1529095,1.3774224046580468,164.91360783576965,3.061000347137451,,,0.6815257352941176,0.462398591065904,0.4983563125013067,0.45688048307788304,0.6962611806249491
rank,inlegalbert,2,4,marro_uk,role_adapter,42,rank__inlegalbert__r2a4__marro_uk__role_adapter__seed42,marro_uk,/home/tahiti/TaxFacto/models/InLegalBERT,role_adapter,42,4.0,256,32,0.0002,14084,3637,2176,109582855,100615,0.09181637036195124,164.82823657989502,3.031989574432373,,,0.7008272058823529,0.48814849692695045,0.49348662285358175,0.47544817512650583,0.7037008466297925
rank,inlegalbert,4,8,marro_uk,role_adapter,42,rank__inlegalbert__r4a8__marro_uk__role_adapter__seed42,marro_uk,/home/tahiti/TaxFacto/models/InLegalBERT,role_adapter,42,4.0,256,32,0.0002,14084,3637,2176,109678087,195847,0.17856529536296525,157.9061985015869,3.033923625946045,,,0.7035845588235294,0.4721426123101867,0.4983007976325573,0.4708956894955162,0.7075013203882534
rank,inlegalbert,16,32,marro_uk,role_adapter,42,rank__inlegalbert__r16a32__marro_uk__role_adapter__seed42,marro_uk,/home/tahiti/TaxFacto/models/InLegalBERT,role_adapter,42,4.0,256,32,0.0002,14084,3637,2176,110249479,767239,0.6959116786393158,165.43130111694336,3.045527935028076,,,0.6953125,0.46888676796011997,0.5047189450276539,0.4721154194871678,0.7033011002684485
rank,inlegalbert,32,64,marro_uk,role_adapter,42,rank__inlegalbert__r32a64__marro_uk__role_adapter__seed42,marro_uk,/home/tahiti/TaxFacto/models/InLegalBERT,role_adapter,42,4.0,256,32,0.0002,14084,3637,2176,111011335,1529095,1.3774224046580468,167.0002293586731,3.061000347137451,,,0.6907169117647058,0.45040187322642977,0.48572636895244437,0.4553968906686873,0.6980663054238763
rank,inlegalbert,2,4,marro_uk,shared_lora,42,rank__inlegalbert__r2a4__marro_uk__shared_lora__seed42,marro_uk,/home/tahiti/TaxFacto/models/InLegalBERT,shared_lora,42,4.0,256,32,0.0002,14084,3637,2176,109566734,79111,0.07220348468176481,155.6298258304596,3.0317697525024414,,,0.6999080882352942,0.47919083067470164,0.35098456583673104,0.3195996528980666,0.683023311160643
rank,inlegalbert,4,8,marro_uk,shared_lora,42,rank__inlegalbert__r4a8__marro_uk__shared_lora__seed42,marro_uk,/home/tahiti/TaxFacto/models/InLegalBERT,shared_lora,42,4.0,256,32,0.0002,14084,3637,2176,109640462,152839,0.1394001787405821,163.07041311264038,3.033463478088379,,,0.7104779411764706,0.5117524209984682,0.4007012793153787,0.38653802590829167,0.7023685639282695
rank,inlegalbert,16,32,marro_uk,shared_lora,42,rank__inlegalbert__r16a32__marro_uk__shared_lora__seed42,marro_uk,/home/tahiti/TaxFacto/models/InLegalBERT,shared_lora,42,4.0,256,32,0.0002,14084,3637,2176,110082830,595207,0.5406901330570807,160.82600808143616,3.043625831604004,,,0.6939338235294118,0.4680392951036119,0.4906867350747573,0.46501658308422,0.7000848573144953
rank,inlegalbert,32,64,marro_uk,shared_lora,42,rank__inlegalbert__r32a64__marro_uk__shared_lora__seed42,marro_uk,/home/tahiti/TaxFacto/models/InLegalBERT,shared_lora,42,4.0,256,32,0.0002,14084,3637,2176,110672654,1185031,1.0707532142492941,152.67166090011597,3.057175636291504,,,0.6939338235294118,0.4485684754272719,0.503334308791456,0.46080643195786136,0.7023873182750655
