phase,model_key,rank,alpha,dataset_key,method_key,seed_key,run_name,label,precision,recall,f1,support
main,deberta,8,16,iltur_cl,category_lora,42,main__deberta__r8a16__iltur_cl__category_lora__seed42,ARG,0.6308411214953271,0.6818181818181818,0.6553398058252428,198.0
main,deberta,8,16,iltur_cl,category_lora,42,main__deberta__r8a16__iltur_cl__category_lora__seed42,FAC,0.56,0.8,0.6588235294117647,245.0
main,deberta,8,16,iltur_cl,category_lora,42,main__deberta__r8a16__iltur_cl__category_lora__seed42,PRE,0.6204819277108434,0.41365461847389556,0.4963855421686747,249.0
main,deberta,8,16,iltur_cl,category_lora,42,main__deberta__r8a16__iltur_cl__category_lora__seed42,RATIO,0.5916473317865429,0.5889145496535797,0.5902777777777778,433.0
main,deberta,8,16,iltur_cl,category_lora,42,main__deberta__r8a16__iltur_cl__category_lora__seed42,RLC,0.0,0.0,0.0,23.0
main,deberta,8,16,iltur_cl,category_lora,42,main__deberta__r8a16__iltur_cl__category_lora__seed42,RPC,0.5833333333333334,0.5833333333333334,0.5833333333333334,12.0
main,deberta,8,16,iltur_cl,category_lora,42,main__deberta__r8a16__iltur_cl__category_lora__seed42,STA,0.7464788732394366,0.6235294117647059,0.6794871794871795,85.0
main,deberta,8,16,iltur_cl,category_lora,43,main__deberta__r8a16__iltur_cl__category_lora__seed43,ARG,0.6397849462365591,0.601010101010101,0.6197916666666666,198.0
main,deberta,8,16,iltur_cl,category_lora,43,main__deberta__r8a16__iltur_cl__category_lora__seed43,FAC,0.5277777777777778,0.7755102040816326,0.628099173553719,245.0
main,deberta,8,16,iltur_cl,category_lora,43,main__deberta__r8a16__iltur_cl__category_lora__seed43,PRE,0.5483870967741935,0.40963855421686746,0.4689655172413793,249.0
main,deberta,8,16,iltur_cl,category_lora,43,main__deberta__r8a16__iltur_cl__category_lora__seed43,RATIO,0.5714285714285714,0.581986143187067,0.5766590389016019,433.0
main,deberta,8,16,iltur_cl,category_lora,43,main__deberta__r8a16__iltur_cl__category_lora__seed43,RLC,0.0,0.0,0.0,23.0
main,deberta,8,16,iltur_cl,category_lora,43,main__deberta__r8a16__iltur_cl__category_lora__seed43,RPC,0.0,0.0,0.0,12.0
main,deberta,8,16,iltur_cl,category_lora,43,main__deberta__r8a16__iltur_cl__category_lora__seed43,STA,0.6901408450704225,0.5764705882352941,0.6282051282051282,85.0
main,deberta,8,16,iltur_cl,category_lora,44,main__deberta__r8a16__iltur_cl__category_lora__seed44,ARG,0.700507614213198,0.696969696969697,0.6987341772151898,198.0
main,deberta,8,16,iltur_cl,category_lora,44,main__deberta__r8a16__iltur_cl__category_lora__seed44,FAC,0.48717948717948717,0.8530612244897959,0.6201780415430267,245.0
main,deberta,8,16,iltur_cl,category_lora,44,main__deberta__r8a16__iltur_cl__category_lora__seed44,PRE,0.6174496644295302,0.36947791164658633,0.4623115577889447,249.0
main,deberta,8,16,iltur_cl,category_lora,44,main__deberta__r8a16__iltur_cl__category_lora__seed44,RATIO,0.6020942408376964,0.5311778290993071,0.5644171779141104,433.0
main,deberta,8,16,iltur_cl,category_lora,44,main__deberta__r8a16__iltur_cl__category_lora__seed44,RLC,0.0,0.0,0.0,23.0
main,deberta,8,16,iltur_cl,category_lora,44,main__deberta__r8a16__iltur_cl__category_lora__seed44,RPC,0.2727272727272727,0.25,0.2608695652173913,12.0
main,deberta,8,16,iltur_cl,category_lora,44,main__deberta__r8a16__iltur_cl__category_lora__seed44,STA,0.6493506493506493,0.5882352941176471,0.6172839506172839,85.0
main,deberta,8,16,iltur_cl,frozen,42,main__deberta__r8a16__iltur_cl__frozen__seed42,ARG,0.0,0.0,0.0,198.0
main,deberta,8,16,iltur_cl,frozen,42,main__deberta__r8a16__iltur_cl__frozen__seed42,FAC,0.32040472175379425,0.7755102040816326,0.45346062052505964,245.0
main,deberta,8,16,iltur_cl,frozen,42,main__deberta__r8a16__iltur_cl__frozen__seed42,PRE,1.0,0.004016064257028112,0.008,249.0
main,deberta,8,16,iltur_cl,frozen,42,main__deberta__r8a16__iltur_cl__frozen__seed42,RATIO,0.38304552590266877,0.5635103926096998,0.45607476635514016,433.0
main,deberta,8,16,iltur_cl,frozen,42,main__deberta__r8a16__iltur_cl__frozen__seed42,RLC,0.0,0.0,0.0,23.0
main,deberta,8,16,iltur_cl,frozen,42,main__deberta__r8a16__iltur_cl__frozen__seed42,RPC,0.0,0.0,0.0,12.0
main,deberta,8,16,iltur_cl,frozen,42,main__deberta__r8a16__iltur_cl__frozen__seed42,STA,0.6,0.07058823529411765,0.12631578947368421,85.0
main,deberta,8,16,iltur_cl,frozen,43,main__deberta__r8a16__iltur_cl__frozen__seed43,ARG,0.6666666666666666,0.010101010101010102,0.01990049751243781,198.0
main,deberta,8,16,iltur_cl,frozen,43,main__deberta__r8a16__iltur_cl__frozen__seed43,FAC,0.2920962199312715,0.6938775510204082,0.4111245465538089,245.0
main,deberta,8,16,iltur_cl,frozen,43,main__deberta__r8a16__iltur_cl__frozen__seed43,PRE,0.0,0.0,0.0,249.0
main,deberta,8,16,iltur_cl,frozen,43,main__deberta__r8a16__iltur_cl__frozen__seed43,RATIO,0.3533026113671275,0.5311778290993071,0.42435424354243545,433.0
main,deberta,8,16,iltur_cl,frozen,43,main__deberta__r8a16__iltur_cl__frozen__seed43,RLC,0.0,0.0,0.0,23.0
main,deberta,8,16,iltur_cl,frozen,43,main__deberta__r8a16__iltur_cl__frozen__seed43,RPC,0.0,0.0,0.0,12.0
main,deberta,8,16,iltur_cl,frozen,43,main__deberta__r8a16__iltur_cl__frozen__seed43,STA,0.6666666666666666,0.07058823529411765,0.1276595744680851,85.0
main,deberta,8,16,iltur_cl,frozen,44,main__deberta__r8a16__iltur_cl__frozen__seed44,ARG,0.5,0.005050505050505051,0.01,198.0
main,deberta,8,16,iltur_cl,frozen,44,main__deberta__r8a16__iltur_cl__frozen__seed44,FAC,0.3173996175908222,0.6775510204081633,0.4322916666666667,245.0
main,deberta,8,16,iltur_cl,frozen,44,main__deberta__r8a16__iltur_cl__frozen__seed44,PRE,0.0,0.0,0.0,249.0
main,deberta,8,16,iltur_cl,frozen,44,main__deberta__r8a16__iltur_cl__frozen__seed44,RATIO,0.3700564971751412,0.605080831408776,0.45924627519719546,433.0
main,deberta,8,16,iltur_cl,frozen,44,main__deberta__r8a16__iltur_cl__frozen__seed44,RLC,0.0,0.0,0.0,23.0
main,deberta,8,16,iltur_cl,frozen,44,main__deberta__r8a16__iltur_cl__frozen__seed44,RPC,0.0,0.0,0.0,12.0
main,deberta,8,16,iltur_cl,frozen,44,main__deberta__r8a16__iltur_cl__frozen__seed44,STA,0.5,0.07058823529411765,0.12371134020618557,85.0
main,deberta,8,16,iltur_cl,full_ft,42,main__deberta__r8a16__iltur_cl__full_ft__seed42,ARG,0.5870445344129555,0.7323232323232324,0.651685393258427,198.0
main,deberta,8,16,iltur_cl,full_ft,42,main__deberta__r8a16__iltur_cl__full_ft__seed42,FAC,0.5542521994134897,0.7714285714285715,0.6450511945392492,245.0
main,deberta,8,16,iltur_cl,full_ft,42,main__deberta__r8a16__iltur_cl__full_ft__seed42,PRE,0.5879120879120879,0.42971887550200805,0.4965197215777262,249.0
main,deberta,8,16,iltur_cl,full_ft,42,main__deberta__r8a16__iltur_cl__full_ft__seed42,RATIO,0.6061452513966481,0.5011547344110855,0.5486725663716814,433.0
main,deberta,8,16,iltur_cl,full_ft,42,main__deberta__r8a16__iltur_cl__full_ft__seed42,RLC,0.1111111111111111,0.13043478260869565,0.12,23.0
main,deberta,8,16,iltur_cl,full_ft,42,main__deberta__r8a16__iltur_cl__full_ft__seed42,RPC,1.0,0.08333333333333333,0.15384615384615385,12.0
main,deberta,8,16,iltur_cl,full_ft,42,main__deberta__r8a16__iltur_cl__full_ft__seed42,STA,0.6629213483146067,0.6941176470588235,0.6781609195402298,85.0
main,deberta,8,16,iltur_cl,full_ft,43,main__deberta__r8a16__iltur_cl__full_ft__seed43,ARG,0.5209790209790209,0.7525252525252525,0.6157024793388429,198.0
main,deberta,8,16,iltur_cl,full_ft,43,main__deberta__r8a16__iltur_cl__full_ft__seed43,FAC,0.5584415584415584,0.7020408163265306,0.6220614828209765,245.0
main,deberta,8,16,iltur_cl,full_ft,43,main__deberta__r8a16__iltur_cl__full_ft__seed43,PRE,0.5797872340425532,0.43775100401606426,0.4988558352402746,249.0
main,deberta,8,16,iltur_cl,full_ft,43,main__deberta__r8a16__iltur_cl__full_ft__seed43,RATIO,0.6059701492537314,0.46882217090069284,0.5286458333333334,433.0
main,deberta,8,16,iltur_cl,full_ft,43,main__deberta__r8a16__iltur_cl__full_ft__seed43,RLC,0.08823529411764706,0.13043478260869565,0.10526315789473684,23.0
main,deberta,8,16,iltur_cl,full_ft,43,main__deberta__r8a16__iltur_cl__full_ft__seed43,RPC,0.35,0.5833333333333334,0.4375,12.0
main,deberta,8,16,iltur_cl,full_ft,43,main__deberta__r8a16__iltur_cl__full_ft__seed43,STA,0.7972972972972973,0.6941176470588235,0.7421383647798742,85.0
main,deberta,8,16,iltur_cl,full_ft,44,main__deberta__r8a16__iltur_cl__full_ft__seed44,ARG,0.5475285171102662,0.7272727272727273,0.6247288503253796,198.0
main,deberta,8,16,iltur_cl,full_ft,44,main__deberta__r8a16__iltur_cl__full_ft__seed44,FAC,0.5732899022801303,0.7183673469387755,0.6376811594202898,245.0
main,deberta,8,16,iltur_cl,full_ft,44,main__deberta__r8a16__iltur_cl__full_ft__seed44,PRE,0.5773195876288659,0.4497991967871486,0.5056433408577878,249.0
main,deberta,8,16,iltur_cl,full_ft,44,main__deberta__r8a16__iltur_cl__full_ft__seed44,RATIO,0.5863013698630137,0.4942263279445728,0.5363408521303258,433.0
main,deberta,8,16,iltur_cl,full_ft,44,main__deberta__r8a16__iltur_cl__full_ft__seed44,RLC,0.11764705882352941,0.08695652173913043,0.1,23.0
main,deberta,8,16,iltur_cl,full_ft,44,main__deberta__r8a16__iltur_cl__full_ft__seed44,RPC,0.36,0.75,0.4864864864864865,12.0
main,deberta,8,16,iltur_cl,full_ft,44,main__deberta__r8a16__iltur_cl__full_ft__seed44,STA,0.7567567567567568,0.6588235294117647,0.7044025157232704,85.0
main,deberta,8,16,iltur_cl,role_adapter,42,main__deberta__r8a16__iltur_cl__role_adapter__seed42,ARG,0.6061946902654868,0.6919191919191919,0.6462264150943396,198.0
main,deberta,8,16,iltur_cl,role_adapter,42,main__deberta__r8a16__iltur_cl__role_adapter__seed42,FAC,0.56657223796034,0.8163265306122449,0.6688963210702341,245.0
main,deberta,8,16,iltur_cl,role_adapter,42,main__deberta__r8a16__iltur_cl__role_adapter__seed42,PRE,0.621301775147929,0.42168674698795183,0.5023923444976076,249.0
main,deberta,8,16,iltur_cl,role_adapter,42,main__deberta__r8a16__iltur_cl__role_adapter__seed42,RATIO,0.5931372549019608,0.558891454965358,0.5755053507728894,433.0
main,deberta,8,16,iltur_cl,role_adapter,42,main__deberta__r8a16__iltur_cl__role_adapter__seed42,RLC,0.0,0.0,0.0,23.0
main,deberta,8,16,iltur_cl,role_adapter,42,main__deberta__r8a16__iltur_cl__role_adapter__seed42,RPC,0.5714285714285714,0.6666666666666666,0.6153846153846154,12.0
main,deberta,8,16,iltur_cl,role_adapter,42,main__deberta__r8a16__iltur_cl__role_adapter__seed42,STA,0.7333333333333333,0.6470588235294118,0.6875,85.0
main,deberta,8,16,iltur_cl,role_adapter,43,main__deberta__r8a16__iltur_cl__role_adapter__seed43,ARG,0.6818181818181818,0.6060606060606061,0.6417112299465241,198.0
main,deberta,8,16,iltur_cl,role_adapter,43,main__deberta__r8a16__iltur_cl__role_adapter__seed43,FAC,0.5303867403314917,0.7836734693877551,0.6326194398682042,245.0
main,deberta,8,16,iltur_cl,role_adapter,43,main__deberta__r8a16__iltur_cl__role_adapter__seed43,PRE,0.5738636363636364,0.40562248995983935,0.4752941176470588,249.0
main,deberta,8,16,iltur_cl,role_adapter,43,main__deberta__r8a16__iltur_cl__role_adapter__seed43,RATIO,0.5929978118161926,0.625866050808314,0.6089887640449438,433.0
main,deberta,8,16,iltur_cl,role_adapter,43,main__deberta__r8a16__iltur_cl__role_adapter__seed43,RLC,0.0,0.0,0.0,23.0
main,deberta,8,16,iltur_cl,role_adapter,43,main__deberta__r8a16__iltur_cl__role_adapter__seed43,RPC,0.0,0.0,0.0,12.0
main,deberta,8,16,iltur_cl,role_adapter,43,main__deberta__r8a16__iltur_cl__role_adapter__seed43,STA,0.6944444444444444,0.5882352941176471,0.6369426751592356,85.0
main,deberta,8,16,iltur_cl,role_adapter,44,main__deberta__r8a16__iltur_cl__role_adapter__seed44,ARG,0.6716417910447762,0.6818181818181818,0.6766917293233082,198.0
main,deberta,8,16,iltur_cl,role_adapter,44,main__deberta__r8a16__iltur_cl__role_adapter__seed44,FAC,0.4987714987714988,0.8285714285714286,0.6226993865030674,245.0
main,deberta,8,16,iltur_cl,role_adapter,44,main__deberta__r8a16__iltur_cl__role_adapter__seed44,PRE,0.6054421768707483,0.357429718875502,0.4494949494949495,249.0
main,deberta,8,16,iltur_cl,role_adapter,44,main__deberta__r8a16__iltur_cl__role_adapter__seed44,RATIO,0.5862068965517241,0.5496535796766744,0.567342073897497,433.0
main,deberta,8,16,iltur_cl,role_adapter,44,main__deberta__r8a16__iltur_cl__role_adapter__seed44,RLC,0.0,0.0,0.0,23.0
main,deberta,8,16,iltur_cl,role_adapter,44,main__deberta__r8a16__iltur_cl__role_adapter__seed44,RPC,0.25,0.08333333333333333,0.125,12.0
main,deberta,8,16,iltur_cl,role_adapter,44,main__deberta__r8a16__iltur_cl__role_adapter__seed44,STA,0.6375,0.6,0.6181818181818182,85.0
main,deberta,8,16,iltur_cl,shared_lora,42,main__deberta__r8a16__iltur_cl__shared_lora__seed42,ARG,0.6012658227848101,0.4797979797979798,0.5337078651685393,198.0
main,deberta,8,16,iltur_cl,shared_lora,42,main__deberta__r8a16__iltur_cl__shared_lora__seed42,FAC,0.5114285714285715,0.7306122448979592,0.6016806722689075,245.0
main,deberta,8,16,iltur_cl,shared_lora,42,main__deberta__r8a16__iltur_cl__shared_lora__seed42,PRE,0.47555555555555556,0.42971887550200805,0.45147679324894513,249.0
main,deberta,8,16,iltur_cl,shared_lora,42,main__deberta__r8a16__iltur_cl__shared_lora__seed42,RATIO,0.5064655172413793,0.5427251732101617,0.5239687848383501,433.0
main,deberta,8,16,iltur_cl,shared_lora,42,main__deberta__r8a16__iltur_cl__shared_lora__seed42,RLC,0.0,0.0,0.0,23.0
main,deberta,8,16,iltur_cl,shared_lora,42,main__deberta__r8a16__iltur_cl__shared_lora__seed42,RPC,0.0,0.0,0.0,12.0
main,deberta,8,16,iltur_cl,shared_lora,42,main__deberta__r8a16__iltur_cl__shared_lora__seed42,STA,0.8541666666666666,0.4823529411764706,0.6165413533834586,85.0
main,deberta,8,16,iltur_cl,shared_lora,43,main__deberta__r8a16__iltur_cl__shared_lora__seed43,ARG,0.5392156862745098,0.5555555555555556,0.5472636815920398,198.0
main,deberta,8,16,iltur_cl,shared_lora,43,main__deberta__r8a16__iltur_cl__shared_lora__seed43,FAC,0.49507389162561577,0.8204081632653061,0.6175115207373272,245.0
main,deberta,8,16,iltur_cl,shared_lora,43,main__deberta__r8a16__iltur_cl__shared_lora__seed43,PRE,0.5666666666666667,0.40963855421686746,0.4755244755244755,249.0
main,deberta,8,16,iltur_cl,shared_lora,43,main__deberta__r8a16__iltur_cl__shared_lora__seed43,RATIO,0.5765027322404371,0.48729792147806006,0.5281602002503129,433.0
main,deberta,8,16,iltur_cl,shared_lora,43,main__deberta__r8a16__iltur_cl__shared_lora__seed43,RLC,0.0,0.0,0.0,23.0
main,deberta,8,16,iltur_cl,shared_lora,43,main__deberta__r8a16__iltur_cl__shared_lora__seed43,RPC,0.0,0.0,0.0,12.0
main,deberta,8,16,iltur_cl,shared_lora,43,main__deberta__r8a16__iltur_cl__shared_lora__seed43,STA,0.6067415730337079,0.6352941176470588,0.6206896551724138,85.0
main,deberta,8,16,iltur_cl,shared_lora,44,main__deberta__r8a16__iltur_cl__shared_lora__seed44,ARG,0.5187165775401069,0.4898989898989899,0.5038961038961038,198.0
main,deberta,8,16,iltur_cl,shared_lora,44,main__deberta__r8a16__iltur_cl__shared_lora__seed44,FAC,0.5294117647058824,0.7346938775510204,0.6153846153846154,245.0
main,deberta,8,16,iltur_cl,shared_lora,44,main__deberta__r8a16__iltur_cl__shared_lora__seed44,PRE,0.39556962025316456,0.5020080321285141,0.4424778761061947,249.0
main,deberta,8,16,iltur_cl,shared_lora,44,main__deberta__r8a16__iltur_cl__shared_lora__seed44,RATIO,0.5447761194029851,0.5057736720554272,0.5245508982035928,433.0
main,deberta,8,16,iltur_cl,shared_lora,44,main__deberta__r8a16__iltur_cl__shared_lora__seed44,RLC,0.0,0.0,0.0,23.0
main,deberta,8,16,iltur_cl,shared_lora,44,main__deberta__r8a16__iltur_cl__shared_lora__seed44,RPC,0.0,0.0,0.0,12.0
main,deberta,8,16,iltur_cl,shared_lora,44,main__deberta__r8a16__iltur_cl__shared_lora__seed44,STA,0.0,0.0,0.0,85.0
main,deberta,8,16,iltur_cl,shared_lora_widehead,42,main__deberta__r8a16__iltur_cl__shared_lora_widehead__seed42,ARG,0.5972850678733032,0.6666666666666666,0.630071599045346,198.0
main,deberta,8,16,iltur_cl,shared_lora_widehead,42,main__deberta__r8a16__iltur_cl__shared_lora_widehead__seed42,FAC,0.5401662049861495,0.7959183673469388,0.6435643564356436,245.0
main,deberta,8,16,iltur_cl,shared_lora_widehead,42,main__deberta__r8a16__iltur_cl__shared_lora_widehead__seed42,PRE,0.591715976331361,0.40160642570281124,0.4784688995215311,249.0
main,deberta,8,16,iltur_cl,shared_lora_widehead,42,main__deberta__r8a16__iltur_cl__shared_lora_widehead__seed42,RATIO,0.5721153846153846,0.5496535796766744,0.5606595995288575,433.0
main,deberta,8,16,iltur_cl,shared_lora_widehead,42,main__deberta__r8a16__iltur_cl__shared_lora_widehead__seed42,RLC,0.0,0.0,0.0,23.0
main,deberta,8,16,iltur_cl,shared_lora_widehead,42,main__deberta__r8a16__iltur_cl__shared_lora_widehead__seed42,RPC,0.0,0.0,0.0,12.0
main,deberta,8,16,iltur_cl,shared_lora_widehead,42,main__deberta__r8a16__iltur_cl__shared_lora_widehead__seed42,STA,0.6666666666666666,0.611764705882353,0.6380368098159509,85.0
main,deberta,8,16,iltur_cl,shared_lora_widehead,43,main__deberta__r8a16__iltur_cl__shared_lora_widehead__seed43,ARG,0.5759162303664922,0.5555555555555556,0.5655526992287918,198.0
main,deberta,8,16,iltur_cl,shared_lora_widehead,43,main__deberta__r8a16__iltur_cl__shared_lora_widehead__seed43,FAC,0.56,0.7428571428571429,0.6385964912280702,245.0
main,deberta,8,16,iltur_cl,shared_lora_widehead,43,main__deberta__r8a16__iltur_cl__shared_lora_widehead__seed43,PRE,0.5066079295154186,0.46184738955823296,0.4831932773109244,249.0
main,deberta,8,16,iltur_cl,shared_lora_widehead,43,main__deberta__r8a16__iltur_cl__shared_lora_widehead__seed43,RATIO,0.5687203791469194,0.5542725173210161,0.5614035087719298,433.0
main,deberta,8,16,iltur_cl,shared_lora_widehead,43,main__deberta__r8a16__iltur_cl__shared_lora_widehead__seed43,RLC,0.0,0.0,0.0,23.0
main,deberta,8,16,iltur_cl,shared_lora_widehead,43,main__deberta__r8a16__iltur_cl__shared_lora_widehead__seed43,RPC,0.0,0.0,0.0,12.0
main,deberta,8,16,iltur_cl,shared_lora_widehead,43,main__deberta__r8a16__iltur_cl__shared_lora_widehead__seed43,STA,0.6375,0.6,0.6181818181818182,85.0
main,deberta,8,16,iltur_cl,shared_lora_widehead,44,main__deberta__r8a16__iltur_cl__shared_lora_widehead__seed44,ARG,0.5970873786407767,0.6212121212121212,0.6089108910891089,198.0
main,deberta,8,16,iltur_cl,shared_lora_widehead,44,main__deberta__r8a16__iltur_cl__shared_lora_widehead__seed44,FAC,0.5056179775280899,0.7346938775510204,0.5990016638935108,245.0
main,deberta,8,16,iltur_cl,shared_lora_widehead,44,main__deberta__r8a16__iltur_cl__shared_lora_widehead__seed44,PRE,0.6176470588235294,0.42168674698795183,0.5011933174224343,249.0
main,deberta,8,16,iltur_cl,shared_lora_widehead,44,main__deberta__r8a16__iltur_cl__shared_lora_widehead__seed44,RATIO,0.5545454545454546,0.5635103926096998,0.5589919816723941,433.0
main,deberta,8,16,iltur_cl,shared_lora_widehead,44,main__deberta__r8a16__iltur_cl__shared_lora_widehead__seed44,RLC,0.0,0.0,0.0,23.0
main,deberta,8,16,iltur_cl,shared_lora_widehead,44,main__deberta__r8a16__iltur_cl__shared_lora_widehead__seed44,RPC,0.0,0.0,0.0,12.0
main,deberta,8,16,iltur_cl,shared_lora_widehead,44,main__deberta__r8a16__iltur_cl__shared_lora_widehead__seed44,STA,0.684931506849315,0.5882352941176471,0.6329113924050633,85.0
main,deberta,8,16,iltur_it,category_lora,42,main__deberta__r8a16__iltur_it__category_lora__seed42,ARG,0.5245901639344263,0.5981308411214953,0.5589519650655022,107.0
main,deberta,8,16,iltur_it,category_lora,42,main__deberta__r8a16__iltur_it__category_lora__seed42,FAC,0.6357615894039735,0.732824427480916,0.6808510638297872,131.0
main,deberta,8,16,iltur_it,category_lora,42,main__deberta__r8a16__iltur_it__category_lora__seed42,PRE,0.5686274509803921,0.4084507042253521,0.47540983606557374,142.0
main,deberta,8,16,iltur_it,category_lora,42,main__deberta__r8a16__iltur_it__category_lora__seed42,RATIO,0.44405594405594406,0.7559523809523809,0.5594713656387665,168.0
main,deberta,8,16,iltur_it,category_lora,42,main__deberta__r8a16__iltur_it__category_lora__seed42,RLC,0.5,0.010416666666666666,0.02040816326530612,96.0
main,deberta,8,16,iltur_it,category_lora,42,main__deberta__r8a16__iltur_it__category_lora__seed42,RPC,0.0,0.0,0.0,21.0
main,deberta,8,16,iltur_it,category_lora,42,main__deberta__r8a16__iltur_it__category_lora__seed42,STA,0.7474747474747475,0.7628865979381443,0.7551020408163265,97.0
main,deberta,8,16,iltur_it,category_lora,43,main__deberta__r8a16__iltur_it__category_lora__seed43,ARG,0.5869565217391305,0.5046728971962616,0.542713567839196,107.0
main,deberta,8,16,iltur_it,category_lora,43,main__deberta__r8a16__iltur_it__category_lora__seed43,FAC,0.5595854922279793,0.8244274809160306,0.6666666666666666,131.0
main,deberta,8,16,iltur_it,category_lora,43,main__deberta__r8a16__iltur_it__category_lora__seed43,PRE,0.691358024691358,0.39436619718309857,0.5022421524663677,142.0
main,deberta,8,16,iltur_it,category_lora,43,main__deberta__r8a16__iltur_it__category_lora__seed43,RATIO,0.4811715481171548,0.6845238095238095,0.5651105651105651,168.0
main,deberta,8,16,iltur_it,category_lora,43,main__deberta__r8a16__iltur_it__category_lora__seed43,RLC,0.5185185185185185,0.14583333333333334,0.22764227642276422,96.0
main,deberta,8,16,iltur_it,category_lora,43,main__deberta__r8a16__iltur_it__category_lora__seed43,RPC,0.4166666666666667,0.23809523809523808,0.30303030303030304,21.0
main,deberta,8,16,iltur_it,category_lora,43,main__deberta__r8a16__iltur_it__category_lora__seed43,STA,0.652542372881356,0.7938144329896907,0.7162790697674418,97.0
main,deberta,8,16,iltur_it,category_lora,44,main__deberta__r8a16__iltur_it__category_lora__seed44,ARG,0.6705882352941176,0.5327102803738317,0.59375,107.0
main,deberta,8,16,iltur_it,category_lora,44,main__deberta__r8a16__iltur_it__category_lora__seed44,FAC,0.5233644859813084,0.8549618320610687,0.6492753623188405,131.0
main,deberta,8,16,iltur_it,category_lora,44,main__deberta__r8a16__iltur_it__category_lora__seed44,PRE,0.5370370370370371,0.4084507042253521,0.464,142.0
main,deberta,8,16,iltur_it,category_lora,44,main__deberta__r8a16__iltur_it__category_lora__seed44,RATIO,0.47107438016528924,0.6785714285714286,0.5560975609756098,168.0
main,deberta,8,16,iltur_it,category_lora,44,main__deberta__r8a16__iltur_it__category_lora__seed44,RLC,1.0,0.010416666666666666,0.020618556701030927,96.0
main,deberta,8,16,iltur_it,category_lora,44,main__deberta__r8a16__iltur_it__category_lora__seed44,RPC,0.7,0.3333333333333333,0.45161290322580644,21.0
main,deberta,8,16,iltur_it,category_lora,44,main__deberta__r8a16__iltur_it__category_lora__seed44,STA,0.7058823529411765,0.7422680412371134,0.7236180904522613,97.0
main,deberta,8,16,iltur_it,frozen,42,main__deberta__r8a16__iltur_it__frozen__seed42,ARG,0.3333333333333333,0.009345794392523364,0.01818181818181818,107.0
main,deberta,8,16,iltur_it,frozen,42,main__deberta__r8a16__iltur_it__frozen__seed42,FAC,0.4032258064516129,0.3816793893129771,0.39215686274509803,131.0
main,deberta,8,16,iltur_it,frozen,42,main__deberta__r8a16__iltur_it__frozen__seed42,PRE,0.0,0.0,0.0,142.0
main,deberta,8,16,iltur_it,frozen,42,main__deberta__r8a16__iltur_it__frozen__seed42,RATIO,0.2707641196013289,0.9702380952380952,0.42337662337662335,168.0
main,deberta,8,16,iltur_it,frozen,42,main__deberta__r8a16__iltur_it__frozen__seed42,RLC,0.0,0.0,0.0,96.0
main,deberta,8,16,iltur_it,frozen,42,main__deberta__r8a16__iltur_it__frozen__seed42,RPC,0.0,0.0,0.0,21.0
main,deberta,8,16,iltur_it,frozen,42,main__deberta__r8a16__iltur_it__frozen__seed42,STA,0.5757575757575758,0.1958762886597938,0.2923076923076923,97.0
main,deberta,8,16,iltur_it,frozen,43,main__deberta__r8a16__iltur_it__frozen__seed43,ARG,0.125,0.009345794392523364,0.017391304347826087,107.0
main,deberta,8,16,iltur_it,frozen,43,main__deberta__r8a16__iltur_it__frozen__seed43,FAC,0.3157894736842105,0.0916030534351145,0.14201183431952663,131.0
main,deberta,8,16,iltur_it,frozen,43,main__deberta__r8a16__iltur_it__frozen__seed43,PRE,0.0,0.0,0.0,142.0
main,deberta,8,16,iltur_it,frozen,43,main__deberta__r8a16__iltur_it__frozen__seed43,RATIO,0.2434017595307918,0.9880952380952381,0.3905882352941176,168.0
main,deberta,8,16,iltur_it,frozen,43,main__deberta__r8a16__iltur_it__frozen__seed43,RLC,0.0,0.0,0.0,96.0
main,deberta,8,16,iltur_it,frozen,43,main__deberta__r8a16__iltur_it__frozen__seed43,RPC,0.0,0.0,0.0,21.0
main,deberta,8,16,iltur_it,frozen,43,main__deberta__r8a16__iltur_it__frozen__seed43,STA,0.6176470588235294,0.21649484536082475,0.32061068702290074,97.0
main,deberta,8,16,iltur_it,frozen,44,main__deberta__r8a16__iltur_it__frozen__seed44,ARG,0.5,0.009345794392523364,0.01834862385321101,107.0
main,deberta,8,16,iltur_it,frozen,44,main__deberta__r8a16__iltur_it__frozen__seed44,FAC,0.3333333333333333,0.11450381679389313,0.17045454545454544,131.0
main,deberta,8,16,iltur_it,frozen,44,main__deberta__r8a16__iltur_it__frozen__seed44,PRE,0.0,0.0,0.0,142.0
main,deberta,8,16,iltur_it,frozen,44,main__deberta__r8a16__iltur_it__frozen__seed44,RATIO,0.2420749279538905,1.0,0.38979118329466356,168.0
main,deberta,8,16,iltur_it,frozen,44,main__deberta__r8a16__iltur_it__frozen__seed44,RLC,0.0,0.0,0.0,96.0
main,deberta,8,16,iltur_it,frozen,44,main__deberta__r8a16__iltur_it__frozen__seed44,RPC,0.0,0.0,0.0,21.0
main,deberta,8,16,iltur_it,frozen,44,main__deberta__r8a16__iltur_it__frozen__seed44,STA,0.5714285714285714,0.12371134020618557,0.2033898305084746,97.0
main,deberta,8,16,iltur_it,full_ft,42,main__deberta__r8a16__iltur_it__full_ft__seed42,ARG,0.7222222222222222,0.6074766355140186,0.6598984771573604,107.0
main,deberta,8,16,iltur_it,full_ft,42,main__deberta__r8a16__iltur_it__full_ft__seed42,FAC,0.68,0.7786259541984732,0.7259786476868327,131.0
main,deberta,8,16,iltur_it,full_ft,42,main__deberta__r8a16__iltur_it__full_ft__seed42,PRE,0.6557377049180327,0.5633802816901409,0.6060606060606061,142.0
main,deberta,8,16,iltur_it,full_ft,42,main__deberta__r8a16__iltur_it__full_ft__seed42,RATIO,0.5221238938053098,0.7023809523809523,0.5989847715736041,168.0
main,deberta,8,16,iltur_it,full_ft,42,main__deberta__r8a16__iltur_it__full_ft__seed42,RLC,0.7083333333333334,0.3541666666666667,0.4722222222222222,96.0
main,deberta,8,16,iltur_it,full_ft,42,main__deberta__r8a16__iltur_it__full_ft__seed42,RPC,0.6842105263157895,0.6190476190476191,0.65,21.0
main,deberta,8,16,iltur_it,full_ft,42,main__deberta__r8a16__iltur_it__full_ft__seed42,STA,0.7289719626168224,0.8041237113402062,0.7647058823529411,97.0
main,deberta,8,16,iltur_it,full_ft,43,main__deberta__r8a16__iltur_it__full_ft__seed43,ARG,0.7564102564102564,0.5514018691588785,0.6378378378378379,107.0
main,deberta,8,16,iltur_it,full_ft,43,main__deberta__r8a16__iltur_it__full_ft__seed43,FAC,0.7152777777777778,0.7862595419847328,0.7490909090909091,131.0
main,deberta,8,16,iltur_it,full_ft,43,main__deberta__r8a16__iltur_it__full_ft__seed43,PRE,0.6979166666666666,0.47183098591549294,0.5630252100840336,142.0
main,deberta,8,16,iltur_it,full_ft,43,main__deberta__r8a16__iltur_it__full_ft__seed43,RATIO,0.502092050209205,0.7142857142857143,0.5896805896805897,168.0
main,deberta,8,16,iltur_it,full_ft,43,main__deberta__r8a16__iltur_it__full_ft__seed43,RLC,0.6166666666666667,0.3854166666666667,0.47435897435897434,96.0
main,deberta,8,16,iltur_it,full_ft,43,main__deberta__r8a16__iltur_it__full_ft__seed43,RPC,0.5882352941176471,0.47619047619047616,0.5263157894736842,21.0
main,deberta,8,16,iltur_it,full_ft,43,main__deberta__r8a16__iltur_it__full_ft__seed43,STA,0.6171875,0.8144329896907216,0.7022222222222222,97.0
main,deberta,8,16,iltur_it,full_ft,44,main__deberta__r8a16__iltur_it__full_ft__seed44,ARG,0.7241379310344828,0.5887850467289719,0.6494845360824743,107.0
main,deberta,8,16,iltur_it,full_ft,44,main__deberta__r8a16__iltur_it__full_ft__seed44,FAC,0.6928571428571428,0.7404580152671756,0.7158671586715867,131.0
main,deberta,8,16,iltur_it,full_ft,44,main__deberta__r8a16__iltur_it__full_ft__seed44,PRE,0.7087378640776699,0.5140845070422535,0.5959183673469388,142.0
main,deberta,8,16,iltur_it,full_ft,44,main__deberta__r8a16__iltur_it__full_ft__seed44,RATIO,0.49416342412451364,0.7559523809523809,0.5976470588235294,168.0
main,deberta,8,16,iltur_it,full_ft,44,main__deberta__r8a16__iltur_it__full_ft__seed44,RLC,0.6833333333333333,0.4270833333333333,0.5256410256410257,96.0
main,deberta,8,16,iltur_it,full_ft,44,main__deberta__r8a16__iltur_it__full_ft__seed44,RPC,0.5384615384615384,0.6666666666666666,0.5957446808510638,21.0
main,deberta,8,16,iltur_it,full_ft,44,main__deberta__r8a16__iltur_it__full_ft__seed44,STA,0.8202247191011236,0.7525773195876289,0.7849462365591398,97.0
main,deberta,8,16,iltur_it,role_adapter,42,main__deberta__r8a16__iltur_it__role_adapter__seed42,ARG,0.4918032786885246,0.5607476635514018,0.5240174672489083,107.0
main,deberta,8,16,iltur_it,role_adapter,42,main__deberta__r8a16__iltur_it__role_adapter__seed42,FAC,0.618421052631579,0.7175572519083969,0.6643109540636042,131.0
main,deberta,8,16,iltur_it,role_adapter,42,main__deberta__r8a16__iltur_it__role_adapter__seed42,PRE,0.5578947368421052,0.3732394366197183,0.4472573839662447,142.0
main,deberta,8,16,iltur_it,role_adapter,42,main__deberta__r8a16__iltur_it__role_adapter__seed42,RATIO,0.4564459930313589,0.7797619047619048,0.5758241758241758,168.0
main,deberta,8,16,iltur_it,role_adapter,42,main__deberta__r8a16__iltur_it__role_adapter__seed42,RLC,0.6666666666666666,0.020833333333333332,0.04040404040404041,96.0
main,deberta,8,16,iltur_it,role_adapter,42,main__deberta__r8a16__iltur_it__role_adapter__seed42,RPC,0.6,0.14285714285714285,0.23076923076923078,21.0
main,deberta,8,16,iltur_it,role_adapter,42,main__deberta__r8a16__iltur_it__role_adapter__seed42,STA,0.7346938775510204,0.7422680412371134,0.7384615384615385,97.0
main,deberta,8,16,iltur_it,role_adapter,43,main__deberta__r8a16__iltur_it__role_adapter__seed43,ARG,0.6,0.5327102803738317,0.5643564356435643,107.0
main,deberta,8,16,iltur_it,role_adapter,43,main__deberta__r8a16__iltur_it__role_adapter__seed43,FAC,0.5691489361702128,0.816793893129771,0.670846394984326,131.0
main,deberta,8,16,iltur_it,role_adapter,43,main__deberta__r8a16__iltur_it__role_adapter__seed43,PRE,0.5490196078431373,0.39436619718309857,0.45901639344262296,142.0
main,deberta,8,16,iltur_it,role_adapter,43,main__deberta__r8a16__iltur_it__role_adapter__seed43,RATIO,0.47520661157024796,0.6845238095238095,0.5609756097560976,168.0
main,deberta,8,16,iltur_it,role_adapter,43,main__deberta__r8a16__iltur_it__role_adapter__seed43,RLC,0.5,0.0625,0.1111111111111111,96.0
main,deberta,8,16,iltur_it,role_adapter,43,main__deberta__r8a16__iltur_it__role_adapter__seed43,RPC,0.5,0.19047619047619047,0.27586206896551724,21.0
main,deberta,8,16,iltur_it,role_adapter,43,main__deberta__r8a16__iltur_it__role_adapter__seed43,STA,0.6434782608695652,0.7628865979381443,0.6981132075471698,97.0
main,deberta,8,16,iltur_it,role_adapter,44,main__deberta__r8a16__iltur_it__role_adapter__seed44,ARG,0.6444444444444445,0.5420560747663551,0.5888324873096447,107.0
main,deberta,8,16,iltur_it,role_adapter,44,main__deberta__r8a16__iltur_it__role_adapter__seed44,FAC,0.5116279069767442,0.8396946564885496,0.6358381502890174,131.0
main,deberta,8,16,iltur_it,role_adapter,44,main__deberta__r8a16__iltur_it__role_adapter__seed44,PRE,0.5225225225225225,0.4084507042253521,0.45849802371541504,142.0
main,deberta,8,16,iltur_it,role_adapter,44,main__deberta__r8a16__iltur_it__role_adapter__seed44,RATIO,0.4892703862660944,0.6785714285714286,0.5685785536159601,168.0
main,deberta,8,16,iltur_it,role_adapter,44,main__deberta__r8a16__iltur_it__role_adapter__seed44,RLC,0.0,0.0,0.0,96.0
main,deberta,8,16,iltur_it,role_adapter,44,main__deberta__r8a16__iltur_it__role_adapter__seed44,RPC,0.5714285714285714,0.19047619047619047,0.2857142857142857,21.0
main,deberta,8,16,iltur_it,role_adapter,44,main__deberta__r8a16__iltur_it__role_adapter__seed44,STA,0.7075471698113207,0.7731958762886598,0.7389162561576355,97.0
main,deberta,8,16,iltur_it,shared_lora,42,main__deberta__r8a16__iltur_it__shared_lora__seed42,ARG,0.448,0.5233644859813084,0.4827586206896552,107.0
main,deberta,8,16,iltur_it,shared_lora,42,main__deberta__r8a16__iltur_it__shared_lora__seed42,FAC,0.5409836065573771,0.7557251908396947,0.6305732484076433,131.0
main,deberta,8,16,iltur_it,shared_lora,42,main__deberta__r8a16__iltur_it__shared_lora__seed42,PRE,0.7424242424242424,0.34507042253521125,0.47115384615384615,142.0
main,deberta,8,16,iltur_it,shared_lora,42,main__deberta__r8a16__iltur_it__shared_lora__seed42,RATIO,0.467680608365019,0.7321428571428571,0.5707656612529002,168.0
main,deberta,8,16,iltur_it,shared_lora,42,main__deberta__r8a16__iltur_it__shared_lora__seed42,RLC,0.0,0.0,0.0,96.0
main,deberta,8,16,iltur_it,shared_lora,42,main__deberta__r8a16__iltur_it__shared_lora__seed42,RPC,0.0,0.0,0.0,21.0
main,deberta,8,16,iltur_it,shared_lora,42,main__deberta__r8a16__iltur_it__shared_lora__seed42,STA,0.608,0.7835051546391752,0.6846846846846847,97.0
main,deberta,8,16,iltur_it,shared_lora,43,main__deberta__r8a16__iltur_it__shared_lora__seed43,ARG,0.4065040650406504,0.4672897196261682,0.43478260869565216,107.0
main,deberta,8,16,iltur_it,shared_lora,43,main__deberta__r8a16__iltur_it__shared_lora__seed43,FAC,0.6201117318435754,0.8473282442748091,0.7161290322580646,131.0
main,deberta,8,16,iltur_it,shared_lora,43,main__deberta__r8a16__iltur_it__shared_lora__seed43,PRE,0.5657894736842105,0.3028169014084507,0.3944954128440367,142.0
main,deberta,8,16,iltur_it,shared_lora,43,main__deberta__r8a16__iltur_it__shared_lora__seed43,RATIO,0.453125,0.6904761904761905,0.5471698113207547,168.0
main,deberta,8,16,iltur_it,shared_lora,43,main__deberta__r8a16__iltur_it__shared_lora__seed43,RLC,0.0,0.0,0.0,96.0
main,deberta,8,16,iltur_it,shared_lora,43,main__deberta__r8a16__iltur_it__shared_lora__seed43,RPC,0.0,0.0,0.0,21.0
main,deberta,8,16,iltur_it,shared_lora,43,main__deberta__r8a16__iltur_it__shared_lora__seed43,STA,0.6171875,0.8144329896907216,0.7022222222222222,97.0
main,deberta,8,16,iltur_it,shared_lora,44,main__deberta__r8a16__iltur_it__shared_lora__seed44,ARG,0.6,0.5046728971962616,0.5482233502538071,107.0
main,deberta,8,16,iltur_it,shared_lora,44,main__deberta__r8a16__iltur_it__shared_lora__seed44,FAC,0.6022727272727273,0.8091603053435115,0.6905537459283387,131.0
main,deberta,8,16,iltur_it,shared_lora,44,main__deberta__r8a16__iltur_it__shared_lora__seed44,PRE,0.49523809523809526,0.36619718309859156,0.42105263157894735,142.0
main,deberta,8,16,iltur_it,shared_lora,44,main__deberta__r8a16__iltur_it__shared_lora__seed44,RATIO,0.4461538461538462,0.6904761904761905,0.5420560747663551,168.0
main,deberta,8,16,iltur_it,shared_lora,44,main__deberta__r8a16__iltur_it__shared_lora__seed44,RLC,0.0,0.0,0.0,96.0
main,deberta,8,16,iltur_it,shared_lora,44,main__deberta__r8a16__iltur_it__shared_lora__seed44,RPC,0.0,0.0,0.0,21.0
main,deberta,8,16,iltur_it,shared_lora,44,main__deberta__r8a16__iltur_it__shared_lora__seed44,STA,0.6106870229007634,0.8247422680412371,0.7017543859649122,97.0
main,deberta,8,16,iltur_it,shared_lora_widehead,42,main__deberta__r8a16__iltur_it__shared_lora_widehead__seed42,ARG,0.5420560747663551,0.5420560747663551,0.5420560747663551,107.0
main,deberta,8,16,iltur_it,shared_lora_widehead,42,main__deberta__r8a16__iltur_it__shared_lora_widehead__seed42,FAC,0.5683060109289617,0.7938931297709924,0.6624203821656051,131.0
main,deberta,8,16,iltur_it,shared_lora_widehead,42,main__deberta__r8a16__iltur_it__shared_lora_widehead__seed42,PRE,0.6282051282051282,0.34507042253521125,0.44545454545454544,142.0
main,deberta,8,16,iltur_it,shared_lora_widehead,42,main__deberta__r8a16__iltur_it__shared_lora_widehead__seed42,RATIO,0.4575645756457565,0.7380952380952381,0.5649202733485194,168.0
main,deberta,8,16,iltur_it,shared_lora_widehead,42,main__deberta__r8a16__iltur_it__shared_lora_widehead__seed42,RLC,0.0,0.0,0.0,96.0
main,deberta,8,16,iltur_it,shared_lora_widehead,42,main__deberta__r8a16__iltur_it__shared_lora_widehead__seed42,RPC,0.0,0.0,0.0,21.0
main,deberta,8,16,iltur_it,shared_lora_widehead,42,main__deberta__r8a16__iltur_it__shared_lora_widehead__seed42,STA,0.6341463414634146,0.8041237113402062,0.7090909090909091,97.0
main,deberta,8,16,iltur_it,shared_lora_widehead,43,main__deberta__r8a16__iltur_it__shared_lora_widehead__seed43,ARG,0.6629213483146067,0.5514018691588785,0.6020408163265306,107.0
main,deberta,8,16,iltur_it,shared_lora_widehead,43,main__deberta__r8a16__iltur_it__shared_lora_widehead__seed43,FAC,0.5775401069518716,0.8244274809160306,0.6792452830188679,131.0
main,deberta,8,16,iltur_it,shared_lora_widehead,43,main__deberta__r8a16__iltur_it__shared_lora_widehead__seed43,PRE,0.5729166666666666,0.3873239436619718,0.46218487394957986,142.0
main,deberta,8,16,iltur_it,shared_lora_widehead,43,main__deberta__r8a16__iltur_it__shared_lora_widehead__seed43,RATIO,0.4745098039215686,0.7202380952380952,0.5721040189125296,168.0
main,deberta,8,16,iltur_it,shared_lora_widehead,43,main__deberta__r8a16__iltur_it__shared_lora_widehead__seed43,RLC,0.38461538461538464,0.052083333333333336,0.09174311926605505,96.0
main,deberta,8,16,iltur_it,shared_lora_widehead,43,main__deberta__r8a16__iltur_it__shared_lora_widehead__seed43,RPC,0.0,0.0,0.0,21.0
main,deberta,8,16,iltur_it,shared_lora_widehead,43,main__deberta__r8a16__iltur_it__shared_lora_widehead__seed43,STA,0.6446280991735537,0.8041237113402062,0.7155963302752294,97.0
main,deberta,8,16,iltur_it,shared_lora_widehead,44,main__deberta__r8a16__iltur_it__shared_lora_widehead__seed44,ARG,0.6375,0.4766355140186916,0.5454545454545454,107.0
main,deberta,8,16,iltur_it,shared_lora_widehead,44,main__deberta__r8a16__iltur_it__shared_lora_widehead__seed44,FAC,0.5483870967741935,0.7786259541984732,0.6435331230283912,131.0
main,deberta,8,16,iltur_it,shared_lora_widehead,44,main__deberta__r8a16__iltur_it__shared_lora_widehead__seed44,PRE,0.5138888888888888,0.2605633802816901,0.34579439252336447,142.0
main,deberta,8,16,iltur_it,shared_lora_widehead,44,main__deberta__r8a16__iltur_it__shared_lora_widehead__seed44,RATIO,0.4186046511627907,0.75,0.5373134328358209,168.0
main,deberta,8,16,iltur_it,shared_lora_widehead,44,main__deberta__r8a16__iltur_it__shared_lora_widehead__seed44,RLC,0.45454545454545453,0.052083333333333336,0.09345794392523364,96.0
main,deberta,8,16,iltur_it,shared_lora_widehead,44,main__deberta__r8a16__iltur_it__shared_lora_widehead__seed44,RPC,0.5,0.09523809523809523,0.16,21.0
main,deberta,8,16,iltur_it,shared_lora_widehead,44,main__deberta__r8a16__iltur_it__shared_lora_widehead__seed44,STA,0.6851851851851852,0.7628865979381443,0.7219512195121951,97.0
main,deberta,8,16,legaleval,category_lora,42,main__deberta__r8a16__legaleval__category_lora__seed42,ARG,0.7222222222222222,0.7373134328358208,0.7296898079763663,335.0
main,deberta,8,16,legaleval,category_lora,42,main__deberta__r8a16__legaleval__category_lora__seed42,FAC,0.8466321243523316,0.8938730853391685,0.8696114954763172,914.0
main,deberta,8,16,legaleval,category_lora,42,main__deberta__r8a16__legaleval__category_lora__seed42,PRE,0.6030927835051546,0.823943661971831,0.6964285714285714,142.0
main,deberta,8,16,legaleval,category_lora,42,main__deberta__r8a16__legaleval__category_lora__seed42,RATIO,0.6571428571428571,0.35658914728682173,0.4623115577889447,129.0
main,deberta,8,16,legaleval,category_lora,42,main__deberta__r8a16__legaleval__category_lora__seed42,RLC,0.578125,0.42528735632183906,0.4900662251655629,87.0
main,deberta,8,16,legaleval,category_lora,42,main__deberta__r8a16__legaleval__category_lora__seed42,RPC,0.776595744680851,0.7564766839378239,0.7664041994750657,193.0
main,deberta,8,16,legaleval,category_lora,42,main__deberta__r8a16__legaleval__category_lora__seed42,STA,0.8611111111111112,0.5254237288135594,0.6526315789473685,59.0
main,deberta,8,16,legaleval,category_lora,43,main__deberta__r8a16__legaleval__category_lora__seed43,ARG,0.75,0.6805970149253732,0.7136150234741784,335.0
main,deberta,8,16,legaleval,category_lora,43,main__deberta__r8a16__legaleval__category_lora__seed43,FAC,0.8496868475991649,0.8905908096280087,0.8696581196581197,914.0
main,deberta,8,16,legaleval,category_lora,43,main__deberta__r8a16__legaleval__category_lora__seed43,PRE,0.625,0.8098591549295775,0.7055214723926381,142.0
main,deberta,8,16,legaleval,category_lora,43,main__deberta__r8a16__legaleval__category_lora__seed43,RATIO,0.6179775280898876,0.4263565891472868,0.5045871559633027,129.0
main,deberta,8,16,legaleval,category_lora,43,main__deberta__r8a16__legaleval__category_lora__seed43,RLC,0.5581395348837209,0.5517241379310345,0.5549132947976878,87.0
main,deberta,8,16,legaleval,category_lora,43,main__deberta__r8a16__legaleval__category_lora__seed43,RPC,0.7883597883597884,0.772020725388601,0.7801047120418848,193.0
main,deberta,8,16,legaleval,category_lora,43,main__deberta__r8a16__legaleval__category_lora__seed43,STA,0.7551020408163265,0.6271186440677966,0.6851851851851852,59.0
main,deberta,8,16,legaleval,category_lora,44,main__deberta__r8a16__legaleval__category_lora__seed44,ARG,0.7217125382262997,0.7044776119402985,0.7129909365558912,335.0
main,deberta,8,16,legaleval,category_lora,44,main__deberta__r8a16__legaleval__category_lora__seed44,FAC,0.8521647307286166,0.8829321663019694,0.8672756582482536,914.0
main,deberta,8,16,legaleval,category_lora,44,main__deberta__r8a16__legaleval__category_lora__seed44,PRE,0.6455696202531646,0.7183098591549296,0.68,142.0
main,deberta,8,16,legaleval,category_lora,44,main__deberta__r8a16__legaleval__category_lora__seed44,RATIO,0.5714285714285714,0.43410852713178294,0.4933920704845815,129.0
main,deberta,8,16,legaleval,category_lora,44,main__deberta__r8a16__legaleval__category_lora__seed44,RLC,0.5510204081632653,0.6206896551724138,0.5837837837837838,87.0
main,deberta,8,16,legaleval,category_lora,44,main__deberta__r8a16__legaleval__category_lora__seed44,RPC,0.7944444444444444,0.7409326424870466,0.7667560321715817,193.0
main,deberta,8,16,legaleval,category_lora,44,main__deberta__r8a16__legaleval__category_lora__seed44,STA,0.7450980392156863,0.6440677966101694,0.6909090909090909,59.0
main,deberta,8,16,legaleval,frozen,42,main__deberta__r8a16__legaleval__frozen__seed42,ARG,0.5555555555555556,0.029850746268656716,0.056657223796033995,335.0
main,deberta,8,16,legaleval,frozen,42,main__deberta__r8a16__legaleval__frozen__seed42,FAC,0.5484662576687117,0.9781181619256017,0.7028301886792453,914.0
main,deberta,8,16,legaleval,frozen,42,main__deberta__r8a16__legaleval__frozen__seed42,PRE,0.41379310344827586,0.3380281690140845,0.37209302325581395,142.0
main,deberta,8,16,legaleval,frozen,42,main__deberta__r8a16__legaleval__frozen__seed42,RATIO,0.0,0.0,0.0,129.0
main,deberta,8,16,legaleval,frozen,42,main__deberta__r8a16__legaleval__frozen__seed42,RLC,0.0,0.0,0.0,87.0
main,deberta,8,16,legaleval,frozen,42,main__deberta__r8a16__legaleval__frozen__seed42,RPC,0.6847826086956522,0.32642487046632124,0.4421052631578947,193.0
main,deberta,8,16,legaleval,frozen,42,main__deberta__r8a16__legaleval__frozen__seed42,STA,0.3333333333333333,0.01694915254237288,0.03225806451612903,59.0
main,deberta,8,16,legaleval,frozen,43,main__deberta__r8a16__legaleval__frozen__seed43,ARG,0.6,0.008955223880597015,0.01764705882352941,335.0
main,deberta,8,16,legaleval,frozen,43,main__deberta__r8a16__legaleval__frozen__seed43,FAC,0.5274853801169591,0.986870897155361,0.6875,914.0
main,deberta,8,16,legaleval,frozen,43,main__deberta__r8a16__legaleval__frozen__seed43,PRE,0.44155844155844154,0.23943661971830985,0.3105022831050228,142.0
main,deberta,8,16,legaleval,frozen,43,main__deberta__r8a16__legaleval__frozen__seed43,RATIO,0.0,0.0,0.0,129.0
main,deberta,8,16,legaleval,frozen,43,main__deberta__r8a16__legaleval__frozen__seed43,RLC,0.0,0.0,0.0,87.0
main,deberta,8,16,legaleval,frozen,43,main__deberta__r8a16__legaleval__frozen__seed43,RPC,0.8301886792452831,0.22797927461139897,0.35772357723577236,193.0
main,deberta,8,16,legaleval,frozen,43,main__deberta__r8a16__legaleval__frozen__seed43,STA,0.5714285714285714,0.13559322033898305,0.2191780821917808,59.0
main,deberta,8,16,legaleval,frozen,44,main__deberta__r8a16__legaleval__frozen__seed44,ARG,0.3484848484848485,0.06865671641791045,0.11471321695760599,335.0
main,deberta,8,16,legaleval,frozen,44,main__deberta__r8a16__legaleval__frozen__seed44,FAC,0.5496932515337424,0.9803063457330415,0.7044025157232704,914.0
main,deberta,8,16,legaleval,frozen,44,main__deberta__r8a16__legaleval__frozen__seed44,PRE,0.4117647058823529,0.24647887323943662,0.30837004405286345,142.0
main,deberta,8,16,legaleval,frozen,44,main__deberta__r8a16__legaleval__frozen__seed44,RATIO,0.0,0.0,0.0,129.0
main,deberta,8,16,legaleval,frozen,44,main__deberta__r8a16__legaleval__frozen__seed44,RLC,0.0,0.0,0.0,87.0
main,deberta,8,16,legaleval,frozen,44,main__deberta__r8a16__legaleval__frozen__seed44,RPC,0.7733333333333333,0.3005181347150259,0.43283582089552236,193.0
main,deberta,8,16,legaleval,frozen,44,main__deberta__r8a16__legaleval__frozen__seed44,STA,0.6666666666666666,0.03389830508474576,0.06451612903225806,59.0
main,deberta,8,16,legaleval,full_ft,42,main__deberta__r8a16__legaleval__full_ft__seed42,ARG,0.7230320699708455,0.7402985074626866,0.7315634218289085,335.0
main,deberta,8,16,legaleval,full_ft,42,main__deberta__r8a16__legaleval__full_ft__seed42,FAC,0.858786610878661,0.8982494529540481,0.8780748663101604,914.0
main,deberta,8,16,legaleval,full_ft,42,main__deberta__r8a16__legaleval__full_ft__seed42,PRE,0.7581699346405228,0.8169014084507042,0.7864406779661017,142.0
main,deberta,8,16,legaleval,full_ft,42,main__deberta__r8a16__legaleval__full_ft__seed42,RATIO,0.7078651685393258,0.4883720930232558,0.5779816513761468,129.0
main,deberta,8,16,legaleval,full_ft,42,main__deberta__r8a16__legaleval__full_ft__seed42,RLC,0.6041666666666666,0.6666666666666666,0.6338797814207651,87.0
main,deberta,8,16,legaleval,full_ft,42,main__deberta__r8a16__legaleval__full_ft__seed42,RPC,0.8806818181818182,0.8031088082901554,0.8401084010840109,193.0
main,deberta,8,16,legaleval,full_ft,42,main__deberta__r8a16__legaleval__full_ft__seed42,STA,0.9347826086956522,0.7288135593220338,0.819047619047619,59.0
main,deberta,8,16,legaleval,full_ft,43,main__deberta__r8a16__legaleval__full_ft__seed43,ARG,0.7877813504823151,0.7313432835820896,0.7585139318885449,335.0
main,deberta,8,16,legaleval,full_ft,43,main__deberta__r8a16__legaleval__full_ft__seed43,FAC,0.8654661016949152,0.8938730853391685,0.8794402583423035,914.0
main,deberta,8,16,legaleval,full_ft,43,main__deberta__r8a16__legaleval__full_ft__seed43,PRE,0.7278481012658228,0.8098591549295775,0.7666666666666667,142.0
main,deberta,8,16,legaleval,full_ft,43,main__deberta__r8a16__legaleval__full_ft__seed43,RATIO,0.6285714285714286,0.5116279069767442,0.5641025641025641,129.0
main,deberta,8,16,legaleval,full_ft,43,main__deberta__r8a16__legaleval__full_ft__seed43,RLC,0.5959595959595959,0.6781609195402298,0.6344086021505376,87.0
main,deberta,8,16,legaleval,full_ft,43,main__deberta__r8a16__legaleval__full_ft__seed43,RPC,0.8210526315789474,0.8082901554404145,0.814621409921671,193.0
main,deberta,8,16,legaleval,full_ft,43,main__deberta__r8a16__legaleval__full_ft__seed43,STA,0.8653846153846154,0.7627118644067796,0.8108108108108109,59.0
main,deberta,8,16,legaleval,full_ft,44,main__deberta__r8a16__legaleval__full_ft__seed44,ARG,0.7663551401869159,0.7343283582089553,0.75,335.0
main,deberta,8,16,legaleval,full_ft,44,main__deberta__r8a16__legaleval__full_ft__seed44,FAC,0.8671625929861849,0.8927789934354485,0.8797843665768194,914.0
main,deberta,8,16,legaleval,full_ft,44,main__deberta__r8a16__legaleval__full_ft__seed44,PRE,0.6611111111111111,0.8380281690140845,0.7391304347826086,142.0
main,deberta,8,16,legaleval,full_ft,44,main__deberta__r8a16__legaleval__full_ft__seed44,RATIO,0.7341772151898734,0.4496124031007752,0.5576923076923077,129.0
main,deberta,8,16,legaleval,full_ft,44,main__deberta__r8a16__legaleval__full_ft__seed44,RLC,0.5523809523809524,0.6666666666666666,0.6041666666666666,87.0
main,deberta,8,16,legaleval,full_ft,44,main__deberta__r8a16__legaleval__full_ft__seed44,RPC,0.856353591160221,0.8031088082901554,0.8288770053475936,193.0
main,deberta,8,16,legaleval,full_ft,44,main__deberta__r8a16__legaleval__full_ft__seed44,STA,0.8653846153846154,0.7627118644067796,0.8108108108108109,59.0
main,deberta,8,16,legaleval,role_adapter,42,main__deberta__r8a16__legaleval__role_adapter__seed42,ARG,0.7763157894736842,0.7044776119402985,0.7386541471048513,335.0
main,deberta,8,16,legaleval,role_adapter,42,main__deberta__r8a16__legaleval__role_adapter__seed42,FAC,0.8490759753593429,0.9048140043763676,0.8760593220338984,914.0
main,deberta,8,16,legaleval,role_adapter,42,main__deberta__r8a16__legaleval__role_adapter__seed42,PRE,0.6338797814207651,0.8169014084507042,0.7138461538461538,142.0
main,deberta,8,16,legaleval,role_adapter,42,main__deberta__r8a16__legaleval__role_adapter__seed42,RATIO,0.6666666666666666,0.40310077519379844,0.5024154589371981,129.0
main,deberta,8,16,legaleval,role_adapter,42,main__deberta__r8a16__legaleval__role_adapter__seed42,RLC,0.5625,0.5172413793103449,0.5389221556886228,87.0
main,deberta,8,16,legaleval,role_adapter,42,main__deberta__r8a16__legaleval__role_adapter__seed42,RPC,0.7835051546391752,0.7875647668393783,0.7855297157622739,193.0
main,deberta,8,16,legaleval,role_adapter,42,main__deberta__r8a16__legaleval__role_adapter__seed42,STA,0.782608695652174,0.6101694915254238,0.6857142857142857,59.0
main,deberta,8,16,legaleval,role_adapter,43,main__deberta__r8a16__legaleval__role_adapter__seed43,ARG,0.7419354838709677,0.6865671641791045,0.7131782945736435,335.0
main,deberta,8,16,legaleval,role_adapter,43,main__deberta__r8a16__legaleval__role_adapter__seed43,FAC,0.8527865404837014,0.887308533916849,0.8697050938337801,914.0
main,deberta,8,16,legaleval,role_adapter,43,main__deberta__r8a16__legaleval__role_adapter__seed43,PRE,0.6333333333333333,0.8028169014084507,0.7080745341614907,142.0
main,deberta,8,16,legaleval,role_adapter,43,main__deberta__r8a16__legaleval__role_adapter__seed43,RATIO,0.6444444444444445,0.4496124031007752,0.5296803652968036,129.0
main,deberta,8,16,legaleval,role_adapter,43,main__deberta__r8a16__legaleval__role_adapter__seed43,RLC,0.5617977528089888,0.5747126436781609,0.5681818181818182,87.0
main,deberta,8,16,legaleval,role_adapter,43,main__deberta__r8a16__legaleval__role_adapter__seed43,RPC,0.7835051546391752,0.7875647668393783,0.7855297157622739,193.0
main,deberta,8,16,legaleval,role_adapter,43,main__deberta__r8a16__legaleval__role_adapter__seed43,STA,0.8222222222222222,0.6271186440677966,0.7115384615384616,59.0
main,deberta,8,16,legaleval,role_adapter,44,main__deberta__r8a16__legaleval__role_adapter__seed44,ARG,0.7275541795665634,0.7014925373134329,0.7142857142857143,335.0
main,deberta,8,16,legaleval,role_adapter,44,main__deberta__r8a16__legaleval__role_adapter__seed44,FAC,0.85068349106204,0.8851203501094091,0.8675603217158177,914.0
main,deberta,8,16,legaleval,role_adapter,44,main__deberta__r8a16__legaleval__role_adapter__seed44,PRE,0.6463414634146342,0.7464788732394366,0.6928104575163399,142.0
main,deberta,8,16,legaleval,role_adapter,44,main__deberta__r8a16__legaleval__role_adapter__seed44,RATIO,0.6021505376344086,0.43410852713178294,0.5045045045045045,129.0
main,deberta,8,16,legaleval,role_adapter,44,main__deberta__r8a16__legaleval__role_adapter__seed44,RLC,0.6,0.6206896551724138,0.6101694915254238,87.0
main,deberta,8,16,legaleval,role_adapter,44,main__deberta__r8a16__legaleval__role_adapter__seed44,RPC,0.7668393782383419,0.7668393782383419,0.7668393782383419,193.0
main,deberta,8,16,legaleval,role_adapter,44,main__deberta__r8a16__legaleval__role_adapter__seed44,STA,0.7777777777777778,0.5932203389830508,0.6730769230769231,59.0
main,deberta,8,16,legaleval,shared_lora,42,main__deberta__r8a16__legaleval__shared_lora__seed42,ARG,0.7051671732522796,0.6925373134328359,0.6987951807228916,335.0
main,deberta,8,16,legaleval,shared_lora,42,main__deberta__r8a16__legaleval__shared_lora__seed42,FAC,0.8478260869565217,0.8960612691466083,0.8712765957446809,914.0
main,deberta,8,16,legaleval,shared_lora,42,main__deberta__r8a16__legaleval__shared_lora__seed42,PRE,0.4897119341563786,0.8380281690140845,0.6181818181818182,142.0
main,deberta,8,16,legaleval,shared_lora,42,main__deberta__r8a16__legaleval__shared_lora__seed42,RATIO,0.673469387755102,0.2558139534883721,0.3707865168539326,129.0
main,deberta,8,16,legaleval,shared_lora,42,main__deberta__r8a16__legaleval__shared_lora__seed42,RLC,0.5686274509803921,0.3333333333333333,0.42028985507246375,87.0
main,deberta,8,16,legaleval,shared_lora,42,main__deberta__r8a16__legaleval__shared_lora__seed42,RPC,0.669683257918552,0.7668393782383419,0.714975845410628,193.0
main,deberta,8,16,legaleval,shared_lora,42,main__deberta__r8a16__legaleval__shared_lora__seed42,STA,0.0,0.0,0.0,59.0
main,deberta,8,16,legaleval,shared_lora,43,main__deberta__r8a16__legaleval__shared_lora__seed43,ARG,0.6900584795321637,0.7044776119402985,0.6971935007385525,335.0
main,deberta,8,16,legaleval,shared_lora,43,main__deberta__r8a16__legaleval__shared_lora__seed43,FAC,0.8562231759656652,0.8730853391684902,0.8645720476706392,914.0
main,deberta,8,16,legaleval,shared_lora,43,main__deberta__r8a16__legaleval__shared_lora__seed43,PRE,0.5020746887966805,0.852112676056338,0.6318537859007833,142.0
main,deberta,8,16,legaleval,shared_lora,43,main__deberta__r8a16__legaleval__shared_lora__seed43,RATIO,0.625,0.15503875968992248,0.2484472049689441,129.0
main,deberta,8,16,legaleval,shared_lora,43,main__deberta__r8a16__legaleval__shared_lora__seed43,RLC,0.5942028985507246,0.47126436781609193,0.5256410256410257,87.0
main,deberta,8,16,legaleval,shared_lora,43,main__deberta__r8a16__legaleval__shared_lora__seed43,RPC,0.7004405286343612,0.8238341968911918,0.7571428571428571,193.0
main,deberta,8,16,legaleval,shared_lora,43,main__deberta__r8a16__legaleval__shared_lora__seed43,STA,0.6875,0.1864406779661017,0.29333333333333333,59.0
main,deberta,8,16,legaleval,shared_lora,44,main__deberta__r8a16__legaleval__shared_lora__seed44,ARG,0.6508379888268156,0.6955223880597015,0.6724386724386724,335.0
main,deberta,8,16,legaleval,shared_lora,44,main__deberta__r8a16__legaleval__shared_lora__seed44,FAC,0.8524416135881104,0.8785557986870897,0.865301724137931,914.0
main,deberta,8,16,legaleval,shared_lora,44,main__deberta__r8a16__legaleval__shared_lora__seed44,PRE,0.4591439688715953,0.8309859154929577,0.5914786967418546,142.0
main,deberta,8,16,legaleval,shared_lora,44,main__deberta__r8a16__legaleval__shared_lora__seed44,RATIO,0.7777777777777778,0.05426356589147287,0.10144927536231885,129.0
main,deberta,8,16,legaleval,shared_lora,44,main__deberta__r8a16__legaleval__shared_lora__seed44,RLC,0.5645161290322581,0.40229885057471265,0.4697986577181208,87.0
main,deberta,8,16,legaleval,shared_lora,44,main__deberta__r8a16__legaleval__shared_lora__seed44,RPC,0.6796536796536796,0.8134715025906736,0.7405660377358491,193.0
main,deberta,8,16,legaleval,shared_lora,44,main__deberta__r8a16__legaleval__shared_lora__seed44,STA,0.0,0.0,0.0,59.0
main,deberta,8,16,legaleval,shared_lora_widehead,42,main__deberta__r8a16__legaleval__shared_lora_widehead__seed42,ARG,0.7304075235109718,0.6955223880597015,0.7125382262996942,335.0
main,deberta,8,16,legaleval,shared_lora_widehead,42,main__deberta__r8a16__legaleval__shared_lora_widehead__seed42,FAC,0.8464730290456431,0.8927789934354485,0.8690095846645367,914.0
main,deberta,8,16,legaleval,shared_lora_widehead,42,main__deberta__r8a16__legaleval__shared_lora_widehead__seed42,PRE,0.6084656084656085,0.8098591549295775,0.6948640483383686,142.0
main,deberta,8,16,legaleval,shared_lora_widehead,42,main__deberta__r8a16__legaleval__shared_lora_widehead__seed42,RATIO,0.5833333333333334,0.2713178294573643,0.37037037037037035,129.0
main,deberta,8,16,legaleval,shared_lora_widehead,42,main__deberta__r8a16__legaleval__shared_lora_widehead__seed42,RLC,0.5076923076923077,0.3793103448275862,0.4342105263157895,87.0
main,deberta,8,16,legaleval,shared_lora_widehead,42,main__deberta__r8a16__legaleval__shared_lora_widehead__seed42,RPC,0.7089201877934272,0.7823834196891192,0.7438423645320197,193.0
main,deberta,8,16,legaleval,shared_lora_widehead,42,main__deberta__r8a16__legaleval__shared_lora_widehead__seed42,STA,0.7142857142857143,0.5932203389830508,0.6481481481481481,59.0
main,deberta,8,16,legaleval,shared_lora_widehead,43,main__deberta__r8a16__legaleval__shared_lora_widehead__seed43,ARG,0.6798780487804879,0.6656716417910448,0.6726998491704375,335.0
main,deberta,8,16,legaleval,shared_lora_widehead,43,main__deberta__r8a16__legaleval__shared_lora_widehead__seed43,FAC,0.8267875125881168,0.8982494529540481,0.8610382800209754,914.0
main,deberta,8,16,legaleval,shared_lora_widehead,43,main__deberta__r8a16__legaleval__shared_lora_widehead__seed43,PRE,0.527027027027027,0.823943661971831,0.6428571428571429,142.0
main,deberta,8,16,legaleval,shared_lora_widehead,43,main__deberta__r8a16__legaleval__shared_lora_widehead__seed43,RATIO,0.6545454545454545,0.27906976744186046,0.391304347826087,129.0
main,deberta,8,16,legaleval,shared_lora_widehead,43,main__deberta__r8a16__legaleval__shared_lora_widehead__seed43,RLC,0.5925925925925926,0.367816091954023,0.45390070921985815,87.0
main,deberta,8,16,legaleval,shared_lora_widehead,43,main__deberta__r8a16__legaleval__shared_lora_widehead__seed43,RPC,0.7330097087378641,0.7823834196891192,0.7568922305764411,193.0
main,deberta,8,16,legaleval,shared_lora_widehead,43,main__deberta__r8a16__legaleval__shared_lora_widehead__seed43,STA,0.0,0.0,0.0,59.0
main,deberta,8,16,legaleval,shared_lora_widehead,44,main__deberta__r8a16__legaleval__shared_lora_widehead__seed44,ARG,0.6557377049180327,0.7164179104477612,0.6847360912981455,335.0
main,deberta,8,16,legaleval,shared_lora_widehead,44,main__deberta__r8a16__legaleval__shared_lora_widehead__seed44,FAC,0.8473684210526315,0.8807439824945296,0.8637339055793991,914.0
main,deberta,8,16,legaleval,shared_lora_widehead,44,main__deberta__r8a16__legaleval__shared_lora_widehead__seed44,PRE,0.5846153846153846,0.8028169014084507,0.6765578635014837,142.0
main,deberta,8,16,legaleval,shared_lora_widehead,44,main__deberta__r8a16__legaleval__shared_lora_widehead__seed44,RATIO,0.6511627906976745,0.21705426356589147,0.32558139534883723,129.0
main,deberta,8,16,legaleval,shared_lora_widehead,44,main__deberta__r8a16__legaleval__shared_lora_widehead__seed44,RLC,0.5344827586206896,0.3563218390804598,0.42758620689655175,87.0
main,deberta,8,16,legaleval,shared_lora_widehead,44,main__deberta__r8a16__legaleval__shared_lora_widehead__seed44,RPC,0.7330097087378641,0.7823834196891192,0.7568922305764411,193.0
main,deberta,8,16,legaleval,shared_lora_widehead,44,main__deberta__r8a16__legaleval__shared_lora_widehead__seed44,STA,0.8048780487804879,0.559322033898305,0.66,59.0
main,deberta,8,16,marro_india,category_lora,42,main__deberta__r8a16__marro_india__category_lora__seed42,ARG,0.7890625,0.6733333333333333,0.7266187050359713,150.0
main,deberta,8,16,marro_india,category_lora,42,main__deberta__r8a16__marro_india__category_lora__seed42,FAC,0.6219135802469136,0.7261261261261261,0.6699916874480466,555.0
main,deberta,8,16,marro_india,category_lora,42,main__deberta__r8a16__marro_india__category_lora__seed42,PRE,0.7301587301587301,0.23711340206185566,0.35797665369649806,388.0
main,deberta,8,16,marro_india,category_lora,42,main__deberta__r8a16__marro_india__category_lora__seed42,RATIO,0.5488069414316703,0.8442714126807565,0.6652059596844873,899.0
main,deberta,8,16,marro_india,category_lora,42,main__deberta__r8a16__marro_india__category_lora__seed42,RLC,1.0,0.041884816753926704,0.08040201005025126,191.0
main,deberta,8,16,marro_india,category_lora,42,main__deberta__r8a16__marro_india__category_lora__seed42,RPC,0.8235294117647058,0.4077669902912621,0.5454545454545454,103.0
main,deberta,8,16,marro_india,category_lora,42,main__deberta__r8a16__marro_india__category_lora__seed42,STA,0.8378378378378378,0.6642857142857143,0.7410358565737052,280.0
main,deberta,8,16,marro_india,category_lora,43,main__deberta__r8a16__marro_india__category_lora__seed43,ARG,0.7611940298507462,0.68,0.7183098591549296,150.0
main,deberta,8,16,marro_india,category_lora,43,main__deberta__r8a16__marro_india__category_lora__seed43,FAC,0.6279434850863422,0.7207207207207207,0.6711409395973155,555.0
main,deberta,8,16,marro_india,category_lora,43,main__deberta__r8a16__marro_india__category_lora__seed43,PRE,0.7317073170731707,0.23195876288659795,0.3522504892367906,388.0
main,deberta,8,16,marro_india,category_lora,43,main__deberta__r8a16__marro_india__category_lora__seed43,RATIO,0.551624548736462,0.8498331479421579,0.6690017513134852,899.0
main,deberta,8,16,marro_india,category_lora,43,main__deberta__r8a16__marro_india__category_lora__seed43,RLC,1.0,0.041884816753926704,0.08040201005025126,191.0
main,deberta,8,16,marro_india,category_lora,43,main__deberta__r8a16__marro_india__category_lora__seed43,RPC,0.8431372549019608,0.4174757281553398,0.5584415584415584,103.0
main,deberta,8,16,marro_india,category_lora,43,main__deberta__r8a16__marro_india__category_lora__seed43,STA,0.8114035087719298,0.6607142857142857,0.7283464566929134,280.0
main,deberta,8,16,marro_india,category_lora,44,main__deberta__r8a16__marro_india__category_lora__seed44,ARG,0.7786259541984732,0.68,0.7259786476868327,150.0
main,deberta,8,16,marro_india,category_lora,44,main__deberta__r8a16__marro_india__category_lora__seed44,FAC,0.6248037676609105,0.7171171171171171,0.6677852348993288,555.0
main,deberta,8,16,marro_india,category_lora,44,main__deberta__r8a16__marro_india__category_lora__seed44,PRE,0.7358490566037735,0.20103092783505155,0.3157894736842105,388.0
main,deberta,8,16,marro_india,category_lora,44,main__deberta__r8a16__marro_india__category_lora__seed44,RATIO,0.5397607318789585,0.8531701890989989,0.6612068965517242,899.0
main,deberta,8,16,marro_india,category_lora,44,main__deberta__r8a16__marro_india__category_lora__seed44,RLC,1.0,0.020942408376963352,0.041025641025641026,191.0
main,deberta,8,16,marro_india,category_lora,44,main__deberta__r8a16__marro_india__category_lora__seed44,RPC,0.8333333333333334,0.33980582524271846,0.4827586206896552,103.0
main,deberta,8,16,marro_india,category_lora,44,main__deberta__r8a16__marro_india__category_lora__seed44,STA,0.8311111111111111,0.6678571428571428,0.7405940594059406,280.0
main,deberta,8,16,marro_india,frozen,42,main__deberta__r8a16__marro_india__frozen__seed42,ARG,0.0,0.0,0.0,150.0
main,deberta,8,16,marro_india,frozen,42,main__deberta__r8a16__marro_india__frozen__seed42,FAC,0.5587188612099644,0.5657657657657658,0.5622202327663384,555.0
main,deberta,8,16,marro_india,frozen,42,main__deberta__r8a16__marro_india__frozen__seed42,PRE,0.0,0.0,0.0,388.0
main,deberta,8,16,marro_india,frozen,42,main__deberta__r8a16__marro_india__frozen__seed42,RATIO,0.4063904143784324,0.9054505005561735,0.5609924190213645,899.0
main,deberta,8,16,marro_india,frozen,42,main__deberta__r8a16__marro_india__frozen__seed42,RLC,0.0,0.0,0.0,191.0
main,deberta,8,16,marro_india,frozen,42,main__deberta__r8a16__marro_india__frozen__seed42,RPC,0.0,0.0,0.0,103.0
main,deberta,8,16,marro_india,frozen,42,main__deberta__r8a16__marro_india__frozen__seed42,STA,0.0,0.0,0.0,280.0
main,deberta,8,16,marro_india,frozen,43,main__deberta__r8a16__marro_india__frozen__seed43,ARG,0.0,0.0,0.0,150.0
main,deberta,8,16,marro_india,frozen,43,main__deberta__r8a16__marro_india__frozen__seed43,FAC,0.517557251908397,0.6108108108108108,0.5603305785123966,555.0
main,deberta,8,16,marro_india,frozen,43,main__deberta__r8a16__marro_india__frozen__seed43,PRE,0.0,0.0,0.0,388.0
main,deberta,8,16,marro_india,frozen,43,main__deberta__r8a16__marro_india__frozen__seed43,RATIO,0.4170591313448456,0.8865406006674083,0.5672597864768684,899.0
main,deberta,8,16,marro_india,frozen,43,main__deberta__r8a16__marro_india__frozen__seed43,RLC,0.0,0.0,0.0,191.0
main,deberta,8,16,marro_india,frozen,43,main__deberta__r8a16__marro_india__frozen__seed43,RPC,0.0,0.0,0.0,103.0
main,deberta,8,16,marro_india,frozen,43,main__deberta__r8a16__marro_india__frozen__seed43,STA,0.0,0.0,0.0,280.0
main,deberta,8,16,marro_india,frozen,44,main__deberta__r8a16__marro_india__frozen__seed44,ARG,0.0,0.0,0.0,150.0
main,deberta,8,16,marro_india,frozen,44,main__deberta__r8a16__marro_india__frozen__seed44,FAC,0.5895522388059702,0.28468468468468466,0.3839611178614824,555.0
main,deberta,8,16,marro_india,frozen,44,main__deberta__r8a16__marro_india__frozen__seed44,PRE,0.0,0.0,0.0,388.0
main,deberta,8,16,marro_india,frozen,44,main__deberta__r8a16__marro_india__frozen__seed44,RATIO,0.376362843436546,0.9599555061179088,0.5407268170426065,899.0
main,deberta,8,16,marro_india,frozen,44,main__deberta__r8a16__marro_india__frozen__seed44,RLC,0.0,0.0,0.0,191.0
main,deberta,8,16,marro_india,frozen,44,main__deberta__r8a16__marro_india__frozen__seed44,RPC,1.0,0.019417475728155338,0.0380952380952381,103.0
main,deberta,8,16,marro_india,frozen,44,main__deberta__r8a16__marro_india__frozen__seed44,STA,0.6666666666666666,0.007142857142857143,0.014134275618374558,280.0
main,deberta,8,16,marro_india,full_ft,42,main__deberta__r8a16__marro_india__full_ft__seed42,ARG,0.7536231884057971,0.6933333333333334,0.7222222222222222,150.0
main,deberta,8,16,marro_india,full_ft,42,main__deberta__r8a16__marro_india__full_ft__seed42,FAC,0.6274193548387097,0.7009009009009008,0.6621276595744681,555.0
main,deberta,8,16,marro_india,full_ft,42,main__deberta__r8a16__marro_india__full_ft__seed42,PRE,0.7189189189189189,0.3427835051546392,0.4642233856893543,388.0
main,deberta,8,16,marro_india,full_ft,42,main__deberta__r8a16__marro_india__full_ft__seed42,RATIO,0.5750577367205543,0.8309232480533927,0.6797088262056415,899.0
main,deberta,8,16,marro_india,full_ft,42,main__deberta__r8a16__marro_india__full_ft__seed42,RLC,0.7586206896551724,0.11518324607329843,0.2,191.0
main,deberta,8,16,marro_india,full_ft,42,main__deberta__r8a16__marro_india__full_ft__seed42,RPC,0.8235294117647058,0.4077669902912621,0.5454545454545454,103.0
main,deberta,8,16,marro_india,full_ft,42,main__deberta__r8a16__marro_india__full_ft__seed42,STA,0.7991803278688525,0.6964285714285714,0.7442748091603053,280.0
main,deberta,8,16,marro_india,full_ft,43,main__deberta__r8a16__marro_india__full_ft__seed43,ARG,0.7578125,0.6466666666666666,0.697841726618705,150.0
main,deberta,8,16,marro_india,full_ft,43,main__deberta__r8a16__marro_india__full_ft__seed43,FAC,0.6122159090909091,0.7765765765765765,0.6846703733121525,555.0
main,deberta,8,16,marro_india,full_ft,43,main__deberta__r8a16__marro_india__full_ft__seed43,PRE,0.7267441860465116,0.32216494845360827,0.44642857142857145,388.0
main,deberta,8,16,marro_india,full_ft,43,main__deberta__r8a16__marro_india__full_ft__seed43,RATIO,0.6091286307053941,0.8164627363737486,0.6977186311787072,899.0
main,deberta,8,16,marro_india,full_ft,43,main__deberta__r8a16__marro_india__full_ft__seed43,RLC,0.7619047619047619,0.08376963350785341,0.1509433962264151,191.0
main,deberta,8,16,marro_india,full_ft,43,main__deberta__r8a16__marro_india__full_ft__seed43,RPC,0.86,0.4174757281553398,0.5620915032679739,103.0
main,deberta,8,16,marro_india,full_ft,43,main__deberta__r8a16__marro_india__full_ft__seed43,STA,0.7762237762237763,0.7928571428571428,0.784452296819788,280.0
main,deberta,8,16,marro_india,full_ft,44,main__deberta__r8a16__marro_india__full_ft__seed44,ARG,0.7430555555555556,0.7133333333333334,0.7278911564625851,150.0
main,deberta,8,16,marro_india,full_ft,44,main__deberta__r8a16__marro_india__full_ft__seed44,FAC,0.5625744934445769,0.8504504504504504,0.6771879483500718,555.0
main,deberta,8,16,marro_india,full_ft,44,main__deberta__r8a16__marro_india__full_ft__seed44,PRE,0.7482993197278912,0.28350515463917525,0.411214953271028,388.0
main,deberta,8,16,marro_india,full_ft,44,main__deberta__r8a16__marro_india__full_ft__seed44,RATIO,0.6119402985074627,0.7753058954393771,0.6840039254170756,899.0
main,deberta,8,16,marro_india,full_ft,44,main__deberta__r8a16__marro_india__full_ft__seed44,RLC,0.6666666666666666,0.05235602094240838,0.0970873786407767,191.0
main,deberta,8,16,marro_india,full_ft,44,main__deberta__r8a16__marro_india__full_ft__seed44,RPC,0.8333333333333334,0.3883495145631068,0.5298013245033113,103.0
main,deberta,8,16,marro_india,full_ft,44,main__deberta__r8a16__marro_india__full_ft__seed44,STA,0.8162393162393162,0.6821428571428572,0.7431906614785992,280.0
main,deberta,8,16,marro_india,role_adapter,42,main__deberta__r8a16__marro_india__role_adapter__seed42,ARG,0.7862595419847328,0.6866666666666666,0.7330960854092526,150.0
main,deberta,8,16,marro_india,role_adapter,42,main__deberta__r8a16__marro_india__role_adapter__seed42,FAC,0.621861152141802,0.7585585585585586,0.6834415584415584,555.0
main,deberta,8,16,marro_india,role_adapter,42,main__deberta__r8a16__marro_india__role_adapter__seed42,PRE,0.7338709677419355,0.2345360824742268,0.35546875,388.0
main,deberta,8,16,marro_india,role_adapter,42,main__deberta__r8a16__marro_india__role_adapter__seed42,RATIO,0.5601783060921248,0.8387096774193549,0.6717149220489977,899.0
main,deberta,8,16,marro_india,role_adapter,42,main__deberta__r8a16__marro_india__role_adapter__seed42,RLC,1.0,0.03664921465968586,0.0707070707070707,191.0
main,deberta,8,16,marro_india,role_adapter,42,main__deberta__r8a16__marro_india__role_adapter__seed42,RPC,0.7916666666666666,0.36893203883495146,0.5033112582781457,103.0
main,deberta,8,16,marro_india,role_adapter,42,main__deberta__r8a16__marro_india__role_adapter__seed42,STA,0.8283261802575107,0.6892857142857143,0.7524366471734892,280.0
main,deberta,8,16,marro_india,role_adapter,43,main__deberta__r8a16__marro_india__role_adapter__seed43,ARG,0.7681159420289855,0.7066666666666667,0.7361111111111112,150.0
main,deberta,8,16,marro_india,role_adapter,43,main__deberta__r8a16__marro_india__role_adapter__seed43,FAC,0.6290571870170015,0.7333333333333333,0.6772046589018302,555.0
main,deberta,8,16,marro_india,role_adapter,43,main__deberta__r8a16__marro_india__role_adapter__seed43,PRE,0.7542372881355932,0.22938144329896906,0.35177865612648224,388.0
main,deberta,8,16,marro_india,role_adapter,43,main__deberta__r8a16__marro_india__role_adapter__seed43,RATIO,0.5523809523809524,0.8387096774193549,0.666077738515901,899.0
main,deberta,8,16,marro_india,role_adapter,43,main__deberta__r8a16__marro_india__role_adapter__seed43,RLC,0.8333333333333334,0.05235602094240838,0.09852216748768473,191.0
main,deberta,8,16,marro_india,role_adapter,43,main__deberta__r8a16__marro_india__role_adapter__seed43,RPC,0.7818181818181819,0.4174757281553398,0.5443037974683544,103.0
main,deberta,8,16,marro_india,role_adapter,43,main__deberta__r8a16__marro_india__role_adapter__seed43,STA,0.8095238095238095,0.6678571428571428,0.7318982387475538,280.0
main,deberta,8,16,marro_india,role_adapter,44,main__deberta__r8a16__marro_india__role_adapter__seed44,ARG,0.7744360902255639,0.6866666666666666,0.7279151943462897,150.0
main,deberta,8,16,marro_india,role_adapter,44,main__deberta__r8a16__marro_india__role_adapter__seed44,FAC,0.6238532110091743,0.7351351351351352,0.674937965260546,555.0
main,deberta,8,16,marro_india,role_adapter,44,main__deberta__r8a16__marro_india__role_adapter__seed44,PRE,0.7741935483870968,0.18556701030927836,0.2993762993762994,388.0
main,deberta,8,16,marro_india,role_adapter,44,main__deberta__r8a16__marro_india__role_adapter__seed44,RATIO,0.5528396836808052,0.8553948832035595,0.6716157205240174,899.0
main,deberta,8,16,marro_india,role_adapter,44,main__deberta__r8a16__marro_india__role_adapter__seed44,RLC,0.5,0.005235602094240838,0.010362694300518135,191.0
main,deberta,8,16,marro_india,role_adapter,44,main__deberta__r8a16__marro_india__role_adapter__seed44,RPC,0.7916666666666666,0.36893203883495146,0.5033112582781457,103.0
main,deberta,8,16,marro_india,role_adapter,44,main__deberta__r8a16__marro_india__role_adapter__seed44,STA,0.8204081632653061,0.7178571428571429,0.7657142857142857,280.0
main,deberta,8,16,marro_india,shared_lora,42,main__deberta__r8a16__marro_india__shared_lora__seed42,ARG,0.7430555555555556,0.7133333333333334,0.7278911564625851,150.0
main,deberta,8,16,marro_india,shared_lora,42,main__deberta__r8a16__marro_india__shared_lora__seed42,FAC,0.6082621082621082,0.7693693693693694,0.6793953858392999,555.0
main,deberta,8,16,marro_india,shared_lora,42,main__deberta__r8a16__marro_india__shared_lora__seed42,PRE,0.7251908396946565,0.24484536082474226,0.36608863198458574,388.0
main,deberta,8,16,marro_india,shared_lora,42,main__deberta__r8a16__marro_india__shared_lora__seed42,RATIO,0.5758293838862559,0.8109010011123471,0.6734411085450347,899.0
main,deberta,8,16,marro_india,shared_lora,42,main__deberta__r8a16__marro_india__shared_lora__seed42,RLC,0.0,0.0,0.0,191.0
main,deberta,8,16,marro_india,shared_lora,42,main__deberta__r8a16__marro_india__shared_lora__seed42,RPC,0.6944444444444444,0.24271844660194175,0.3597122302158273,103.0
main,deberta,8,16,marro_india,shared_lora,42,main__deberta__r8a16__marro_india__shared_lora__seed42,STA,0.7491289198606271,0.7678571428571429,0.7583774250440917,280.0
main,deberta,8,16,marro_india,shared_lora,43,main__deberta__r8a16__marro_india__shared_lora__seed43,ARG,0.7552447552447552,0.72,0.7372013651877133,150.0
main,deberta,8,16,marro_india,shared_lora,43,main__deberta__r8a16__marro_india__shared_lora__seed43,FAC,0.6064318529862175,0.7135135135135136,0.6556291390728477,555.0
main,deberta,8,16,marro_india,shared_lora,43,main__deberta__r8a16__marro_india__shared_lora__seed43,PRE,0.7317073170731707,0.23195876288659795,0.3522504892367906,388.0
main,deberta,8,16,marro_india,shared_lora,43,main__deberta__r8a16__marro_india__shared_lora__seed43,RATIO,0.5544918998527246,0.8375973303670745,0.667257421355782,899.0
main,deberta,8,16,marro_india,shared_lora,43,main__deberta__r8a16__marro_india__shared_lora__seed43,RLC,0.0,0.0,0.0,191.0
main,deberta,8,16,marro_india,shared_lora,43,main__deberta__r8a16__marro_india__shared_lora__seed43,RPC,0.6976744186046512,0.2912621359223301,0.410958904109589,103.0
main,deberta,8,16,marro_india,shared_lora,43,main__deberta__r8a16__marro_india__shared_lora__seed43,STA,0.8008130081300813,0.7035714285714286,0.7490494296577946,280.0
main,deberta,8,16,marro_india,shared_lora,44,main__deberta__r8a16__marro_india__shared_lora__seed44,ARG,0.7333333333333333,0.66,0.6947368421052632,150.0
main,deberta,8,16,marro_india,shared_lora,44,main__deberta__r8a16__marro_india__shared_lora__seed44,FAC,0.5697368421052632,0.7801801801801802,0.6585551330798479,555.0
main,deberta,8,16,marro_india,shared_lora,44,main__deberta__r8a16__marro_india__shared_lora__seed44,PRE,0.7068965517241379,0.211340206185567,0.3253968253968254,388.0
main,deberta,8,16,marro_india,shared_lora,44,main__deberta__r8a16__marro_india__shared_lora__seed44,RATIO,0.5714285714285714,0.8275862068965517,0.676056338028169,899.0
main,deberta,8,16,marro_india,shared_lora,44,main__deberta__r8a16__marro_india__shared_lora__seed44,RLC,0.0,0.0,0.0,191.0
main,deberta,8,16,marro_india,shared_lora,44,main__deberta__r8a16__marro_india__shared_lora__seed44,RPC,0.0,0.0,0.0,103.0
main,deberta,8,16,marro_india,shared_lora,44,main__deberta__r8a16__marro_india__shared_lora__seed44,STA,0.8102766798418972,0.7321428571428571,0.7692307692307693,280.0
main,deberta,8,16,marro_india,shared_lora_widehead,42,main__deberta__r8a16__marro_india__shared_lora_widehead__seed42,ARG,0.7655172413793103,0.74,0.752542372881356,150.0
main,deberta,8,16,marro_india,shared_lora_widehead,42,main__deberta__r8a16__marro_india__shared_lora_widehead__seed42,FAC,0.628482972136223,0.7315315315315315,0.6761032472939217,555.0
main,deberta,8,16,marro_india,shared_lora_widehead,42,main__deberta__r8a16__marro_india__shared_lora_widehead__seed42,PRE,0.75,0.29381443298969073,0.4222222222222222,388.0
main,deberta,8,16,marro_india,shared_lora_widehead,42,main__deberta__r8a16__marro_india__shared_lora_widehead__seed42,RATIO,0.5758725341426404,0.8442714126807565,0.6847090663058186,899.0
main,deberta,8,16,marro_india,shared_lora_widehead,42,main__deberta__r8a16__marro_india__shared_lora_widehead__seed42,RLC,1.0,0.015706806282722512,0.030927835051546393,191.0
main,deberta,8,16,marro_india,shared_lora_widehead,42,main__deberta__r8a16__marro_india__shared_lora_widehead__seed42,RPC,0.7551020408163265,0.3592233009708738,0.4868421052631579,103.0
main,deberta,8,16,marro_india,shared_lora_widehead,42,main__deberta__r8a16__marro_india__shared_lora_widehead__seed42,STA,0.8142292490118577,0.7357142857142858,0.7729831144465291,280.0
main,deberta,8,16,marro_india,shared_lora_widehead,43,main__deberta__r8a16__marro_india__shared_lora_widehead__seed43,ARG,0.7846153846153846,0.68,0.7285714285714285,150.0
main,deberta,8,16,marro_india,shared_lora_widehead,43,main__deberta__r8a16__marro_india__shared_lora_widehead__seed43,FAC,0.6040462427745664,0.7531531531531531,0.6704089815557338,555.0
main,deberta,8,16,marro_india,shared_lora_widehead,43,main__deberta__r8a16__marro_india__shared_lora_widehead__seed43,PRE,0.7288135593220338,0.22164948453608246,0.33992094861660077,388.0
main,deberta,8,16,marro_india,shared_lora_widehead,43,main__deberta__r8a16__marro_india__shared_lora_widehead__seed43,RATIO,0.5553903345724907,0.8309232480533927,0.6657754010695187,899.0
main,deberta,8,16,marro_india,shared_lora_widehead,43,main__deberta__r8a16__marro_india__shared_lora_widehead__seed43,RLC,1.0,0.005235602094240838,0.010416666666666666,191.0
main,deberta,8,16,marro_india,shared_lora_widehead,43,main__deberta__r8a16__marro_india__shared_lora_widehead__seed43,RPC,0.82,0.39805825242718446,0.5359477124183006,103.0
main,deberta,8,16,marro_india,shared_lora_widehead,43,main__deberta__r8a16__marro_india__shared_lora_widehead__seed43,STA,0.8260869565217391,0.6785714285714286,0.7450980392156863,280.0
main,deberta,8,16,marro_india,shared_lora_widehead,44,main__deberta__r8a16__marro_india__shared_lora_widehead__seed44,ARG,0.782608695652174,0.72,0.75,150.0
main,deberta,8,16,marro_india,shared_lora_widehead,44,main__deberta__r8a16__marro_india__shared_lora_widehead__seed44,FAC,0.6100443131462334,0.7441441441441441,0.6704545454545454,555.0
main,deberta,8,16,marro_india,shared_lora_widehead,44,main__deberta__r8a16__marro_india__shared_lora_widehead__seed44,PRE,0.7476635514018691,0.20618556701030927,0.32323232323232326,388.0
main,deberta,8,16,marro_india,shared_lora_widehead,44,main__deberta__r8a16__marro_india__shared_lora_widehead__seed44,RATIO,0.5553113553113553,0.8431590656284761,0.6696113074204947,899.0
main,deberta,8,16,marro_india,shared_lora_widehead,44,main__deberta__r8a16__marro_india__shared_lora_widehead__seed44,RLC,1.0,0.005235602094240838,0.010416666666666666,191.0
main,deberta,8,16,marro_india,shared_lora_widehead,44,main__deberta__r8a16__marro_india__shared_lora_widehead__seed44,RPC,0.8260869565217391,0.36893203883495146,0.5100671140939598,103.0
main,deberta,8,16,marro_india,shared_lora_widehead,44,main__deberta__r8a16__marro_india__shared_lora_widehead__seed44,STA,0.8189655172413793,0.6785714285714286,0.7421875,280.0
main,deberta,8,16,marro_uk,category_lora,42,main__deberta__r8a16__marro_uk__category_lora__seed42,ARG,0.0,0.0,0.0,40.0
main,deberta,8,16,marro_uk,category_lora,42,main__deberta__r8a16__marro_uk__category_lora__seed42,FAC,0.4410058027079304,0.7524752475247525,0.5560975609756098,303.0
main,deberta,8,16,marro_uk,category_lora,42,main__deberta__r8a16__marro_uk__category_lora__seed42,PRE,0.43859649122807015,0.14792899408284024,0.22123893805309736,169.0
main,deberta,8,16,marro_uk,category_lora,42,main__deberta__r8a16__marro_uk__category_lora__seed42,RATIO,0.8291492329149233,0.7740885416666666,0.8006734006734006,1536.0
main,deberta,8,16,marro_uk,category_lora,42,main__deberta__r8a16__marro_uk__category_lora__seed42,RLC,0.0,0.0,0.0,40.0
main,deberta,8,16,marro_uk,category_lora,42,main__deberta__r8a16__marro_uk__category_lora__seed42,RPC,0.6666666666666666,0.18181818181818182,0.2857142857142857,11.0
main,deberta,8,16,marro_uk,category_lora,42,main__deberta__r8a16__marro_uk__category_lora__seed42,STA,0.36585365853658536,0.7792207792207793,0.4979253112033195,77.0
main,deberta,8,16,marro_uk,category_lora,43,main__deberta__r8a16__marro_uk__category_lora__seed43,ARG,0.5,0.05,0.09090909090909091,40.0
main,deberta,8,16,marro_uk,category_lora,43,main__deberta__r8a16__marro_uk__category_lora__seed43,FAC,0.4692622950819672,0.7557755775577558,0.5790139064475348,303.0
main,deberta,8,16,marro_uk,category_lora,43,main__deberta__r8a16__marro_uk__category_lora__seed43,PRE,0.4659090909090909,0.24260355029585798,0.31906614785992216,169.0
main,deberta,8,16,marro_uk,category_lora,43,main__deberta__r8a16__marro_uk__category_lora__seed43,RATIO,0.8443968593861527,0.7701822916666666,0.8055839291794348,1536.0
main,deberta,8,16,marro_uk,category_lora,43,main__deberta__r8a16__marro_uk__category_lora__seed43,RLC,0.16666666666666666,0.025,0.043478260869565216,40.0
main,deberta,8,16,marro_uk,category_lora,43,main__deberta__r8a16__marro_uk__category_lora__seed43,RPC,0.4444444444444444,0.36363636363636365,0.4,11.0
main,deberta,8,16,marro_uk,category_lora,43,main__deberta__r8a16__marro_uk__category_lora__seed43,STA,0.32222222222222224,0.7532467532467533,0.45136186770428016,77.0
main,deberta,8,16,marro_uk,category_lora,44,main__deberta__r8a16__marro_uk__category_lora__seed44,ARG,0.0,0.0,0.0,40.0
main,deberta,8,16,marro_uk,category_lora,44,main__deberta__r8a16__marro_uk__category_lora__seed44,FAC,0.46680080482897385,0.7656765676567657,0.58,303.0
main,deberta,8,16,marro_uk,category_lora,44,main__deberta__r8a16__marro_uk__category_lora__seed44,PRE,0.4880952380952381,0.24260355029585798,0.3241106719367589,169.0
main,deberta,8,16,marro_uk,category_lora,44,main__deberta__r8a16__marro_uk__category_lora__seed44,RATIO,0.8469101123595506,0.78515625,0.8148648648648649,1536.0
main,deberta,8,16,marro_uk,category_lora,44,main__deberta__r8a16__marro_uk__category_lora__seed44,RLC,0.0,0.0,0.0,40.0
main,deberta,8,16,marro_uk,category_lora,44,main__deberta__r8a16__marro_uk__category_lora__seed44,RPC,0.5714285714285714,0.36363636363636365,0.4444444444444444,11.0
main,deberta,8,16,marro_uk,category_lora,44,main__deberta__r8a16__marro_uk__category_lora__seed44,STA,0.36809815950920244,0.7792207792207793,0.5,77.0
main,deberta,8,16,marro_uk,frozen,42,main__deberta__r8a16__marro_uk__frozen__seed42,ARG,0.0,0.0,0.0,40.0
main,deberta,8,16,marro_uk,frozen,42,main__deberta__r8a16__marro_uk__frozen__seed42,FAC,0.46153846153846156,0.019801980198019802,0.0379746835443038,303.0
main,deberta,8,16,marro_uk,frozen,42,main__deberta__r8a16__marro_uk__frozen__seed42,PRE,0.0,0.0,0.0,169.0
main,deberta,8,16,marro_uk,frozen,42,main__deberta__r8a16__marro_uk__frozen__seed42,RATIO,0.7087378640776699,0.998046875,0.8288726682887266,1536.0
main,deberta,8,16,marro_uk,frozen,42,main__deberta__r8a16__marro_uk__frozen__seed42,RLC,0.0,0.0,0.0,40.0
main,deberta,8,16,marro_uk,frozen,42,main__deberta__r8a16__marro_uk__frozen__seed42,RPC,0.0,0.0,0.0,11.0
main,deberta,8,16,marro_uk,frozen,42,main__deberta__r8a16__marro_uk__frozen__seed42,STA,0.0,0.0,0.0,77.0
main,deberta,8,16,marro_uk,frozen,43,main__deberta__r8a16__marro_uk__frozen__seed43,ARG,0.0,0.0,0.0,40.0
main,deberta,8,16,marro_uk,frozen,43,main__deberta__r8a16__marro_uk__frozen__seed43,FAC,0.43478260869565216,0.033003300330033,0.06134969325153374,303.0
main,deberta,8,16,marro_uk,frozen,43,main__deberta__r8a16__marro_uk__frozen__seed43,PRE,0.0,0.0,0.0,169.0
main,deberta,8,16,marro_uk,frozen,43,main__deberta__r8a16__marro_uk__frozen__seed43,RATIO,0.7091078066914498,0.9934895833333334,0.8275488069414316,1536.0
main,deberta,8,16,marro_uk,frozen,43,main__deberta__r8a16__marro_uk__frozen__seed43,RLC,0.0,0.0,0.0,40.0
main,deberta,8,16,marro_uk,frozen,43,main__deberta__r8a16__marro_uk__frozen__seed43,RPC,0.0,0.0,0.0,11.0
main,deberta,8,16,marro_uk,frozen,43,main__deberta__r8a16__marro_uk__frozen__seed43,STA,0.0,0.0,0.0,77.0
main,deberta,8,16,marro_uk,frozen,44,main__deberta__r8a16__marro_uk__frozen__seed44,ARG,0.0,0.0,0.0,40.0
main,deberta,8,16,marro_uk,frozen,44,main__deberta__r8a16__marro_uk__frozen__seed44,FAC,0.47058823529411764,0.026402640264026403,0.05,303.0
main,deberta,8,16,marro_uk,frozen,44,main__deberta__r8a16__marro_uk__frozen__seed44,PRE,0.0,0.0,0.0,169.0
main,deberta,8,16,marro_uk,frozen,44,main__deberta__r8a16__marro_uk__frozen__seed44,RATIO,0.7089898053753475,0.99609375,0.828370330265295,1536.0
main,deberta,8,16,marro_uk,frozen,44,main__deberta__r8a16__marro_uk__frozen__seed44,RLC,0.0,0.0,0.0,40.0
main,deberta,8,16,marro_uk,frozen,44,main__deberta__r8a16__marro_uk__frozen__seed44,RPC,0.0,0.0,0.0,11.0
main,deberta,8,16,marro_uk,frozen,44,main__deberta__r8a16__marro_uk__frozen__seed44,STA,0.0,0.0,0.0,77.0
main,deberta,8,16,marro_uk,full_ft,42,main__deberta__r8a16__marro_uk__full_ft__seed42,ARG,0.3170731707317073,0.325,0.32098765432098764,40.0
main,deberta,8,16,marro_uk,full_ft,42,main__deberta__r8a16__marro_uk__full_ft__seed42,FAC,0.4669603524229075,0.6996699669966997,0.560105680317041,303.0
main,deberta,8,16,marro_uk,full_ft,42,main__deberta__r8a16__marro_uk__full_ft__seed42,PRE,0.28125,0.3727810650887574,0.32061068702290074,169.0
main,deberta,8,16,marro_uk,full_ft,42,main__deberta__r8a16__marro_uk__full_ft__seed42,RATIO,0.88107202680067,0.6848958333333334,0.7706959706959707,1536.0
main,deberta,8,16,marro_uk,full_ft,42,main__deberta__r8a16__marro_uk__full_ft__seed42,RLC,0.21212121212121213,0.35,0.2641509433962264,40.0
main,deberta,8,16,marro_uk,full_ft,42,main__deberta__r8a16__marro_uk__full_ft__seed42,RPC,0.3684210526315789,0.6363636363636364,0.4666666666666667,11.0
main,deberta,8,16,marro_uk,full_ft,42,main__deberta__r8a16__marro_uk__full_ft__seed42,STA,0.3146067415730337,0.7272727272727273,0.4392156862745098,77.0
main,deberta,8,16,marro_uk,full_ft,43,main__deberta__r8a16__marro_uk__full_ft__seed43,ARG,0.3333333333333333,0.2,0.25,40.0
main,deberta,8,16,marro_uk,full_ft,43,main__deberta__r8a16__marro_uk__full_ft__seed43,FAC,0.4825174825174825,0.6831683168316832,0.5655737704918032,303.0
main,deberta,8,16,marro_uk,full_ft,43,main__deberta__r8a16__marro_uk__full_ft__seed43,PRE,0.28654970760233917,0.28994082840236685,0.28823529411764703,169.0
main,deberta,8,16,marro_uk,full_ft,43,main__deberta__r8a16__marro_uk__full_ft__seed43,RATIO,0.8592,0.69921875,0.7709978463747308,1536.0
main,deberta,8,16,marro_uk,full_ft,43,main__deberta__r8a16__marro_uk__full_ft__seed43,RLC,0.22857142857142856,0.4,0.2909090909090909,40.0
main,deberta,8,16,marro_uk,full_ft,43,main__deberta__r8a16__marro_uk__full_ft__seed43,RPC,0.4166666666666667,0.45454545454545453,0.43478260869565216,11.0
main,deberta,8,16,marro_uk,full_ft,43,main__deberta__r8a16__marro_uk__full_ft__seed43,STA,0.25,0.7142857142857143,0.37037037037037035,77.0
main,deberta,8,16,marro_uk,full_ft,44,main__deberta__r8a16__marro_uk__full_ft__seed44,ARG,0.43333333333333335,0.325,0.37142857142857144,40.0
main,deberta,8,16,marro_uk,full_ft,44,main__deberta__r8a16__marro_uk__full_ft__seed44,FAC,0.47285067873303166,0.6897689768976898,0.5610738255033557,303.0
main,deberta,8,16,marro_uk,full_ft,44,main__deberta__r8a16__marro_uk__full_ft__seed44,PRE,0.3145539906103286,0.39644970414201186,0.3507853403141361,169.0
main,deberta,8,16,marro_uk,full_ft,44,main__deberta__r8a16__marro_uk__full_ft__seed44,RATIO,0.8713592233009708,0.701171875,0.7770562770562771,1536.0
main,deberta,8,16,marro_uk,full_ft,44,main__deberta__r8a16__marro_uk__full_ft__seed44,RLC,0.22950819672131148,0.35,0.27722772277227725,40.0
main,deberta,8,16,marro_uk,full_ft,44,main__deberta__r8a16__marro_uk__full_ft__seed44,RPC,0.4444444444444444,0.36363636363636365,0.4,11.0
main,deberta,8,16,marro_uk,full_ft,44,main__deberta__r8a16__marro_uk__full_ft__seed44,STA,0.31891891891891894,0.7662337662337663,0.45038167938931295,77.0
main,deberta,8,16,marro_uk,role_adapter,42,main__deberta__r8a16__marro_uk__role_adapter__seed42,ARG,0.0,0.0,0.0,40.0
main,deberta,8,16,marro_uk,role_adapter,42,main__deberta__r8a16__marro_uk__role_adapter__seed42,FAC,0.44337811900191937,0.7623762376237624,0.5606796116504854,303.0
main,deberta,8,16,marro_uk,role_adapter,42,main__deberta__r8a16__marro_uk__role_adapter__seed42,PRE,0.47368421052631576,0.15976331360946747,0.23893805309734514,169.0
main,deberta,8,16,marro_uk,role_adapter,42,main__deberta__r8a16__marro_uk__role_adapter__seed42,RATIO,0.8314527503526093,0.767578125,0.7982396750169262,1536.0
main,deberta,8,16,marro_uk,role_adapter,42,main__deberta__r8a16__marro_uk__role_adapter__seed42,RLC,0.0,0.0,0.0,40.0
main,deberta,8,16,marro_uk,role_adapter,42,main__deberta__r8a16__marro_uk__role_adapter__seed42,RPC,0.6666666666666666,0.18181818181818182,0.2857142857142857,11.0
main,deberta,8,16,marro_uk,role_adapter,42,main__deberta__r8a16__marro_uk__role_adapter__seed42,STA,0.3448275862068966,0.7792207792207793,0.47808764940239046,77.0
main,deberta,8,16,marro_uk,role_adapter,43,main__deberta__r8a16__marro_uk__role_adapter__seed43,ARG,0.2,0.025,0.044444444444444446,40.0
main,deberta,8,16,marro_uk,role_adapter,43,main__deberta__r8a16__marro_uk__role_adapter__seed43,FAC,0.47107438016528924,0.7524752475247525,0.579415501905972,303.0
main,deberta,8,16,marro_uk,role_adapter,43,main__deberta__r8a16__marro_uk__role_adapter__seed43,PRE,0.4731182795698925,0.2603550295857988,0.33587786259541985,169.0
main,deberta,8,16,marro_uk,role_adapter,43,main__deberta__r8a16__marro_uk__role_adapter__seed43,RATIO,0.8437275985663082,0.7662760416666666,0.8031388604571819,1536.0
main,deberta,8,16,marro_uk,role_adapter,43,main__deberta__r8a16__marro_uk__role_adapter__seed43,RLC,0.25,0.025,0.045454545454545456,40.0
main,deberta,8,16,marro_uk,role_adapter,43,main__deberta__r8a16__marro_uk__role_adapter__seed43,RPC,0.5,0.36363636363636365,0.42105263157894735,11.0
main,deberta,8,16,marro_uk,role_adapter,43,main__deberta__r8a16__marro_uk__role_adapter__seed43,STA,0.31016042780748665,0.7532467532467533,0.4393939393939394,77.0
main,deberta,8,16,marro_uk,role_adapter,44,main__deberta__r8a16__marro_uk__role_adapter__seed44,ARG,0.0,0.0,0.0,40.0
main,deberta,8,16,marro_uk,role_adapter,44,main__deberta__r8a16__marro_uk__role_adapter__seed44,FAC,0.449901768172888,0.7557755775577558,0.5640394088669951,303.0
main,deberta,8,16,marro_uk,role_adapter,44,main__deberta__r8a16__marro_uk__role_adapter__seed44,PRE,0.44,0.2603550295857988,0.3271375464684015,169.0
main,deberta,8,16,marro_uk,role_adapter,44,main__deberta__r8a16__marro_uk__role_adapter__seed44,RATIO,0.8442682047584715,0.7623697916666666,0.8012316113581937,1536.0
main,deberta,8,16,marro_uk,role_adapter,44,main__deberta__r8a16__marro_uk__role_adapter__seed44,RLC,0.3333333333333333,0.025,0.046511627906976744,40.0
main,deberta,8,16,marro_uk,role_adapter,44,main__deberta__r8a16__marro_uk__role_adapter__seed44,RPC,0.75,0.2727272727272727,0.4,11.0
main,deberta,8,16,marro_uk,role_adapter,44,main__deberta__r8a16__marro_uk__role_adapter__seed44,STA,0.34104046242774566,0.7662337662337663,0.472,77.0
main,deberta,8,16,marro_uk,shared_lora,42,main__deberta__r8a16__marro_uk__shared_lora__seed42,ARG,0.0,0.0,0.0,40.0
main,deberta,8,16,marro_uk,shared_lora,42,main__deberta__r8a16__marro_uk__shared_lora__seed42,FAC,0.4257602862254025,0.7854785478547854,0.5522041763341067,303.0
main,deberta,8,16,marro_uk,shared_lora,42,main__deberta__r8a16__marro_uk__shared_lora__seed42,PRE,0.0,0.0,0.0,169.0
main,deberta,8,16,marro_uk,shared_lora,42,main__deberta__r8a16__marro_uk__shared_lora__seed42,RATIO,0.8316400580551524,0.74609375,0.7865477007549759,1536.0
main,deberta,8,16,marro_uk,shared_lora,42,main__deberta__r8a16__marro_uk__shared_lora__seed42,RLC,0.09090909090909091,0.025,0.0392156862745098,40.0
main,deberta,8,16,marro_uk,shared_lora,42,main__deberta__r8a16__marro_uk__shared_lora__seed42,RPC,0.6,0.2727272727272727,0.375,11.0
main,deberta,8,16,marro_uk,shared_lora,42,main__deberta__r8a16__marro_uk__shared_lora__seed42,STA,0.26905829596412556,0.7792207792207793,0.4,77.0
main,deberta,8,16,marro_uk,shared_lora,43,main__deberta__r8a16__marro_uk__shared_lora__seed43,ARG,0.0,0.0,0.0,40.0
main,deberta,8,16,marro_uk,shared_lora,43,main__deberta__r8a16__marro_uk__shared_lora__seed43,FAC,0.43327239488117003,0.7821782178217822,0.5576470588235294,303.0
main,deberta,8,16,marro_uk,shared_lora,43,main__deberta__r8a16__marro_uk__shared_lora__seed43,PRE,0.375,0.01775147928994083,0.03389830508474576,169.0
main,deberta,8,16,marro_uk,shared_lora,43,main__deberta__r8a16__marro_uk__shared_lora__seed43,RATIO,0.8253741981468282,0.75390625,0.7880231371214699,1536.0
main,deberta,8,16,marro_uk,shared_lora,43,main__deberta__r8a16__marro_uk__shared_lora__seed43,RLC,0.0,0.0,0.0,40.0
main,deberta,8,16,marro_uk,shared_lora,43,main__deberta__r8a16__marro_uk__shared_lora__seed43,RPC,0.0,0.0,0.0,11.0
main,deberta,8,16,marro_uk,shared_lora,43,main__deberta__r8a16__marro_uk__shared_lora__seed43,STA,0.27522935779816515,0.7792207792207793,0.4067796610169492,77.0
main,deberta,8,16,marro_uk,shared_lora,44,main__deberta__r8a16__marro_uk__shared_lora__seed44,ARG,0.0,0.0,0.0,40.0
main,deberta,8,16,marro_uk,shared_lora,44,main__deberta__r8a16__marro_uk__shared_lora__seed44,FAC,0.42077464788732394,0.7887788778877888,0.5487944890929966,303.0
main,deberta,8,16,marro_uk,shared_lora,44,main__deberta__r8a16__marro_uk__shared_lora__seed44,PRE,0.55,0.0650887573964497,0.1164021164021164,169.0
main,deberta,8,16,marro_uk,shared_lora,44,main__deberta__r8a16__marro_uk__shared_lora__seed44,RATIO,0.8392351274787535,0.771484375,0.8039348710990502,1536.0
main,deberta,8,16,marro_uk,shared_lora,44,main__deberta__r8a16__marro_uk__shared_lora__seed44,RLC,0.0,0.0,0.0,40.0
main,deberta,8,16,marro_uk,shared_lora,44,main__deberta__r8a16__marro_uk__shared_lora__seed44,RPC,0.0,0.0,0.0,11.0
main,deberta,8,16,marro_uk,shared_lora,44,main__deberta__r8a16__marro_uk__shared_lora__seed44,STA,0.32954545454545453,0.7532467532467533,0.45849802371541504,77.0
main,deberta,8,16,marro_uk,shared_lora_widehead,42,main__deberta__r8a16__marro_uk__shared_lora_widehead__seed42,ARG,0.0,0.0,0.0,40.0
main,deberta,8,16,marro_uk,shared_lora_widehead,42,main__deberta__r8a16__marro_uk__shared_lora_widehead__seed42,FAC,0.43258426966292135,0.7623762376237624,0.5519713261648745,303.0
main,deberta,8,16,marro_uk,shared_lora_widehead,42,main__deberta__r8a16__marro_uk__shared_lora_widehead__seed42,PRE,0.4166666666666667,0.23668639053254437,0.3018867924528302,169.0
main,deberta,8,16,marro_uk,shared_lora_widehead,42,main__deberta__r8a16__marro_uk__shared_lora_widehead__seed42,RATIO,0.8489314664701547,0.75,0.7964051157967508,1536.0
main,deberta,8,16,marro_uk,shared_lora_widehead,42,main__deberta__r8a16__marro_uk__shared_lora_widehead__seed42,RLC,0.125,0.025,0.041666666666666664,40.0
main,deberta,8,16,marro_uk,shared_lora_widehead,42,main__deberta__r8a16__marro_uk__shared_lora_widehead__seed42,RPC,0.8,0.36363636363636365,0.5,11.0
main,deberta,8,16,marro_uk,shared_lora_widehead,42,main__deberta__r8a16__marro_uk__shared_lora_widehead__seed42,STA,0.3465909090909091,0.7922077922077922,0.48221343873517786,77.0
main,deberta,8,16,marro_uk,shared_lora_widehead,43,main__deberta__r8a16__marro_uk__shared_lora_widehead__seed43,ARG,0.0,0.0,0.0,40.0
main,deberta,8,16,marro_uk,shared_lora_widehead,43,main__deberta__r8a16__marro_uk__shared_lora_widehead__seed43,FAC,0.4612159329140461,0.7260726072607261,0.5641025641025641,303.0
main,deberta,8,16,marro_uk,shared_lora_widehead,43,main__deberta__r8a16__marro_uk__shared_lora_widehead__seed43,PRE,0.43956043956043955,0.23668639053254437,0.3076923076923077,169.0
main,deberta,8,16,marro_uk,shared_lora_widehead,43,main__deberta__r8a16__marro_uk__shared_lora_widehead__seed43,RATIO,0.8419170243204578,0.7662760416666666,0.8023176550783913,1536.0
main,deberta,8,16,marro_uk,shared_lora_widehead,43,main__deberta__r8a16__marro_uk__shared_lora_widehead__seed43,RLC,0.25,0.05,0.08333333333333333,40.0
main,deberta,8,16,marro_uk,shared_lora_widehead,43,main__deberta__r8a16__marro_uk__shared_lora_widehead__seed43,RPC,0.6,0.5454545454545454,0.5714285714285714,11.0
main,deberta,8,16,marro_uk,shared_lora_widehead,43,main__deberta__r8a16__marro_uk__shared_lora_widehead__seed43,STA,0.3177083333333333,0.7922077922077922,0.45353159851301117,77.0
main,deberta,8,16,marro_uk,shared_lora_widehead,44,main__deberta__r8a16__marro_uk__shared_lora_widehead__seed44,ARG,0.0,0.0,0.0,40.0
main,deberta,8,16,marro_uk,shared_lora_widehead,44,main__deberta__r8a16__marro_uk__shared_lora_widehead__seed44,FAC,0.45525291828793774,0.7722772277227723,0.572827417380661,303.0
main,deberta,8,16,marro_uk,shared_lora_widehead,44,main__deberta__r8a16__marro_uk__shared_lora_widehead__seed44,PRE,0.5405405405405406,0.11834319526627218,0.1941747572815534,169.0
main,deberta,8,16,marro_uk,shared_lora_widehead,44,main__deberta__r8a16__marro_uk__shared_lora_widehead__seed44,RATIO,0.838865836791148,0.7897135416666666,0.8135479543930249,1536.0
main,deberta,8,16,marro_uk,shared_lora_widehead,44,main__deberta__r8a16__marro_uk__shared_lora_widehead__seed44,RLC,0.2,0.025,0.044444444444444446,40.0
main,deberta,8,16,marro_uk,shared_lora_widehead,44,main__deberta__r8a16__marro_uk__shared_lora_widehead__seed44,RPC,0.8,0.36363636363636365,0.5,11.0
main,deberta,8,16,marro_uk,shared_lora_widehead,44,main__deberta__r8a16__marro_uk__shared_lora_widehead__seed44,STA,0.33727810650887574,0.7402597402597403,0.4634146341463415,77.0
main,inlegalbert,8,16,iltur_cl,category_lora,42,main__inlegalbert__r8a16__iltur_cl__category_lora__seed42,ARG,0.6854460093896714,0.7373737373737373,0.7104622871046229,198.0
main,inlegalbert,8,16,iltur_cl,category_lora,42,main__inlegalbert__r8a16__iltur_cl__category_lora__seed42,FAC,0.5845272206303725,0.8326530612244898,0.6868686868686869,245.0
main,inlegalbert,8,16,iltur_cl,category_lora,42,main__inlegalbert__r8a16__iltur_cl__category_lora__seed42,PRE,0.59,0.4738955823293173,0.5256124721603563,249.0
main,inlegalbert,8,16,iltur_cl,category_lora,42,main__inlegalbert__r8a16__iltur_cl__category_lora__seed42,RATIO,0.6358695652173914,0.5404157043879908,0.5842696629213483,433.0
main,inlegalbert,8,16,iltur_cl,category_lora,42,main__inlegalbert__r8a16__iltur_cl__category_lora__seed42,RLC,0.04,0.043478260869565216,0.041666666666666664,23.0
main,inlegalbert,8,16,iltur_cl,category_lora,42,main__inlegalbert__r8a16__iltur_cl__category_lora__seed42,RPC,0.38461538461538464,0.8333333333333334,0.5263157894736842,12.0
main,inlegalbert,8,16,iltur_cl,category_lora,42,main__inlegalbert__r8a16__iltur_cl__category_lora__seed42,STA,0.859375,0.6470588235294118,0.738255033557047,85.0
main,inlegalbert,8,16,iltur_cl,category_lora,43,main__inlegalbert__r8a16__iltur_cl__category_lora__seed43,ARG,0.6743119266055045,0.7424242424242424,0.7067307692307693,198.0
main,inlegalbert,8,16,iltur_cl,category_lora,43,main__inlegalbert__r8a16__iltur_cl__category_lora__seed43,FAC,0.5861111111111111,0.8612244897959184,0.6975206611570248,245.0
main,inlegalbert,8,16,iltur_cl,category_lora,43,main__inlegalbert__r8a16__iltur_cl__category_lora__seed43,PRE,0.5990338164251208,0.4979919678714859,0.543859649122807,249.0
main,inlegalbert,8,16,iltur_cl,category_lora,43,main__inlegalbert__r8a16__iltur_cl__category_lora__seed43,RATIO,0.6467236467236467,0.5242494226327945,0.5790816326530612,433.0
main,inlegalbert,8,16,iltur_cl,category_lora,43,main__inlegalbert__r8a16__iltur_cl__category_lora__seed43,RLC,0.047619047619047616,0.043478260869565216,0.045454545454545456,23.0
main,inlegalbert,8,16,iltur_cl,category_lora,43,main__inlegalbert__r8a16__iltur_cl__category_lora__seed43,RPC,0.375,0.75,0.5,12.0
main,inlegalbert,8,16,iltur_cl,category_lora,43,main__inlegalbert__r8a16__iltur_cl__category_lora__seed43,STA,0.859375,0.6470588235294118,0.738255033557047,85.0
main,inlegalbert,8,16,iltur_cl,category_lora,44,main__inlegalbert__r8a16__iltur_cl__category_lora__seed44,ARG,0.672645739910314,0.7575757575757576,0.7125890736342043,198.0
main,inlegalbert,8,16,iltur_cl,category_lora,44,main__inlegalbert__r8a16__iltur_cl__category_lora__seed44,FAC,0.5964912280701754,0.8326530612244898,0.6950596252129472,245.0
main,inlegalbert,8,16,iltur_cl,category_lora,44,main__inlegalbert__r8a16__iltur_cl__category_lora__seed44,PRE,0.6363636363636364,0.4779116465863454,0.5458715596330275,249.0
main,inlegalbert,8,16,iltur_cl,category_lora,44,main__inlegalbert__r8a16__iltur_cl__category_lora__seed44,RATIO,0.6437659033078881,0.5842956120092379,0.612590799031477,433.0
main,inlegalbert,8,16,iltur_cl,category_lora,44,main__inlegalbert__r8a16__iltur_cl__category_lora__seed44,RLC,0.11764705882352941,0.08695652173913043,0.1,23.0
main,inlegalbert,8,16,iltur_cl,category_lora,44,main__inlegalbert__r8a16__iltur_cl__category_lora__seed44,RPC,0.45454545454545453,0.8333333333333334,0.5882352941176471,12.0
main,inlegalbert,8,16,iltur_cl,category_lora,44,main__inlegalbert__r8a16__iltur_cl__category_lora__seed44,STA,0.8688524590163934,0.6235294117647059,0.726027397260274,85.0
main,inlegalbert,8,16,iltur_cl,frozen,42,main__inlegalbert__r8a16__iltur_cl__frozen__seed42,ARG,0.5645161290322581,0.35353535353535354,0.43478260869565216,198.0
main,inlegalbert,8,16,iltur_cl,frozen,42,main__inlegalbert__r8a16__iltur_cl__frozen__seed42,FAC,0.36952380952380953,0.7918367346938775,0.5038961038961038,245.0
main,inlegalbert,8,16,iltur_cl,frozen,42,main__inlegalbert__r8a16__iltur_cl__frozen__seed42,PRE,0.6666666666666666,0.08032128514056225,0.14336917562724014,249.0
main,inlegalbert,8,16,iltur_cl,frozen,42,main__inlegalbert__r8a16__iltur_cl__frozen__seed42,RATIO,0.4232902033271719,0.5288683602771362,0.4702258726899384,433.0
main,inlegalbert,8,16,iltur_cl,frozen,42,main__inlegalbert__r8a16__iltur_cl__frozen__seed42,RLC,0.0,0.0,0.0,23.0
main,inlegalbert,8,16,iltur_cl,frozen,42,main__inlegalbert__r8a16__iltur_cl__frozen__seed42,RPC,0.0,0.0,0.0,12.0
main,inlegalbert,8,16,iltur_cl,frozen,42,main__inlegalbert__r8a16__iltur_cl__frozen__seed42,STA,0.88,0.25882352941176473,0.4,85.0
main,inlegalbert,8,16,iltur_cl,frozen,43,main__inlegalbert__r8a16__iltur_cl__frozen__seed43,ARG,0.5447154471544715,0.3383838383838384,0.4174454828660436,198.0
main,inlegalbert,8,16,iltur_cl,frozen,43,main__inlegalbert__r8a16__iltur_cl__frozen__seed43,FAC,0.3609671848013817,0.8530612244897959,0.5072815533980582,245.0
main,inlegalbert,8,16,iltur_cl,frozen,43,main__inlegalbert__r8a16__iltur_cl__frozen__seed43,PRE,0.5892857142857143,0.13253012048192772,0.21639344262295082,249.0
main,inlegalbert,8,16,iltur_cl,frozen,43,main__inlegalbert__r8a16__iltur_cl__frozen__seed43,RATIO,0.4613686534216336,0.48267898383371827,0.4717832957110609,433.0
main,inlegalbert,8,16,iltur_cl,frozen,43,main__inlegalbert__r8a16__iltur_cl__frozen__seed43,RLC,0.0,0.0,0.0,23.0
main,inlegalbert,8,16,iltur_cl,frozen,43,main__inlegalbert__r8a16__iltur_cl__frozen__seed43,RPC,0.0,0.0,0.0,12.0
main,inlegalbert,8,16,iltur_cl,frozen,43,main__inlegalbert__r8a16__iltur_cl__frozen__seed43,STA,0.8235294117647058,0.32941176470588235,0.47058823529411764,85.0
main,inlegalbert,8,16,iltur_cl,frozen,44,main__inlegalbert__r8a16__iltur_cl__frozen__seed44,ARG,0.6617647058823529,0.22727272727272727,0.3383458646616541,198.0
main,inlegalbert,8,16,iltur_cl,frozen,44,main__inlegalbert__r8a16__iltur_cl__frozen__seed44,FAC,0.3925619834710744,0.7755102040816326,0.5212620027434842,245.0
main,inlegalbert,8,16,iltur_cl,frozen,44,main__inlegalbert__r8a16__iltur_cl__frozen__seed44,PRE,0.6470588235294118,0.04417670682730924,0.08270676691729323,249.0
main,inlegalbert,8,16,iltur_cl,frozen,44,main__inlegalbert__r8a16__iltur_cl__frozen__seed44,RATIO,0.41203703703703703,0.6166281755196305,0.4939870490286771,433.0
main,inlegalbert,8,16,iltur_cl,frozen,44,main__inlegalbert__r8a16__iltur_cl__frozen__seed44,RLC,0.0,0.0,0.0,23.0
main,inlegalbert,8,16,iltur_cl,frozen,44,main__inlegalbert__r8a16__iltur_cl__frozen__seed44,RPC,0.0,0.0,0.0,12.0
main,inlegalbert,8,16,iltur_cl,frozen,44,main__inlegalbert__r8a16__iltur_cl__frozen__seed44,STA,0.8928571428571429,0.29411764705882354,0.4424778761061947,85.0
main,inlegalbert,8,16,iltur_cl,full_ft,42,main__inlegalbert__r8a16__iltur_cl__full_ft__seed42,ARG,0.6141078838174274,0.7474747474747475,0.6742596810933941,198.0
main,inlegalbert,8,16,iltur_cl,full_ft,42,main__inlegalbert__r8a16__iltur_cl__full_ft__seed42,FAC,0.6126984126984127,0.7877551020408163,0.6892857142857143,245.0
main,inlegalbert,8,16,iltur_cl,full_ft,42,main__inlegalbert__r8a16__iltur_cl__full_ft__seed42,PRE,0.6164383561643836,0.5421686746987951,0.5769230769230769,249.0
main,inlegalbert,8,16,iltur_cl,full_ft,42,main__inlegalbert__r8a16__iltur_cl__full_ft__seed42,RATIO,0.6405797101449275,0.5103926096997691,0.5681233933161953,433.0
main,inlegalbert,8,16,iltur_cl,full_ft,42,main__inlegalbert__r8a16__iltur_cl__full_ft__seed42,RLC,0.058823529411764705,0.08695652173913043,0.07017543859649122,23.0
main,inlegalbert,8,16,iltur_cl,full_ft,42,main__inlegalbert__r8a16__iltur_cl__full_ft__seed42,RPC,0.43478260869565216,0.8333333333333334,0.5714285714285714,12.0
main,inlegalbert,8,16,iltur_cl,full_ft,42,main__inlegalbert__r8a16__iltur_cl__full_ft__seed42,STA,0.8382352941176471,0.6705882352941176,0.7450980392156863,85.0
main,inlegalbert,8,16,iltur_cl,full_ft,43,main__inlegalbert__r8a16__iltur_cl__full_ft__seed43,ARG,0.5492424242424242,0.7323232323232324,0.6277056277056277,198.0
main,inlegalbert,8,16,iltur_cl,full_ft,43,main__inlegalbert__r8a16__iltur_cl__full_ft__seed43,FAC,0.608433734939759,0.8244897959183674,0.7001733102253033,245.0
main,inlegalbert,8,16,iltur_cl,full_ft,43,main__inlegalbert__r8a16__iltur_cl__full_ft__seed43,PRE,0.5829787234042553,0.5502008032128514,0.5661157024793388,249.0
main,inlegalbert,8,16,iltur_cl,full_ft,43,main__inlegalbert__r8a16__iltur_cl__full_ft__seed43,RATIO,0.6503267973856209,0.45958429561200925,0.5385656292286874,433.0
main,inlegalbert,8,16,iltur_cl,full_ft,43,main__inlegalbert__r8a16__iltur_cl__full_ft__seed43,RLC,0.0,0.0,0.0,23.0
main,inlegalbert,8,16,iltur_cl,full_ft,43,main__inlegalbert__r8a16__iltur_cl__full_ft__seed43,RPC,0.35714285714285715,0.8333333333333334,0.5,12.0
main,inlegalbert,8,16,iltur_cl,full_ft,43,main__inlegalbert__r8a16__iltur_cl__full_ft__seed43,STA,0.8169014084507042,0.6823529411764706,0.7435897435897436,85.0
main,inlegalbert,8,16,iltur_cl,full_ft,44,main__inlegalbert__r8a16__iltur_cl__full_ft__seed44,ARG,0.6125,0.7424242424242424,0.6712328767123288,198.0
main,inlegalbert,8,16,iltur_cl,full_ft,44,main__inlegalbert__r8a16__iltur_cl__full_ft__seed44,FAC,0.5658263305322129,0.8244897959183674,0.6710963455149501,245.0
main,inlegalbert,8,16,iltur_cl,full_ft,44,main__inlegalbert__r8a16__iltur_cl__full_ft__seed44,PRE,0.6368421052631579,0.4859437751004016,0.55125284738041,249.0
main,inlegalbert,8,16,iltur_cl,full_ft,44,main__inlegalbert__r8a16__iltur_cl__full_ft__seed44,RATIO,0.6392045454545454,0.5196304849884527,0.5732484076433121,433.0
main,inlegalbert,8,16,iltur_cl,full_ft,44,main__inlegalbert__r8a16__iltur_cl__full_ft__seed44,RLC,0.0,0.0,0.0,23.0
main,inlegalbert,8,16,iltur_cl,full_ft,44,main__inlegalbert__r8a16__iltur_cl__full_ft__seed44,RPC,0.43478260869565216,0.8333333333333334,0.5714285714285714,12.0
main,inlegalbert,8,16,iltur_cl,full_ft,44,main__inlegalbert__r8a16__iltur_cl__full_ft__seed44,STA,0.8461538461538461,0.6470588235294118,0.7333333333333333,85.0
main,inlegalbert,8,16,iltur_cl,role_adapter,42,main__inlegalbert__r8a16__iltur_cl__role_adapter__seed42,ARG,0.7019230769230769,0.7373737373737373,0.7192118226600985,198.0
main,inlegalbert,8,16,iltur_cl,role_adapter,42,main__inlegalbert__r8a16__iltur_cl__role_adapter__seed42,FAC,0.5890804597701149,0.8367346938775511,0.6913996627318718,245.0
main,inlegalbert,8,16,iltur_cl,role_adapter,42,main__inlegalbert__r8a16__iltur_cl__role_adapter__seed42,PRE,0.583756345177665,0.46184738955823296,0.515695067264574,249.0
main,inlegalbert,8,16,iltur_cl,role_adapter,42,main__inlegalbert__r8a16__iltur_cl__role_adapter__seed42,RATIO,0.6325459317585301,0.5565819861431871,0.5921375921375921,433.0
main,inlegalbert,8,16,iltur_cl,role_adapter,42,main__inlegalbert__r8a16__iltur_cl__role_adapter__seed42,RLC,0.041666666666666664,0.043478260869565216,0.0425531914893617,23.0
main,inlegalbert,8,16,iltur_cl,role_adapter,42,main__inlegalbert__r8a16__iltur_cl__role_adapter__seed42,RPC,0.4166666666666667,0.8333333333333334,0.5555555555555556,12.0
main,inlegalbert,8,16,iltur_cl,role_adapter,42,main__inlegalbert__r8a16__iltur_cl__role_adapter__seed42,STA,0.8571428571428571,0.6352941176470588,0.7297297297297297,85.0
main,inlegalbert,8,16,iltur_cl,role_adapter,43,main__inlegalbert__r8a16__iltur_cl__role_adapter__seed43,ARG,0.6712328767123288,0.7424242424242424,0.7050359712230215,198.0
main,inlegalbert,8,16,iltur_cl,role_adapter,43,main__inlegalbert__r8a16__iltur_cl__role_adapter__seed43,FAC,0.5868945868945868,0.8408163265306122,0.6912751677852349,245.0
main,inlegalbert,8,16,iltur_cl,role_adapter,43,main__inlegalbert__r8a16__iltur_cl__role_adapter__seed43,PRE,0.6038647342995169,0.5020080321285141,0.5482456140350878,249.0
main,inlegalbert,8,16,iltur_cl,role_adapter,43,main__inlegalbert__r8a16__iltur_cl__role_adapter__seed43,RATIO,0.6574585635359116,0.5496535796766744,0.5987421383647799,433.0
main,inlegalbert,8,16,iltur_cl,role_adapter,43,main__inlegalbert__r8a16__iltur_cl__role_adapter__seed43,RLC,0.0,0.0,0.0,23.0
main,inlegalbert,8,16,iltur_cl,role_adapter,43,main__inlegalbert__r8a16__iltur_cl__role_adapter__seed43,RPC,0.375,0.75,0.5,12.0
main,inlegalbert,8,16,iltur_cl,role_adapter,43,main__inlegalbert__r8a16__iltur_cl__role_adapter__seed43,STA,0.8333333333333334,0.6470588235294118,0.7284768211920529,85.0
main,inlegalbert,8,16,iltur_cl,role_adapter,44,main__inlegalbert__r8a16__iltur_cl__role_adapter__seed44,ARG,0.6944444444444444,0.7575757575757576,0.7246376811594203,198.0
main,inlegalbert,8,16,iltur_cl,role_adapter,44,main__inlegalbert__r8a16__iltur_cl__role_adapter__seed44,FAC,0.5982142857142857,0.8204081632653061,0.6919104991394148,245.0
main,inlegalbert,8,16,iltur_cl,role_adapter,44,main__inlegalbert__r8a16__iltur_cl__role_adapter__seed44,PRE,0.6145833333333334,0.4738955823293173,0.5351473922902494,249.0
main,inlegalbert,8,16,iltur_cl,role_adapter,44,main__inlegalbert__r8a16__iltur_cl__role_adapter__seed44,RATIO,0.6483790523690773,0.6004618937644342,0.6235011990407674,433.0
main,inlegalbert,8,16,iltur_cl,role_adapter,44,main__inlegalbert__r8a16__iltur_cl__role_adapter__seed44,RLC,0.11764705882352941,0.08695652173913043,0.1,23.0
main,inlegalbert,8,16,iltur_cl,role_adapter,44,main__inlegalbert__r8a16__iltur_cl__role_adapter__seed44,RPC,0.4,0.8333333333333334,0.5405405405405406,12.0
main,inlegalbert,8,16,iltur_cl,role_adapter,44,main__inlegalbert__r8a16__iltur_cl__role_adapter__seed44,STA,0.8793103448275862,0.6,0.7132867132867133,85.0
main,inlegalbert,8,16,iltur_cl,shared_lora,42,main__inlegalbert__r8a16__iltur_cl__shared_lora__seed42,ARG,0.735,0.7424242424242424,0.7386934673366834,198.0
main,inlegalbert,8,16,iltur_cl,shared_lora,42,main__inlegalbert__r8a16__iltur_cl__shared_lora__seed42,FAC,0.5628415300546448,0.8408163265306122,0.67430441898527,245.0
main,inlegalbert,8,16,iltur_cl,shared_lora,42,main__inlegalbert__r8a16__iltur_cl__shared_lora__seed42,PRE,0.6363636363636364,0.5060240963855421,0.5637583892617449,249.0
main,inlegalbert,8,16,iltur_cl,shared_lora,42,main__inlegalbert__r8a16__iltur_cl__shared_lora__seed42,RATIO,0.6479217603911981,0.6120092378752887,0.6294536817102138,433.0
main,inlegalbert,8,16,iltur_cl,shared_lora,42,main__inlegalbert__r8a16__iltur_cl__shared_lora__seed42,RLC,0.0,0.0,0.0,23.0
main,inlegalbert,8,16,iltur_cl,shared_lora,42,main__inlegalbert__r8a16__iltur_cl__shared_lora__seed42,RPC,0.3,0.25,0.2727272727272727,12.0
main,inlegalbert,8,16,iltur_cl,shared_lora,42,main__inlegalbert__r8a16__iltur_cl__shared_lora__seed42,STA,0.8225806451612904,0.6,0.6938775510204082,85.0
main,inlegalbert,8,16,iltur_cl,shared_lora,43,main__inlegalbert__r8a16__iltur_cl__shared_lora__seed43,ARG,0.7058823529411765,0.7272727272727273,0.7164179104477612,198.0
main,inlegalbert,8,16,iltur_cl,shared_lora,43,main__inlegalbert__r8a16__iltur_cl__shared_lora__seed43,FAC,0.5730337078651685,0.8326530612244898,0.6788685524126455,245.0
main,inlegalbert,8,16,iltur_cl,shared_lora,43,main__inlegalbert__r8a16__iltur_cl__shared_lora__seed43,PRE,0.5625,0.5060240963855421,0.53276955602537,249.0
main,inlegalbert,8,16,iltur_cl,shared_lora,43,main__inlegalbert__r8a16__iltur_cl__shared_lora__seed43,RATIO,0.6385224274406333,0.558891454965358,0.5960591133004927,433.0
main,inlegalbert,8,16,iltur_cl,shared_lora,43,main__inlegalbert__r8a16__iltur_cl__shared_lora__seed43,RLC,0.0,0.0,0.0,23.0
main,inlegalbert,8,16,iltur_cl,shared_lora,43,main__inlegalbert__r8a16__iltur_cl__shared_lora__seed43,RPC,0.45,0.75,0.5625,12.0
main,inlegalbert,8,16,iltur_cl,shared_lora,43,main__inlegalbert__r8a16__iltur_cl__shared_lora__seed43,STA,0.8225806451612904,0.6,0.6938775510204082,85.0
main,inlegalbert,8,16,iltur_cl,shared_lora,44,main__inlegalbert__r8a16__iltur_cl__shared_lora__seed44,ARG,0.7309644670050761,0.7272727272727273,0.7291139240506329,198.0
main,inlegalbert,8,16,iltur_cl,shared_lora,44,main__inlegalbert__r8a16__iltur_cl__shared_lora__seed44,FAC,0.600609756097561,0.8040816326530612,0.68760907504363,245.0
main,inlegalbert,8,16,iltur_cl,shared_lora,44,main__inlegalbert__r8a16__iltur_cl__shared_lora__seed44,PRE,0.6324324324324324,0.46987951807228917,0.5391705069124424,249.0
main,inlegalbert,8,16,iltur_cl,shared_lora,44,main__inlegalbert__r8a16__iltur_cl__shared_lora__seed44,RATIO,0.6548672566371682,0.6836027713625866,0.6689265536723163,433.0
main,inlegalbert,8,16,iltur_cl,shared_lora,44,main__inlegalbert__r8a16__iltur_cl__shared_lora__seed44,RLC,0.0,0.0,0.0,23.0
main,inlegalbert,8,16,iltur_cl,shared_lora,44,main__inlegalbert__r8a16__iltur_cl__shared_lora__seed44,RPC,0.391304347826087,0.75,0.5142857142857142,12.0
main,inlegalbert,8,16,iltur_cl,shared_lora,44,main__inlegalbert__r8a16__iltur_cl__shared_lora__seed44,STA,0.8833333333333333,0.6235294117647059,0.7310344827586207,85.0
main,inlegalbert,8,16,iltur_cl,shared_lora_widehead,42,main__inlegalbert__r8a16__iltur_cl__shared_lora_widehead__seed42,ARG,0.7142857142857143,0.7323232323232324,0.7231920199501247,198.0
main,inlegalbert,8,16,iltur_cl,shared_lora_widehead,42,main__inlegalbert__r8a16__iltur_cl__shared_lora_widehead__seed42,FAC,0.5864022662889519,0.8448979591836735,0.6923076923076923,245.0
main,inlegalbert,8,16,iltur_cl,shared_lora_widehead,42,main__inlegalbert__r8a16__iltur_cl__shared_lora_widehead__seed42,PRE,0.5924170616113744,0.5020080321285141,0.5434782608695652,249.0
main,inlegalbert,8,16,iltur_cl,shared_lora_widehead,42,main__inlegalbert__r8a16__iltur_cl__shared_lora_widehead__seed42,RATIO,0.6570680628272252,0.5796766743648961,0.6159509202453988,433.0
main,inlegalbert,8,16,iltur_cl,shared_lora_widehead,42,main__inlegalbert__r8a16__iltur_cl__shared_lora_widehead__seed42,RLC,0.0,0.0,0.0,23.0
main,inlegalbert,8,16,iltur_cl,shared_lora_widehead,42,main__inlegalbert__r8a16__iltur_cl__shared_lora_widehead__seed42,RPC,0.36,0.75,0.4864864864864865,12.0
main,inlegalbert,8,16,iltur_cl,shared_lora_widehead,42,main__inlegalbert__r8a16__iltur_cl__shared_lora_widehead__seed42,STA,0.8088235294117647,0.6470588235294118,0.7189542483660131,85.0
main,inlegalbert,8,16,iltur_cl,shared_lora_widehead,43,main__inlegalbert__r8a16__iltur_cl__shared_lora_widehead__seed43,ARG,0.6966824644549763,0.7424242424242424,0.7188264058679706,198.0
main,inlegalbert,8,16,iltur_cl,shared_lora_widehead,43,main__inlegalbert__r8a16__iltur_cl__shared_lora_widehead__seed43,FAC,0.5772357723577236,0.8693877551020408,0.6938110749185668,245.0
main,inlegalbert,8,16,iltur_cl,shared_lora_widehead,43,main__inlegalbert__r8a16__iltur_cl__shared_lora_widehead__seed43,PRE,0.61,0.4899598393574297,0.5434298440979956,249.0
main,inlegalbert,8,16,iltur_cl,shared_lora_widehead,43,main__inlegalbert__r8a16__iltur_cl__shared_lora_widehead__seed43,RATIO,0.6378378378378379,0.5450346420323325,0.5877957658779577,433.0
main,inlegalbert,8,16,iltur_cl,shared_lora_widehead,43,main__inlegalbert__r8a16__iltur_cl__shared_lora_widehead__seed43,RLC,0.0,0.0,0.0,23.0
main,inlegalbert,8,16,iltur_cl,shared_lora_widehead,43,main__inlegalbert__r8a16__iltur_cl__shared_lora_widehead__seed43,RPC,0.4166666666666667,0.8333333333333334,0.5555555555555556,12.0
main,inlegalbert,8,16,iltur_cl,shared_lora_widehead,43,main__inlegalbert__r8a16__iltur_cl__shared_lora_widehead__seed43,STA,0.8153846153846154,0.6235294117647059,0.7066666666666667,85.0
main,inlegalbert,8,16,iltur_cl,shared_lora_widehead,44,main__inlegalbert__r8a16__iltur_cl__shared_lora_widehead__seed44,ARG,0.6757990867579908,0.7474747474747475,0.709832134292566,198.0
main,inlegalbert,8,16,iltur_cl,shared_lora_widehead,44,main__inlegalbert__r8a16__iltur_cl__shared_lora_widehead__seed44,FAC,0.5698324022346368,0.8326530612244898,0.6766169154228856,245.0
main,inlegalbert,8,16,iltur_cl,shared_lora_widehead,44,main__inlegalbert__r8a16__iltur_cl__shared_lora_widehead__seed44,PRE,0.612565445026178,0.46987951807228917,0.5318181818181819,249.0
main,inlegalbert,8,16,iltur_cl,shared_lora_widehead,44,main__inlegalbert__r8a16__iltur_cl__shared_lora_widehead__seed44,RATIO,0.6435897435897436,0.5796766743648961,0.6099635479951397,433.0
main,inlegalbert,8,16,iltur_cl,shared_lora_widehead,44,main__inlegalbert__r8a16__iltur_cl__shared_lora_widehead__seed44,RLC,0.0,0.0,0.0,23.0
main,inlegalbert,8,16,iltur_cl,shared_lora_widehead,44,main__inlegalbert__r8a16__iltur_cl__shared_lora_widehead__seed44,RPC,0.375,0.75,0.5,12.0
main,inlegalbert,8,16,iltur_cl,shared_lora_widehead,44,main__inlegalbert__r8a16__iltur_cl__shared_lora_widehead__seed44,STA,0.8412698412698413,0.6235294117647059,0.7162162162162162,85.0
main,inlegalbert,8,16,iltur_it,category_lora,42,main__inlegalbert__r8a16__iltur_it__category_lora__seed42,ARG,0.7631578947368421,0.5420560747663551,0.6338797814207651,107.0
main,inlegalbert,8,16,iltur_it,category_lora,42,main__inlegalbert__r8a16__iltur_it__category_lora__seed42,FAC,0.7536231884057971,0.7938931297709924,0.7732342007434945,131.0
main,inlegalbert,8,16,iltur_it,category_lora,42,main__inlegalbert__r8a16__iltur_it__category_lora__seed42,PRE,0.71,0.5,0.5867768595041323,142.0
main,inlegalbert,8,16,iltur_it,category_lora,42,main__inlegalbert__r8a16__iltur_it__category_lora__seed42,RATIO,0.4746376811594203,0.7797619047619048,0.5900900900900901,168.0
main,inlegalbert,8,16,iltur_it,category_lora,42,main__inlegalbert__r8a16__iltur_it__category_lora__seed42,RLC,0.8048780487804879,0.34375,0.48175182481751827,96.0
main,inlegalbert,8,16,iltur_it,category_lora,42,main__inlegalbert__r8a16__iltur_it__category_lora__seed42,RPC,0.5151515151515151,0.8095238095238095,0.6296296296296297,21.0
main,inlegalbert,8,16,iltur_it,category_lora,42,main__inlegalbert__r8a16__iltur_it__category_lora__seed42,STA,0.7857142857142857,0.7938144329896907,0.7897435897435897,97.0
main,inlegalbert,8,16,iltur_it,category_lora,43,main__inlegalbert__r8a16__iltur_it__category_lora__seed43,ARG,0.6494845360824743,0.5887850467289719,0.6176470588235294,107.0
main,inlegalbert,8,16,iltur_it,category_lora,43,main__inlegalbert__r8a16__iltur_it__category_lora__seed43,FAC,0.7218543046357616,0.8320610687022901,0.7730496453900709,131.0
main,inlegalbert,8,16,iltur_it,category_lora,43,main__inlegalbert__r8a16__iltur_it__category_lora__seed43,PRE,0.7102803738317757,0.5352112676056338,0.6104417670682731,142.0
main,inlegalbert,8,16,iltur_it,category_lora,43,main__inlegalbert__r8a16__iltur_it__category_lora__seed43,RATIO,0.5238095238095238,0.7202380952380952,0.606516290726817,168.0
main,inlegalbert,8,16,iltur_it,category_lora,43,main__inlegalbert__r8a16__iltur_it__category_lora__seed43,RLC,0.7608695652173914,0.3645833333333333,0.49295774647887325,96.0
main,inlegalbert,8,16,iltur_it,category_lora,43,main__inlegalbert__r8a16__iltur_it__category_lora__seed43,RPC,0.5,0.8095238095238095,0.6181818181818182,21.0
main,inlegalbert,8,16,iltur_it,category_lora,43,main__inlegalbert__r8a16__iltur_it__category_lora__seed43,STA,0.8125,0.8041237113402062,0.8082901554404145,97.0
main,inlegalbert,8,16,iltur_it,category_lora,44,main__inlegalbert__r8a16__iltur_it__category_lora__seed44,ARG,0.7241379310344828,0.5887850467289719,0.6494845360824743,107.0
main,inlegalbert,8,16,iltur_it,category_lora,44,main__inlegalbert__r8a16__iltur_it__category_lora__seed44,FAC,0.7161290322580646,0.8473282442748091,0.7762237762237763,131.0
main,inlegalbert,8,16,iltur_it,category_lora,44,main__inlegalbert__r8a16__iltur_it__category_lora__seed44,PRE,0.7102803738317757,0.5352112676056338,0.6104417670682731,142.0
main,inlegalbert,8,16,iltur_it,category_lora,44,main__inlegalbert__r8a16__iltur_it__category_lora__seed44,RATIO,0.48770491803278687,0.7083333333333334,0.5776699029126213,168.0
main,inlegalbert,8,16,iltur_it,category_lora,44,main__inlegalbert__r8a16__iltur_it__category_lora__seed44,RLC,0.8,0.2916666666666667,0.42748091603053434,96.0
main,inlegalbert,8,16,iltur_it,category_lora,44,main__inlegalbert__r8a16__iltur_it__category_lora__seed44,RPC,0.5806451612903226,0.8571428571428571,0.6923076923076923,21.0
main,inlegalbert,8,16,iltur_it,category_lora,44,main__inlegalbert__r8a16__iltur_it__category_lora__seed44,STA,0.7572815533980582,0.8041237113402062,0.78,97.0
main,inlegalbert,8,16,iltur_it,frozen,42,main__inlegalbert__r8a16__iltur_it__frozen__seed42,ARG,0.5142857142857142,0.3364485981308411,0.4067796610169492,107.0
main,inlegalbert,8,16,iltur_it,frozen,42,main__inlegalbert__r8a16__iltur_it__frozen__seed42,FAC,0.4406779661016949,0.5954198473282443,0.5064935064935064,131.0
main,inlegalbert,8,16,iltur_it,frozen,42,main__inlegalbert__r8a16__iltur_it__frozen__seed42,PRE,0.5,0.2323943661971831,0.3173076923076923,142.0
main,inlegalbert,8,16,iltur_it,frozen,42,main__inlegalbert__r8a16__iltur_it__frozen__seed42,RATIO,0.33866666666666667,0.7559523809523809,0.4677716390423573,168.0
main,inlegalbert,8,16,iltur_it,frozen,42,main__inlegalbert__r8a16__iltur_it__frozen__seed42,RLC,0.0,0.0,0.0,96.0
main,inlegalbert,8,16,iltur_it,frozen,42,main__inlegalbert__r8a16__iltur_it__frozen__seed42,RPC,0.0,0.0,0.0,21.0
main,inlegalbert,8,16,iltur_it,frozen,42,main__inlegalbert__r8a16__iltur_it__frozen__seed42,STA,0.6486486486486487,0.4948453608247423,0.5614035087719298,97.0
main,inlegalbert,8,16,iltur_it,frozen,43,main__inlegalbert__r8a16__iltur_it__frozen__seed43,ARG,0.39603960396039606,0.37383177570093457,0.38461538461538464,107.0
main,inlegalbert,8,16,iltur_it,frozen,43,main__inlegalbert__r8a16__iltur_it__frozen__seed43,FAC,0.4117647058823529,0.6412213740458015,0.5014925373134328,131.0
main,inlegalbert,8,16,iltur_it,frozen,43,main__inlegalbert__r8a16__iltur_it__frozen__seed43,PRE,0.45348837209302323,0.2746478873239437,0.34210526315789475,142.0
main,inlegalbert,8,16,iltur_it,frozen,43,main__inlegalbert__r8a16__iltur_it__frozen__seed43,RATIO,0.35570469798657717,0.6309523809523809,0.45493562231759654,168.0
main,inlegalbert,8,16,iltur_it,frozen,43,main__inlegalbert__r8a16__iltur_it__frozen__seed43,RLC,0.0,0.0,0.0,96.0
main,inlegalbert,8,16,iltur_it,frozen,43,main__inlegalbert__r8a16__iltur_it__frozen__seed43,RPC,0.0,0.0,0.0,21.0
main,inlegalbert,8,16,iltur_it,frozen,43,main__inlegalbert__r8a16__iltur_it__frozen__seed43,STA,0.6712328767123288,0.5051546391752577,0.5764705882352941,97.0
main,inlegalbert,8,16,iltur_it,frozen,44,main__inlegalbert__r8a16__iltur_it__frozen__seed44,ARG,0.38636363636363635,0.3177570093457944,0.3487179487179487,107.0
main,inlegalbert,8,16,iltur_it,frozen,44,main__inlegalbert__r8a16__iltur_it__frozen__seed44,FAC,0.4557823129251701,0.5114503816793893,0.48201438848920863,131.0
main,inlegalbert,8,16,iltur_it,frozen,44,main__inlegalbert__r8a16__iltur_it__frozen__seed44,PRE,0.4090909090909091,0.2535211267605634,0.3130434782608696,142.0
main,inlegalbert,8,16,iltur_it,frozen,44,main__inlegalbert__r8a16__iltur_it__frozen__seed44,RATIO,0.328042328042328,0.7380952380952381,0.4542124542124542,168.0
main,inlegalbert,8,16,iltur_it,frozen,44,main__inlegalbert__r8a16__iltur_it__frozen__seed44,RLC,0.0,0.0,0.0,96.0
main,inlegalbert,8,16,iltur_it,frozen,44,main__inlegalbert__r8a16__iltur_it__frozen__seed44,RPC,0.0,0.0,0.0,21.0
main,inlegalbert,8,16,iltur_it,frozen,44,main__inlegalbert__r8a16__iltur_it__frozen__seed44,STA,0.6721311475409836,0.422680412371134,0.5189873417721519,97.0
main,inlegalbert,8,16,iltur_it,full_ft,42,main__inlegalbert__r8a16__iltur_it__full_ft__seed42,ARG,0.7078651685393258,0.5887850467289719,0.6428571428571429,107.0
main,inlegalbert,8,16,iltur_it,full_ft,42,main__inlegalbert__r8a16__iltur_it__full_ft__seed42,FAC,0.7910447761194029,0.8091603053435115,0.8,131.0
main,inlegalbert,8,16,iltur_it,full_ft,42,main__inlegalbert__r8a16__iltur_it__full_ft__seed42,PRE,0.6885245901639344,0.5915492957746479,0.6363636363636364,142.0
main,inlegalbert,8,16,iltur_it,full_ft,42,main__inlegalbert__r8a16__iltur_it__full_ft__seed42,RATIO,0.512396694214876,0.7380952380952381,0.6048780487804878,168.0
main,inlegalbert,8,16,iltur_it,full_ft,42,main__inlegalbert__r8a16__iltur_it__full_ft__seed42,RLC,0.8780487804878049,0.375,0.5255474452554745,96.0
main,inlegalbert,8,16,iltur_it,full_ft,42,main__inlegalbert__r8a16__iltur_it__full_ft__seed42,RPC,0.5151515151515151,0.8095238095238095,0.6296296296296297,21.0
main,inlegalbert,8,16,iltur_it,full_ft,42,main__inlegalbert__r8a16__iltur_it__full_ft__seed42,STA,0.7920792079207921,0.8247422680412371,0.8080808080808081,97.0
main,inlegalbert,8,16,iltur_it,full_ft,43,main__inlegalbert__r8a16__iltur_it__full_ft__seed43,ARG,0.7922077922077922,0.5700934579439252,0.6630434782608695,107.0
main,inlegalbert,8,16,iltur_it,full_ft,43,main__inlegalbert__r8a16__iltur_it__full_ft__seed43,FAC,0.7310344827586207,0.8091603053435115,0.7681159420289855,131.0
main,inlegalbert,8,16,iltur_it,full_ft,43,main__inlegalbert__r8a16__iltur_it__full_ft__seed43,PRE,0.7425742574257426,0.528169014084507,0.6172839506172839,142.0
main,inlegalbert,8,16,iltur_it,full_ft,43,main__inlegalbert__r8a16__iltur_it__full_ft__seed43,RATIO,0.4784172661870504,0.7916666666666666,0.5964125560538116,168.0
main,inlegalbert,8,16,iltur_it,full_ft,43,main__inlegalbert__r8a16__iltur_it__full_ft__seed43,RLC,0.8648648648648649,0.3333333333333333,0.48120300751879697,96.0
main,inlegalbert,8,16,iltur_it,full_ft,43,main__inlegalbert__r8a16__iltur_it__full_ft__seed43,RPC,0.5151515151515151,0.8095238095238095,0.6296296296296297,21.0
main,inlegalbert,8,16,iltur_it,full_ft,43,main__inlegalbert__r8a16__iltur_it__full_ft__seed43,STA,0.8241758241758241,0.7731958762886598,0.7978723404255319,97.0
main,inlegalbert,8,16,iltur_it,full_ft,44,main__inlegalbert__r8a16__iltur_it__full_ft__seed44,ARG,0.775,0.5794392523364486,0.6631016042780749,107.0
main,inlegalbert,8,16,iltur_it,full_ft,44,main__inlegalbert__r8a16__iltur_it__full_ft__seed44,FAC,0.6981132075471698,0.8473282442748091,0.7655172413793103,131.0
main,inlegalbert,8,16,iltur_it,full_ft,44,main__inlegalbert__r8a16__iltur_it__full_ft__seed44,PRE,0.7053571428571429,0.5563380281690141,0.6220472440944882,142.0
main,inlegalbert,8,16,iltur_it,full_ft,44,main__inlegalbert__r8a16__iltur_it__full_ft__seed44,RATIO,0.512396694214876,0.7380952380952381,0.6048780487804878,168.0
main,inlegalbert,8,16,iltur_it,full_ft,44,main__inlegalbert__r8a16__iltur_it__full_ft__seed44,RLC,0.8108108108108109,0.3125,0.45112781954887216,96.0
main,inlegalbert,8,16,iltur_it,full_ft,44,main__inlegalbert__r8a16__iltur_it__full_ft__seed44,RPC,0.4827586206896552,0.6666666666666666,0.56,21.0
main,inlegalbert,8,16,iltur_it,full_ft,44,main__inlegalbert__r8a16__iltur_it__full_ft__seed44,STA,0.7572815533980582,0.8041237113402062,0.78,97.0
main,inlegalbert,8,16,iltur_it,role_adapter,42,main__inlegalbert__r8a16__iltur_it__role_adapter__seed42,ARG,0.7407407407407407,0.5607476635514018,0.6382978723404256,107.0
main,inlegalbert,8,16,iltur_it,role_adapter,42,main__inlegalbert__r8a16__iltur_it__role_adapter__seed42,FAC,0.7591240875912408,0.7938931297709924,0.7761194029850746,131.0
main,inlegalbert,8,16,iltur_it,role_adapter,42,main__inlegalbert__r8a16__iltur_it__role_adapter__seed42,PRE,0.7128712871287128,0.5070422535211268,0.5925925925925926,142.0
main,inlegalbert,8,16,iltur_it,role_adapter,42,main__inlegalbert__r8a16__iltur_it__role_adapter__seed42,RATIO,0.4742647058823529,0.7678571428571429,0.5863636363636363,168.0
main,inlegalbert,8,16,iltur_it,role_adapter,42,main__inlegalbert__r8a16__iltur_it__role_adapter__seed42,RLC,0.7948717948717948,0.3229166666666667,0.45925925925925926,96.0
main,inlegalbert,8,16,iltur_it,role_adapter,42,main__inlegalbert__r8a16__iltur_it__role_adapter__seed42,RPC,0.5483870967741935,0.8095238095238095,0.6538461538461539,21.0
main,inlegalbert,8,16,iltur_it,role_adapter,42,main__inlegalbert__r8a16__iltur_it__role_adapter__seed42,STA,0.7722772277227723,0.8041237113402062,0.7878787878787878,97.0
main,inlegalbert,8,16,iltur_it,role_adapter,43,main__inlegalbert__r8a16__iltur_it__role_adapter__seed43,ARG,0.6702127659574468,0.5887850467289719,0.6268656716417911,107.0
main,inlegalbert,8,16,iltur_it,role_adapter,43,main__inlegalbert__r8a16__iltur_it__role_adapter__seed43,FAC,0.7248322147651006,0.8244274809160306,0.7714285714285715,131.0
main,inlegalbert,8,16,iltur_it,role_adapter,43,main__inlegalbert__r8a16__iltur_it__role_adapter__seed43,PRE,0.7524752475247525,0.5352112676056338,0.6255144032921811,142.0
main,inlegalbert,8,16,iltur_it,role_adapter,43,main__inlegalbert__r8a16__iltur_it__role_adapter__seed43,RATIO,0.5064377682403434,0.7023809523809523,0.5885286783042394,168.0
main,inlegalbert,8,16,iltur_it,role_adapter,43,main__inlegalbert__r8a16__iltur_it__role_adapter__seed43,RLC,0.7551020408163265,0.3854166666666667,0.5103448275862069,96.0
main,inlegalbert,8,16,iltur_it,role_adapter,43,main__inlegalbert__r8a16__iltur_it__role_adapter__seed43,RPC,0.5294117647058824,0.8571428571428571,0.6545454545454545,21.0
main,inlegalbert,8,16,iltur_it,role_adapter,43,main__inlegalbert__r8a16__iltur_it__role_adapter__seed43,STA,0.7843137254901961,0.8247422680412371,0.8040201005025126,97.0
main,inlegalbert,8,16,iltur_it,role_adapter,44,main__inlegalbert__r8a16__iltur_it__role_adapter__seed44,ARG,0.6842105263157895,0.6074766355140186,0.6435643564356436,107.0
main,inlegalbert,8,16,iltur_it,role_adapter,44,main__inlegalbert__r8a16__iltur_it__role_adapter__seed44,FAC,0.7328767123287672,0.816793893129771,0.7725631768953068,131.0
main,inlegalbert,8,16,iltur_it,role_adapter,44,main__inlegalbert__r8a16__iltur_it__role_adapter__seed44,PRE,0.7840909090909091,0.4859154929577465,0.6,142.0
main,inlegalbert,8,16,iltur_it,role_adapter,44,main__inlegalbert__r8a16__iltur_it__role_adapter__seed44,RATIO,0.4859437751004016,0.7202380952380952,0.580335731414868,168.0
main,inlegalbert,8,16,iltur_it,role_adapter,44,main__inlegalbert__r8a16__iltur_it__role_adapter__seed44,RLC,0.6481481481481481,0.3645833333333333,0.4666666666666667,96.0
main,inlegalbert,8,16,iltur_it,role_adapter,44,main__inlegalbert__r8a16__iltur_it__role_adapter__seed44,RPC,0.6206896551724138,0.8571428571428571,0.72,21.0
main,inlegalbert,8,16,iltur_it,role_adapter,44,main__inlegalbert__r8a16__iltur_it__role_adapter__seed44,STA,0.7623762376237624,0.7938144329896907,0.7777777777777778,97.0
main,inlegalbert,8,16,iltur_it,shared_lora,42,main__inlegalbert__r8a16__iltur_it__shared_lora__seed42,ARG,0.7894736842105263,0.5607476635514018,0.6557377049180327,107.0
main,inlegalbert,8,16,iltur_it,shared_lora,42,main__inlegalbert__r8a16__iltur_it__shared_lora__seed42,FAC,0.7012987012987013,0.8244274809160306,0.7578947368421053,131.0
main,inlegalbert,8,16,iltur_it,shared_lora,42,main__inlegalbert__r8a16__iltur_it__shared_lora__seed42,PRE,0.6634615384615384,0.4859154929577465,0.5609756097560976,142.0
main,inlegalbert,8,16,iltur_it,shared_lora,42,main__inlegalbert__r8a16__iltur_it__shared_lora__seed42,RATIO,0.46258503401360546,0.8095238095238095,0.5887445887445888,168.0
main,inlegalbert,8,16,iltur_it,shared_lora,42,main__inlegalbert__r8a16__iltur_it__shared_lora__seed42,RLC,0.88,0.22916666666666666,0.36363636363636365,96.0
main,inlegalbert,8,16,iltur_it,shared_lora,42,main__inlegalbert__r8a16__iltur_it__shared_lora__seed42,RPC,0.5714285714285714,0.5714285714285714,0.5714285714285714,21.0
main,inlegalbert,8,16,iltur_it,shared_lora,42,main__inlegalbert__r8a16__iltur_it__shared_lora__seed42,STA,0.8295454545454546,0.7525773195876289,0.7891891891891892,97.0
main,inlegalbert,8,16,iltur_it,shared_lora,43,main__inlegalbert__r8a16__iltur_it__shared_lora__seed43,ARG,0.7702702702702703,0.5327102803738317,0.6298342541436464,107.0
main,inlegalbert,8,16,iltur_it,shared_lora,43,main__inlegalbert__r8a16__iltur_it__shared_lora__seed43,FAC,0.7350993377483444,0.8473282442748091,0.7872340425531915,131.0
main,inlegalbert,8,16,iltur_it,shared_lora,43,main__inlegalbert__r8a16__iltur_it__shared_lora__seed43,PRE,0.6363636363636364,0.44366197183098594,0.5228215767634855,142.0
main,inlegalbert,8,16,iltur_it,shared_lora,43,main__inlegalbert__r8a16__iltur_it__shared_lora__seed43,RATIO,0.46688741721854304,0.8392857142857143,0.6,168.0
main,inlegalbert,8,16,iltur_it,shared_lora,43,main__inlegalbert__r8a16__iltur_it__shared_lora__seed43,RLC,0.95,0.19791666666666666,0.3275862068965517,96.0
main,inlegalbert,8,16,iltur_it,shared_lora,43,main__inlegalbert__r8a16__iltur_it__shared_lora__seed43,RPC,0.52,0.6190476190476191,0.5652173913043478,21.0
main,inlegalbert,8,16,iltur_it,shared_lora,43,main__inlegalbert__r8a16__iltur_it__shared_lora__seed43,STA,0.8241758241758241,0.7731958762886598,0.7978723404255319,97.0
main,inlegalbert,8,16,iltur_it,shared_lora,44,main__inlegalbert__r8a16__iltur_it__shared_lora__seed44,ARG,0.7567567567567568,0.5233644859813084,0.6187845303867403,107.0
main,inlegalbert,8,16,iltur_it,shared_lora,44,main__inlegalbert__r8a16__iltur_it__shared_lora__seed44,FAC,0.6586826347305389,0.8396946564885496,0.738255033557047,131.0
main,inlegalbert,8,16,iltur_it,shared_lora,44,main__inlegalbert__r8a16__iltur_it__shared_lora__seed44,PRE,0.7111111111111111,0.4507042253521127,0.5517241379310345,142.0
main,inlegalbert,8,16,iltur_it,shared_lora,44,main__inlegalbert__r8a16__iltur_it__shared_lora__seed44,RATIO,0.46830985915492956,0.7916666666666666,0.588495575221239,168.0
main,inlegalbert,8,16,iltur_it,shared_lora,44,main__inlegalbert__r8a16__iltur_it__shared_lora__seed44,RLC,0.8333333333333334,0.15625,0.2631578947368421,96.0
main,inlegalbert,8,16,iltur_it,shared_lora,44,main__inlegalbert__r8a16__iltur_it__shared_lora__seed44,RPC,0.4857142857142857,0.8095238095238095,0.6071428571428571,21.0
main,inlegalbert,8,16,iltur_it,shared_lora,44,main__inlegalbert__r8a16__iltur_it__shared_lora__seed44,STA,0.7659574468085106,0.7422680412371134,0.7539267015706806,97.0
main,inlegalbert,8,16,iltur_it,shared_lora_widehead,42,main__inlegalbert__r8a16__iltur_it__shared_lora_widehead__seed42,ARG,0.8028169014084507,0.5327102803738317,0.6404494382022472,107.0
main,inlegalbert,8,16,iltur_it,shared_lora_widehead,42,main__inlegalbert__r8a16__iltur_it__shared_lora_widehead__seed42,FAC,0.7464788732394366,0.8091603053435115,0.7765567765567766,131.0
main,inlegalbert,8,16,iltur_it,shared_lora_widehead,42,main__inlegalbert__r8a16__iltur_it__shared_lora_widehead__seed42,PRE,0.7789473684210526,0.5211267605633803,0.6244725738396625,142.0
main,inlegalbert,8,16,iltur_it,shared_lora_widehead,42,main__inlegalbert__r8a16__iltur_it__shared_lora_widehead__seed42,RATIO,0.4963768115942029,0.8154761904761905,0.6171171171171171,168.0
main,inlegalbert,8,16,iltur_it,shared_lora_widehead,42,main__inlegalbert__r8a16__iltur_it__shared_lora_widehead__seed42,RLC,0.7777777777777778,0.3645833333333333,0.49645390070921985,96.0
main,inlegalbert,8,16,iltur_it,shared_lora_widehead,42,main__inlegalbert__r8a16__iltur_it__shared_lora_widehead__seed42,RPC,0.5666666666666667,0.8095238095238095,0.6666666666666666,21.0
main,inlegalbert,8,16,iltur_it,shared_lora_widehead,42,main__inlegalbert__r8a16__iltur_it__shared_lora_widehead__seed42,STA,0.7669902912621359,0.8144329896907216,0.79,97.0
main,inlegalbert,8,16,iltur_it,shared_lora_widehead,43,main__inlegalbert__r8a16__iltur_it__shared_lora_widehead__seed43,ARG,0.7209302325581395,0.5794392523364486,0.6424870466321243,107.0
main,inlegalbert,8,16,iltur_it,shared_lora_widehead,43,main__inlegalbert__r8a16__iltur_it__shared_lora_widehead__seed43,FAC,0.7297297297297297,0.8244274809160306,0.7741935483870968,131.0
main,inlegalbert,8,16,iltur_it,shared_lora_widehead,43,main__inlegalbert__r8a16__iltur_it__shared_lora_widehead__seed43,PRE,0.7634408602150538,0.5,0.6042553191489362,142.0
main,inlegalbert,8,16,iltur_it,shared_lora_widehead,43,main__inlegalbert__r8a16__iltur_it__shared_lora_widehead__seed43,RATIO,0.48484848484848486,0.7619047619047619,0.5925925925925926,168.0
main,inlegalbert,8,16,iltur_it,shared_lora_widehead,43,main__inlegalbert__r8a16__iltur_it__shared_lora_widehead__seed43,RLC,0.7441860465116279,0.3333333333333333,0.460431654676259,96.0
main,inlegalbert,8,16,iltur_it,shared_lora_widehead,43,main__inlegalbert__r8a16__iltur_it__shared_lora_widehead__seed43,RPC,0.5483870967741935,0.8095238095238095,0.6538461538461539,21.0
main,inlegalbert,8,16,iltur_it,shared_lora_widehead,43,main__inlegalbert__r8a16__iltur_it__shared_lora_widehead__seed43,STA,0.8041237113402062,0.8041237113402062,0.8041237113402062,97.0
main,inlegalbert,8,16,iltur_it,shared_lora_widehead,44,main__inlegalbert__r8a16__iltur_it__shared_lora_widehead__seed44,ARG,0.7468354430379747,0.5514018691588785,0.6344086021505376,107.0
main,inlegalbert,8,16,iltur_it,shared_lora_widehead,44,main__inlegalbert__r8a16__iltur_it__shared_lora_widehead__seed44,FAC,0.7552447552447552,0.8244274809160306,0.7883211678832117,131.0
main,inlegalbert,8,16,iltur_it,shared_lora_widehead,44,main__inlegalbert__r8a16__iltur_it__shared_lora_widehead__seed44,PRE,0.73,0.5140845070422535,0.6033057851239669,142.0
main,inlegalbert,8,16,iltur_it,shared_lora_widehead,44,main__inlegalbert__r8a16__iltur_it__shared_lora_widehead__seed44,RATIO,0.483271375464684,0.7738095238095238,0.5949656750572082,168.0
main,inlegalbert,8,16,iltur_it,shared_lora_widehead,44,main__inlegalbert__r8a16__iltur_it__shared_lora_widehead__seed44,RLC,0.8048780487804879,0.34375,0.48175182481751827,96.0
main,inlegalbert,8,16,iltur_it,shared_lora_widehead,44,main__inlegalbert__r8a16__iltur_it__shared_lora_widehead__seed44,RPC,0.5454545454545454,0.8571428571428571,0.6666666666666666,21.0
main,inlegalbert,8,16,iltur_it,shared_lora_widehead,44,main__inlegalbert__r8a16__iltur_it__shared_lora_widehead__seed44,STA,0.7731958762886598,0.7731958762886598,0.7731958762886598,97.0
main,inlegalbert,8,16,legaleval,category_lora,42,main__inlegalbert__r8a16__legaleval__category_lora__seed42,ARG,0.771875,0.7373134328358208,0.7541984732824427,335.0
main,inlegalbert,8,16,legaleval,category_lora,42,main__inlegalbert__r8a16__legaleval__category_lora__seed42,FAC,0.8736842105263158,0.9080962800875274,0.8905579399141631,914.0
main,inlegalbert,8,16,legaleval,category_lora,42,main__inlegalbert__r8a16__legaleval__category_lora__seed42,PRE,0.7,0.8380281690140845,0.7628205128205128,142.0
main,inlegalbert,8,16,legaleval,category_lora,42,main__inlegalbert__r8a16__legaleval__category_lora__seed42,RATIO,0.6915887850467289,0.5736434108527132,0.6271186440677966,129.0
main,inlegalbert,8,16,legaleval,category_lora,42,main__inlegalbert__r8a16__legaleval__category_lora__seed42,RLC,0.6923076923076923,0.6206896551724138,0.6545454545454545,87.0
main,inlegalbert,8,16,legaleval,category_lora,42,main__inlegalbert__r8a16__legaleval__category_lora__seed42,RPC,0.8784530386740331,0.8238341968911918,0.8502673796791443,193.0
main,inlegalbert,8,16,legaleval,category_lora,42,main__inlegalbert__r8a16__legaleval__category_lora__seed42,STA,0.8867924528301887,0.7966101694915254,0.8392857142857143,59.0
main,inlegalbert,8,16,legaleval,category_lora,43,main__inlegalbert__r8a16__legaleval__category_lora__seed43,ARG,0.7665615141955836,0.7253731343283583,0.745398773006135,335.0
main,inlegalbert,8,16,legaleval,category_lora,43,main__inlegalbert__r8a16__legaleval__category_lora__seed43,FAC,0.8626834381551363,0.9004376367614879,0.8811563169164882,914.0
main,inlegalbert,8,16,legaleval,category_lora,43,main__inlegalbert__r8a16__legaleval__category_lora__seed43,PRE,0.7195121951219512,0.8309859154929577,0.7712418300653595,142.0
main,inlegalbert,8,16,legaleval,category_lora,43,main__inlegalbert__r8a16__legaleval__category_lora__seed43,RATIO,0.6636363636363637,0.5658914728682171,0.6108786610878661,129.0
main,inlegalbert,8,16,legaleval,category_lora,43,main__inlegalbert__r8a16__legaleval__category_lora__seed43,RLC,0.6395348837209303,0.632183908045977,0.6358381502890174,87.0
main,inlegalbert,8,16,legaleval,category_lora,43,main__inlegalbert__r8a16__legaleval__category_lora__seed43,RPC,0.8659217877094972,0.8031088082901554,0.8333333333333334,193.0
main,inlegalbert,8,16,legaleval,category_lora,43,main__inlegalbert__r8a16__legaleval__category_lora__seed43,STA,0.8979591836734694,0.7457627118644068,0.8148148148148148,59.0
main,inlegalbert,8,16,legaleval,category_lora,44,main__inlegalbert__r8a16__legaleval__category_lora__seed44,ARG,0.7355371900826446,0.7970149253731343,0.7650429799426934,335.0
main,inlegalbert,8,16,legaleval,category_lora,44,main__inlegalbert__r8a16__legaleval__category_lora__seed44,FAC,0.8900979325353645,0.8949671772428884,0.8925259138025096,914.0
main,inlegalbert,8,16,legaleval,category_lora,44,main__inlegalbert__r8a16__legaleval__category_lora__seed44,PRE,0.73125,0.823943661971831,0.7748344370860927,142.0
main,inlegalbert,8,16,legaleval,category_lora,44,main__inlegalbert__r8a16__legaleval__category_lora__seed44,RATIO,0.673469387755102,0.5116279069767442,0.5814977973568282,129.0
main,inlegalbert,8,16,legaleval,category_lora,44,main__inlegalbert__r8a16__legaleval__category_lora__seed44,RLC,0.6585365853658537,0.6206896551724138,0.6390532544378699,87.0
main,inlegalbert,8,16,legaleval,category_lora,44,main__inlegalbert__r8a16__legaleval__category_lora__seed44,RPC,0.8797814207650273,0.8341968911917098,0.8563829787234043,193.0
main,inlegalbert,8,16,legaleval,category_lora,44,main__inlegalbert__r8a16__legaleval__category_lora__seed44,STA,0.8703703703703703,0.7966101694915254,0.831858407079646,59.0
main,inlegalbert,8,16,legaleval,frozen,42,main__inlegalbert__r8a16__legaleval__frozen__seed42,ARG,0.6208530805687204,0.39104477611940297,0.47985347985347987,335.0
main,inlegalbert,8,16,legaleval,frozen,42,main__inlegalbert__r8a16__legaleval__frozen__seed42,FAC,0.5971370143149284,0.9584245076586433,0.7358252834943301,914.0
main,inlegalbert,8,16,legaleval,frozen,42,main__inlegalbert__r8a16__legaleval__frozen__seed42,PRE,0.5473684210526316,0.36619718309859156,0.4388185654008439,142.0
main,inlegalbert,8,16,legaleval,frozen,42,main__inlegalbert__r8a16__legaleval__frozen__seed42,RATIO,0.8333333333333334,0.03875968992248062,0.07407407407407407,129.0
main,inlegalbert,8,16,legaleval,frozen,42,main__inlegalbert__r8a16__legaleval__frozen__seed42,RLC,0.0,0.0,0.0,87.0
main,inlegalbert,8,16,legaleval,frozen,42,main__inlegalbert__r8a16__legaleval__frozen__seed42,RPC,0.7681159420289855,0.27461139896373055,0.40458015267175573,193.0
main,inlegalbert,8,16,legaleval,frozen,42,main__inlegalbert__r8a16__legaleval__frozen__seed42,STA,1.0,0.1694915254237288,0.2898550724637681,59.0
main,inlegalbert,8,16,legaleval,frozen,43,main__inlegalbert__r8a16__legaleval__frozen__seed43,ARG,0.6134020618556701,0.35522388059701493,0.4499054820415879,335.0
main,inlegalbert,8,16,legaleval,frozen,43,main__inlegalbert__r8a16__legaleval__frozen__seed43,FAC,0.587143803843605,0.9693654266958425,0.7313248039620306,914.0
main,inlegalbert,8,16,legaleval,frozen,43,main__inlegalbert__r8a16__legaleval__frozen__seed43,PRE,0.5662650602409639,0.33098591549295775,0.4177777777777778,142.0
main,inlegalbert,8,16,legaleval,frozen,43,main__inlegalbert__r8a16__legaleval__frozen__seed43,RATIO,0.8333333333333334,0.03875968992248062,0.07407407407407407,129.0
main,inlegalbert,8,16,legaleval,frozen,43,main__inlegalbert__r8a16__legaleval__frozen__seed43,RLC,0.0,0.0,0.0,87.0
main,inlegalbert,8,16,legaleval,frozen,43,main__inlegalbert__r8a16__legaleval__frozen__seed43,RPC,0.8305084745762712,0.2538860103626943,0.3888888888888889,193.0
main,inlegalbert,8,16,legaleval,frozen,43,main__inlegalbert__r8a16__legaleval__frozen__seed43,STA,1.0,0.11864406779661017,0.21212121212121213,59.0
main,inlegalbert,8,16,legaleval,frozen,44,main__inlegalbert__r8a16__legaleval__frozen__seed44,ARG,0.6224489795918368,0.3641791044776119,0.4595103578154426,335.0
main,inlegalbert,8,16,legaleval,frozen,44,main__inlegalbert__r8a16__legaleval__frozen__seed44,FAC,0.5882744836775483,0.9660831509846827,0.7312629399585922,914.0
main,inlegalbert,8,16,legaleval,frozen,44,main__inlegalbert__r8a16__legaleval__frozen__seed44,PRE,0.6027397260273972,0.30985915492957744,0.40930232558139534,142.0
main,inlegalbert,8,16,legaleval,frozen,44,main__inlegalbert__r8a16__legaleval__frozen__seed44,RATIO,0.6363636363636364,0.05426356589147287,0.1,129.0
main,inlegalbert,8,16,legaleval,frozen,44,main__inlegalbert__r8a16__legaleval__frozen__seed44,RLC,0.0,0.0,0.0,87.0
main,inlegalbert,8,16,legaleval,frozen,44,main__inlegalbert__r8a16__legaleval__frozen__seed44,RPC,0.7794117647058824,0.27461139896373055,0.4061302681992337,193.0
main,inlegalbert,8,16,legaleval,frozen,44,main__inlegalbert__r8a16__legaleval__frozen__seed44,STA,1.0,0.15254237288135594,0.2647058823529412,59.0
main,inlegalbert,8,16,legaleval,full_ft,42,main__inlegalbert__r8a16__legaleval__full_ft__seed42,ARG,0.7470238095238095,0.7492537313432835,0.7481371087928465,335.0
main,inlegalbert,8,16,legaleval,full_ft,42,main__inlegalbert__r8a16__legaleval__full_ft__seed42,FAC,0.8790149892933619,0.8982494529540481,0.8885281385281385,914.0
main,inlegalbert,8,16,legaleval,full_ft,42,main__inlegalbert__r8a16__legaleval__full_ft__seed42,PRE,0.7232704402515723,0.8098591549295775,0.7641196013289037,142.0
main,inlegalbert,8,16,legaleval,full_ft,42,main__inlegalbert__r8a16__legaleval__full_ft__seed42,RATIO,0.638095238095238,0.5193798449612403,0.5726495726495726,129.0
main,inlegalbert,8,16,legaleval,full_ft,42,main__inlegalbert__r8a16__legaleval__full_ft__seed42,RLC,0.686046511627907,0.6781609195402298,0.6820809248554913,87.0
main,inlegalbert,8,16,legaleval,full_ft,42,main__inlegalbert__r8a16__legaleval__full_ft__seed42,RPC,0.8743169398907104,0.8290155440414507,0.851063829787234,193.0
main,inlegalbert,8,16,legaleval,full_ft,42,main__inlegalbert__r8a16__legaleval__full_ft__seed42,STA,0.8214285714285714,0.7796610169491526,0.8,59.0
main,inlegalbert,8,16,legaleval,full_ft,43,main__inlegalbert__r8a16__legaleval__full_ft__seed43,ARG,0.7470238095238095,0.7492537313432835,0.7481371087928465,335.0
main,inlegalbert,8,16,legaleval,full_ft,43,main__inlegalbert__r8a16__legaleval__full_ft__seed43,FAC,0.8826086956521739,0.888402625820569,0.8854961832061069,914.0
main,inlegalbert,8,16,legaleval,full_ft,43,main__inlegalbert__r8a16__legaleval__full_ft__seed43,PRE,0.7388535031847133,0.8169014084507042,0.7759197324414716,142.0
main,inlegalbert,8,16,legaleval,full_ft,43,main__inlegalbert__r8a16__legaleval__full_ft__seed43,RATIO,0.646551724137931,0.5813953488372093,0.6122448979591837,129.0
main,inlegalbert,8,16,legaleval,full_ft,43,main__inlegalbert__r8a16__legaleval__full_ft__seed43,RLC,0.6063829787234043,0.6551724137931034,0.6298342541436464,87.0
main,inlegalbert,8,16,legaleval,full_ft,43,main__inlegalbert__r8a16__legaleval__full_ft__seed43,RPC,0.8833333333333333,0.8238341968911918,0.8525469168900804,193.0
main,inlegalbert,8,16,legaleval,full_ft,43,main__inlegalbert__r8a16__legaleval__full_ft__seed43,STA,0.875,0.8305084745762712,0.8521739130434782,59.0
main,inlegalbert,8,16,legaleval,full_ft,44,main__inlegalbert__r8a16__legaleval__full_ft__seed44,ARG,0.7247191011235955,0.7701492537313432,0.7467438494934877,335.0
main,inlegalbert,8,16,legaleval,full_ft,44,main__inlegalbert__r8a16__legaleval__full_ft__seed44,FAC,0.8813928182807399,0.8862144420131292,0.88379705400982,914.0
main,inlegalbert,8,16,legaleval,full_ft,44,main__inlegalbert__r8a16__legaleval__full_ft__seed44,PRE,0.7232704402515723,0.8098591549295775,0.7641196013289037,142.0
main,inlegalbert,8,16,legaleval,full_ft,44,main__inlegalbert__r8a16__legaleval__full_ft__seed44,RATIO,0.6509433962264151,0.5348837209302325,0.5872340425531914,129.0
main,inlegalbert,8,16,legaleval,full_ft,44,main__inlegalbert__r8a16__legaleval__full_ft__seed44,RLC,0.6382978723404256,0.6896551724137931,0.6629834254143646,87.0
main,inlegalbert,8,16,legaleval,full_ft,44,main__inlegalbert__r8a16__legaleval__full_ft__seed44,RPC,0.9080459770114943,0.8186528497409327,0.8610354223433242,193.0
main,inlegalbert,8,16,legaleval,full_ft,44,main__inlegalbert__r8a16__legaleval__full_ft__seed44,STA,0.8823529411764706,0.7627118644067796,0.8181818181818182,59.0
main,inlegalbert,8,16,legaleval,role_adapter,42,main__inlegalbert__r8a16__legaleval__role_adapter__seed42,ARG,0.746177370030581,0.7283582089552239,0.7371601208459214,335.0
main,inlegalbert,8,16,legaleval,role_adapter,42,main__inlegalbert__r8a16__legaleval__role_adapter__seed42,FAC,0.8796198521647307,0.9113785557986871,0.8952176249328319,914.0
main,inlegalbert,8,16,legaleval,role_adapter,42,main__inlegalbert__r8a16__legaleval__role_adapter__seed42,PRE,0.7232704402515723,0.8098591549295775,0.7641196013289037,142.0
main,inlegalbert,8,16,legaleval,role_adapter,42,main__inlegalbert__r8a16__legaleval__role_adapter__seed42,RATIO,0.6470588235294118,0.5968992248062015,0.6209677419354839,129.0
main,inlegalbert,8,16,legaleval,role_adapter,42,main__inlegalbert__r8a16__legaleval__role_adapter__seed42,RLC,0.7323943661971831,0.5977011494252874,0.6582278481012658,87.0
main,inlegalbert,8,16,legaleval,role_adapter,42,main__inlegalbert__r8a16__legaleval__role_adapter__seed42,RPC,0.8648648648648649,0.8290155440414507,0.8465608465608465,193.0
main,inlegalbert,8,16,legaleval,role_adapter,42,main__inlegalbert__r8a16__legaleval__role_adapter__seed42,STA,0.9019607843137255,0.7796610169491526,0.8363636363636363,59.0
main,inlegalbert,8,16,legaleval,role_adapter,43,main__inlegalbert__r8a16__legaleval__role_adapter__seed43,ARG,0.7638036809815951,0.7432835820895523,0.7534039334341907,335.0
main,inlegalbert,8,16,legaleval,role_adapter,43,main__inlegalbert__r8a16__legaleval__role_adapter__seed43,FAC,0.8698412698412699,0.899343544857768,0.8843464228079613,914.0
main,inlegalbert,8,16,legaleval,role_adapter,43,main__inlegalbert__r8a16__legaleval__role_adapter__seed43,PRE,0.7239263803680982,0.8309859154929577,0.7737704918032787,142.0
main,inlegalbert,8,16,legaleval,role_adapter,43,main__inlegalbert__r8a16__legaleval__role_adapter__seed43,RATIO,0.67,0.5193798449612403,0.5851528384279476,129.0
main,inlegalbert,8,16,legaleval,role_adapter,43,main__inlegalbert__r8a16__legaleval__role_adapter__seed43,RLC,0.6395348837209303,0.632183908045977,0.6358381502890174,87.0
main,inlegalbert,8,16,legaleval,role_adapter,43,main__inlegalbert__r8a16__legaleval__role_adapter__seed43,RPC,0.8440860215053764,0.8134715025906736,0.8284960422163589,193.0
main,inlegalbert,8,16,legaleval,role_adapter,43,main__inlegalbert__r8a16__legaleval__role_adapter__seed43,STA,0.8867924528301887,0.7966101694915254,0.8392857142857143,59.0
main,inlegalbert,8,16,legaleval,role_adapter,44,main__inlegalbert__r8a16__legaleval__role_adapter__seed44,ARG,0.7565982404692082,0.7701492537313432,0.7633136094674556,335.0
main,inlegalbert,8,16,legaleval,role_adapter,44,main__inlegalbert__r8a16__legaleval__role_adapter__seed44,FAC,0.8844919786096257,0.9048140043763676,0.8945375878853434,914.0
main,inlegalbert,8,16,legaleval,role_adapter,44,main__inlegalbert__r8a16__legaleval__role_adapter__seed44,PRE,0.7341772151898734,0.8169014084507042,0.7733333333333333,142.0
main,inlegalbert,8,16,legaleval,role_adapter,44,main__inlegalbert__r8a16__legaleval__role_adapter__seed44,RATIO,0.6697247706422018,0.5658914728682171,0.6134453781512605,129.0
main,inlegalbert,8,16,legaleval,role_adapter,44,main__inlegalbert__r8a16__legaleval__role_adapter__seed44,RLC,0.7027027027027027,0.5977011494252874,0.6459627329192547,87.0
main,inlegalbert,8,16,legaleval,role_adapter,44,main__inlegalbert__r8a16__legaleval__role_adapter__seed44,RPC,0.8695652173913043,0.8290155440414507,0.8488063660477454,193.0
main,inlegalbert,8,16,legaleval,role_adapter,44,main__inlegalbert__r8a16__legaleval__role_adapter__seed44,STA,0.8620689655172413,0.847457627118644,0.8547008547008547,59.0
main,inlegalbert,8,16,legaleval,shared_lora,42,main__inlegalbert__r8a16__legaleval__shared_lora__seed42,ARG,0.7418397626112759,0.746268656716418,0.7440476190476191,335.0
main,inlegalbert,8,16,legaleval,shared_lora,42,main__inlegalbert__r8a16__legaleval__shared_lora__seed42,FAC,0.8668763102725366,0.9048140043763676,0.8854389721627409,914.0
main,inlegalbert,8,16,legaleval,shared_lora,42,main__inlegalbert__r8a16__legaleval__shared_lora__seed42,PRE,0.6823529411764706,0.8169014084507042,0.7435897435897436,142.0
main,inlegalbert,8,16,legaleval,shared_lora,42,main__inlegalbert__r8a16__legaleval__shared_lora__seed42,RATIO,0.7093023255813954,0.4728682170542636,0.5674418604651162,129.0
main,inlegalbert,8,16,legaleval,shared_lora,42,main__inlegalbert__r8a16__legaleval__shared_lora__seed42,RLC,0.6578947368421053,0.5747126436781609,0.6134969325153374,87.0
main,inlegalbert,8,16,legaleval,shared_lora,42,main__inlegalbert__r8a16__legaleval__shared_lora__seed42,RPC,0.8465608465608465,0.8290155440414507,0.837696335078534,193.0
main,inlegalbert,8,16,legaleval,shared_lora,42,main__inlegalbert__r8a16__legaleval__shared_lora__seed42,STA,0.9148936170212766,0.7288135593220338,0.8113207547169812,59.0
main,inlegalbert,8,16,legaleval,shared_lora,43,main__inlegalbert__r8a16__legaleval__shared_lora__seed43,ARG,0.7555555555555555,0.7104477611940299,0.7323076923076923,335.0
main,inlegalbert,8,16,legaleval,shared_lora,43,main__inlegalbert__r8a16__legaleval__shared_lora__seed43,FAC,0.8660337552742616,0.8982494529540481,0.8818474758324383,914.0
main,inlegalbert,8,16,legaleval,shared_lora,43,main__inlegalbert__r8a16__legaleval__shared_lora__seed43,PRE,0.7023809523809523,0.8309859154929577,0.7612903225806451,142.0
main,inlegalbert,8,16,legaleval,shared_lora,43,main__inlegalbert__r8a16__legaleval__shared_lora__seed43,RATIO,0.6347826086956522,0.5658914728682171,0.5983606557377049,129.0
main,inlegalbert,8,16,legaleval,shared_lora,43,main__inlegalbert__r8a16__legaleval__shared_lora__seed43,RLC,0.6235294117647059,0.6091954022988506,0.6162790697674418,87.0
main,inlegalbert,8,16,legaleval,shared_lora,43,main__inlegalbert__r8a16__legaleval__shared_lora__seed43,RPC,0.861878453038674,0.8082901554404145,0.8342245989304813,193.0
main,inlegalbert,8,16,legaleval,shared_lora,43,main__inlegalbert__r8a16__legaleval__shared_lora__seed43,STA,0.9148936170212766,0.7288135593220338,0.8113207547169812,59.0
main,inlegalbert,8,16,legaleval,shared_lora,44,main__inlegalbert__r8a16__legaleval__shared_lora__seed44,ARG,0.7315634218289085,0.7402985074626866,0.7359050445103857,335.0
main,inlegalbert,8,16,legaleval,shared_lora,44,main__inlegalbert__r8a16__legaleval__shared_lora__seed44,FAC,0.8732545649838883,0.8894967177242888,0.8813008130081301,914.0
main,inlegalbert,8,16,legaleval,shared_lora,44,main__inlegalbert__r8a16__legaleval__shared_lora__seed44,PRE,0.7018633540372671,0.795774647887324,0.7458745874587459,142.0
main,inlegalbert,8,16,legaleval,shared_lora,44,main__inlegalbert__r8a16__legaleval__shared_lora__seed44,RATIO,0.62,0.4806201550387597,0.5414847161572053,129.0
main,inlegalbert,8,16,legaleval,shared_lora,44,main__inlegalbert__r8a16__legaleval__shared_lora__seed44,RLC,0.5555555555555556,0.5747126436781609,0.5649717514124294,87.0
main,inlegalbert,8,16,legaleval,shared_lora,44,main__inlegalbert__r8a16__legaleval__shared_lora__seed44,RPC,0.8465608465608465,0.8290155440414507,0.837696335078534,193.0
main,inlegalbert,8,16,legaleval,shared_lora,44,main__inlegalbert__r8a16__legaleval__shared_lora__seed44,STA,0.8979591836734694,0.7457627118644068,0.8148148148148148,59.0
main,inlegalbert,8,16,legaleval,shared_lora_widehead,42,main__inlegalbert__r8a16__legaleval__shared_lora_widehead__seed42,ARG,0.7538940809968847,0.7223880597014926,0.7378048780487805,335.0
main,inlegalbert,8,16,legaleval,shared_lora_widehead,42,main__inlegalbert__r8a16__legaleval__shared_lora_widehead__seed42,FAC,0.8835690968443961,0.888402625820569,0.8859792689579924,914.0
main,inlegalbert,8,16,legaleval,shared_lora_widehead,42,main__inlegalbert__r8a16__legaleval__shared_lora_widehead__seed42,PRE,0.6909090909090909,0.8028169014084507,0.742671009771987,142.0
main,inlegalbert,8,16,legaleval,shared_lora_widehead,42,main__inlegalbert__r8a16__legaleval__shared_lora_widehead__seed42,RATIO,0.6186440677966102,0.5658914728682171,0.5910931174089069,129.0
main,inlegalbert,8,16,legaleval,shared_lora_widehead,42,main__inlegalbert__r8a16__legaleval__shared_lora_widehead__seed42,RLC,0.6105263157894737,0.6666666666666666,0.6373626373626373,87.0
main,inlegalbert,8,16,legaleval,shared_lora_widehead,42,main__inlegalbert__r8a16__legaleval__shared_lora_widehead__seed42,RPC,0.8586956521739131,0.8186528497409327,0.8381962864721485,193.0
main,inlegalbert,8,16,legaleval,shared_lora_widehead,42,main__inlegalbert__r8a16__legaleval__shared_lora_widehead__seed42,STA,0.8245614035087719,0.7966101694915254,0.8103448275862069,59.0
main,inlegalbert,8,16,legaleval,shared_lora_widehead,43,main__inlegalbert__r8a16__legaleval__shared_lora_widehead__seed43,ARG,0.7694704049844237,0.7373134328358208,0.7530487804878049,335.0
main,inlegalbert,8,16,legaleval,shared_lora_widehead,43,main__inlegalbert__r8a16__legaleval__shared_lora_widehead__seed43,FAC,0.8735511064278187,0.9070021881838074,0.8899624261943102,914.0
main,inlegalbert,8,16,legaleval,shared_lora_widehead,43,main__inlegalbert__r8a16__legaleval__shared_lora_widehead__seed43,PRE,0.695906432748538,0.8380281690140845,0.7603833865814696,142.0
main,inlegalbert,8,16,legaleval,shared_lora_widehead,43,main__inlegalbert__r8a16__legaleval__shared_lora_widehead__seed43,RATIO,0.6732673267326733,0.5271317829457365,0.591304347826087,129.0
main,inlegalbert,8,16,legaleval,shared_lora_widehead,43,main__inlegalbert__r8a16__legaleval__shared_lora_widehead__seed43,RLC,0.6506024096385542,0.6206896551724138,0.6352941176470588,87.0
main,inlegalbert,8,16,legaleval,shared_lora_widehead,43,main__inlegalbert__r8a16__legaleval__shared_lora_widehead__seed43,RPC,0.8681318681318682,0.8186528497409327,0.8426666666666667,193.0
main,inlegalbert,8,16,legaleval,shared_lora_widehead,43,main__inlegalbert__r8a16__legaleval__shared_lora_widehead__seed43,STA,0.8653846153846154,0.7627118644067796,0.8108108108108109,59.0
main,inlegalbert,8,16,legaleval,shared_lora_widehead,44,main__inlegalbert__r8a16__legaleval__shared_lora_widehead__seed44,ARG,0.7401812688821753,0.7313432835820896,0.7357357357357357,335.0
main,inlegalbert,8,16,legaleval,shared_lora_widehead,44,main__inlegalbert__r8a16__legaleval__shared_lora_widehead__seed44,FAC,0.8747323340471093,0.8938730853391685,0.8841991341991342,914.0
main,inlegalbert,8,16,legaleval,shared_lora_widehead,44,main__inlegalbert__r8a16__legaleval__shared_lora_widehead__seed44,PRE,0.6904761904761905,0.8169014084507042,0.7483870967741936,142.0
main,inlegalbert,8,16,legaleval,shared_lora_widehead,44,main__inlegalbert__r8a16__legaleval__shared_lora_widehead__seed44,RATIO,0.625,0.5426356589147286,0.5809128630705395,129.0
main,inlegalbert,8,16,legaleval,shared_lora_widehead,44,main__inlegalbert__r8a16__legaleval__shared_lora_widehead__seed44,RLC,0.6578947368421053,0.5747126436781609,0.6134969325153374,87.0
main,inlegalbert,8,16,legaleval,shared_lora_widehead,44,main__inlegalbert__r8a16__legaleval__shared_lora_widehead__seed44,RPC,0.8440860215053764,0.8134715025906736,0.8284960422163589,193.0
main,inlegalbert,8,16,legaleval,shared_lora_widehead,44,main__inlegalbert__r8a16__legaleval__shared_lora_widehead__seed44,STA,0.9038461538461539,0.7966101694915254,0.8468468468468469,59.0
main,inlegalbert,8,16,marro_india,category_lora,42,main__inlegalbert__r8a16__marro_india__category_lora__seed42,ARG,0.7956204379562044,0.7266666666666667,0.759581881533101,150.0
main,inlegalbert,8,16,marro_india,category_lora,42,main__inlegalbert__r8a16__marro_india__category_lora__seed42,FAC,0.6692789968652038,0.7693693693693694,0.7158424140821459,555.0
main,inlegalbert,8,16,marro_india,category_lora,42,main__inlegalbert__r8a16__marro_india__category_lora__seed42,PRE,0.7364864864864865,0.2809278350515464,0.40671641791044777,388.0
main,inlegalbert,8,16,marro_india,category_lora,42,main__inlegalbert__r8a16__marro_india__category_lora__seed42,RATIO,0.5700518902891031,0.8553948832035595,0.6841637010676157,899.0
main,inlegalbert,8,16,marro_india,category_lora,42,main__inlegalbert__r8a16__marro_india__category_lora__seed42,RLC,0.8333333333333334,0.07853403141361257,0.14354066985645933,191.0
main,inlegalbert,8,16,marro_india,category_lora,42,main__inlegalbert__r8a16__marro_india__category_lora__seed42,RPC,0.8222222222222222,0.3592233009708738,0.5,103.0
main,inlegalbert,8,16,marro_india,category_lora,42,main__inlegalbert__r8a16__marro_india__category_lora__seed42,STA,0.8441558441558441,0.6964285714285714,0.7632093933463796,280.0
main,inlegalbert,8,16,marro_india,category_lora,43,main__inlegalbert__r8a16__marro_india__category_lora__seed43,ARG,0.7761194029850746,0.6933333333333334,0.7323943661971831,150.0
main,inlegalbert,8,16,marro_india,category_lora,43,main__inlegalbert__r8a16__marro_india__category_lora__seed43,FAC,0.6644628099173554,0.7243243243243244,0.6931034482758621,555.0
main,inlegalbert,8,16,marro_india,category_lora,43,main__inlegalbert__r8a16__marro_india__category_lora__seed43,PRE,0.75,0.23969072164948454,0.36328125,388.0
main,inlegalbert,8,16,marro_india,category_lora,43,main__inlegalbert__r8a16__marro_india__category_lora__seed43,RATIO,0.5540540540540541,0.8665183537263627,0.6759219088937093,899.0
main,inlegalbert,8,16,marro_india,category_lora,43,main__inlegalbert__r8a16__marro_india__category_lora__seed43,RLC,0.8181818181818182,0.04712041884816754,0.0891089108910891,191.0
main,inlegalbert,8,16,marro_india,category_lora,43,main__inlegalbert__r8a16__marro_india__category_lora__seed43,RPC,0.8113207547169812,0.4174757281553398,0.5512820512820513,103.0
main,inlegalbert,8,16,marro_india,category_lora,43,main__inlegalbert__r8a16__marro_india__category_lora__seed43,STA,0.8583690987124464,0.7142857142857143,0.7797270955165692,280.0
main,inlegalbert,8,16,marro_india,category_lora,44,main__inlegalbert__r8a16__marro_india__category_lora__seed44,ARG,0.7954545454545454,0.7,0.7446808510638298,150.0
main,inlegalbert,8,16,marro_india,category_lora,44,main__inlegalbert__r8a16__marro_india__category_lora__seed44,FAC,0.6694630872483222,0.7189189189189189,0.6933101650738488,555.0
main,inlegalbert,8,16,marro_india,category_lora,44,main__inlegalbert__r8a16__marro_india__category_lora__seed44,PRE,0.7651515151515151,0.2603092783505155,0.38846153846153847,388.0
main,inlegalbert,8,16,marro_india,category_lora,44,main__inlegalbert__r8a16__marro_india__category_lora__seed44,RATIO,0.5525210084033614,0.8776418242491657,0.6781263429308122,899.0
main,inlegalbert,8,16,marro_india,category_lora,44,main__inlegalbert__r8a16__marro_india__category_lora__seed44,RLC,0.9230769230769231,0.06282722513089005,0.11764705882352941,191.0
main,inlegalbert,8,16,marro_india,category_lora,44,main__inlegalbert__r8a16__marro_india__category_lora__seed44,RPC,0.8333333333333334,0.3883495145631068,0.5298013245033113,103.0
main,inlegalbert,8,16,marro_india,category_lora,44,main__inlegalbert__r8a16__marro_india__category_lora__seed44,STA,0.8571428571428571,0.6642857142857143,0.7484909456740443,280.0
main,inlegalbert,8,16,marro_india,frozen,42,main__inlegalbert__r8a16__marro_india__frozen__seed42,ARG,1.0,0.006666666666666667,0.013245033112582781,150.0
main,inlegalbert,8,16,marro_india,frozen,42,main__inlegalbert__r8a16__marro_india__frozen__seed42,FAC,0.5871313672922251,0.3945945945945946,0.47198275862068967,555.0
main,inlegalbert,8,16,marro_india,frozen,42,main__inlegalbert__r8a16__marro_india__frozen__seed42,PRE,0.75,0.007731958762886598,0.015306122448979591,388.0
main,inlegalbert,8,16,marro_india,frozen,42,main__inlegalbert__r8a16__marro_india__frozen__seed42,RATIO,0.39971550497866287,0.9377085650723026,0.5605053191489362,899.0
main,inlegalbert,8,16,marro_india,frozen,42,main__inlegalbert__r8a16__marro_india__frozen__seed42,RLC,0.0,0.0,0.0,191.0
main,inlegalbert,8,16,marro_india,frozen,42,main__inlegalbert__r8a16__marro_india__frozen__seed42,RPC,0.0,0.0,0.0,103.0
main,inlegalbert,8,16,marro_india,frozen,42,main__inlegalbert__r8a16__marro_india__frozen__seed42,STA,0.7721518987341772,0.21785714285714286,0.3398328690807799,280.0
main,inlegalbert,8,16,marro_india,frozen,43,main__inlegalbert__r8a16__marro_india__frozen__seed43,ARG,1.0,0.006666666666666667,0.013245033112582781,150.0
main,inlegalbert,8,16,marro_india,frozen,43,main__inlegalbert__r8a16__marro_india__frozen__seed43,FAC,0.6176470588235294,0.41621621621621624,0.49730893433799783,555.0
main,inlegalbert,8,16,marro_india,frozen,43,main__inlegalbert__r8a16__marro_india__frozen__seed43,PRE,0.3333333333333333,0.002577319587628866,0.005115089514066497,388.0
main,inlegalbert,8,16,marro_india,frozen,43,main__inlegalbert__r8a16__marro_india__frozen__seed43,RATIO,0.4065620542082739,0.9510567296996663,0.569620253164557,899.0
main,inlegalbert,8,16,marro_india,frozen,43,main__inlegalbert__r8a16__marro_india__frozen__seed43,RLC,0.0,0.0,0.0,191.0
main,inlegalbert,8,16,marro_india,frozen,43,main__inlegalbert__r8a16__marro_india__frozen__seed43,RPC,0.0,0.0,0.0,103.0
main,inlegalbert,8,16,marro_india,frozen,43,main__inlegalbert__r8a16__marro_india__frozen__seed43,STA,0.8,0.24285714285714285,0.3726027397260274,280.0
main,inlegalbert,8,16,marro_india,frozen,44,main__inlegalbert__r8a16__marro_india__frozen__seed44,ARG,0.0,0.0,0.0,150.0
main,inlegalbert,8,16,marro_india,frozen,44,main__inlegalbert__r8a16__marro_india__frozen__seed44,FAC,0.6097560975609756,0.36036036036036034,0.45300113250283125,555.0
main,inlegalbert,8,16,marro_india,frozen,44,main__inlegalbert__r8a16__marro_india__frozen__seed44,PRE,0.11538461538461539,0.007731958762886598,0.014492753623188406,388.0
main,inlegalbert,8,16,marro_india,frozen,44,main__inlegalbert__r8a16__marro_india__frozen__seed44,RATIO,0.3966866083755177,0.9588431590656284,0.5611979166666666,899.0
main,inlegalbert,8,16,marro_india,frozen,44,main__inlegalbert__r8a16__marro_india__frozen__seed44,RLC,0.0,0.0,0.0,191.0
main,inlegalbert,8,16,marro_india,frozen,44,main__inlegalbert__r8a16__marro_india__frozen__seed44,RPC,0.0,0.0,0.0,103.0
main,inlegalbert,8,16,marro_india,frozen,44,main__inlegalbert__r8a16__marro_india__frozen__seed44,STA,0.8461538461538461,0.11785714285714285,0.20689655172413793,280.0
main,inlegalbert,8,16,marro_india,full_ft,42,main__inlegalbert__r8a16__marro_india__full_ft__seed42,ARG,0.781021897810219,0.7133333333333334,0.7456445993031359,150.0
main,inlegalbert,8,16,marro_india,full_ft,42,main__inlegalbert__r8a16__marro_india__full_ft__seed42,FAC,0.6857142857142857,0.6486486486486487,0.6666666666666666,555.0
main,inlegalbert,8,16,marro_india,full_ft,42,main__inlegalbert__r8a16__marro_india__full_ft__seed42,PRE,0.7551020408163265,0.2860824742268041,0.41495327102803736,388.0
main,inlegalbert,8,16,marro_india,full_ft,42,main__inlegalbert__r8a16__marro_india__full_ft__seed42,RATIO,0.563845050215208,0.8743047830923248,0.6855647623201047,899.0
main,inlegalbert,8,16,marro_india,full_ft,42,main__inlegalbert__r8a16__marro_india__full_ft__seed42,RLC,0.8478260869565217,0.20418848167539266,0.3291139240506329,191.0
main,inlegalbert,8,16,marro_india,full_ft,42,main__inlegalbert__r8a16__marro_india__full_ft__seed42,RPC,0.7352941176470589,0.4854368932038835,0.5847953216374269,103.0
main,inlegalbert,8,16,marro_india,full_ft,42,main__inlegalbert__r8a16__marro_india__full_ft__seed42,STA,0.8192771084337349,0.7285714285714285,0.7712665406427222,280.0
main,inlegalbert,8,16,marro_india,full_ft,43,main__inlegalbert__r8a16__marro_india__full_ft__seed43,ARG,0.7397260273972602,0.72,0.7297297297297297,150.0
main,inlegalbert,8,16,marro_india,full_ft,43,main__inlegalbert__r8a16__marro_india__full_ft__seed43,FAC,0.6492890995260664,0.7405405405405405,0.6919191919191919,555.0
main,inlegalbert,8,16,marro_india,full_ft,43,main__inlegalbert__r8a16__marro_india__full_ft__seed43,PRE,0.7727272727272727,0.30670103092783507,0.43911439114391143,388.0
main,inlegalbert,8,16,marro_india,full_ft,43,main__inlegalbert__r8a16__marro_india__full_ft__seed43,RATIO,0.5834609494640123,0.8476084538375973,0.691156462585034,899.0
main,inlegalbert,8,16,marro_india,full_ft,43,main__inlegalbert__r8a16__marro_india__full_ft__seed43,RLC,0.8571428571428571,0.1256544502617801,0.2191780821917808,191.0
main,inlegalbert,8,16,marro_india,full_ft,43,main__inlegalbert__r8a16__marro_india__full_ft__seed43,RPC,0.8518518518518519,0.44660194174757284,0.5859872611464968,103.0
main,inlegalbert,8,16,marro_india,full_ft,43,main__inlegalbert__r8a16__marro_india__full_ft__seed43,STA,0.8081632653061225,0.7071428571428572,0.7542857142857143,280.0
main,inlegalbert,8,16,marro_india,full_ft,44,main__inlegalbert__r8a16__marro_india__full_ft__seed44,ARG,0.75,0.7,0.7241379310344828,150.0
main,inlegalbert,8,16,marro_india,full_ft,44,main__inlegalbert__r8a16__marro_india__full_ft__seed44,FAC,0.6310679611650486,0.7027027027027027,0.6649616368286445,555.0
main,inlegalbert,8,16,marro_india,full_ft,44,main__inlegalbert__r8a16__marro_india__full_ft__seed44,PRE,0.7733333333333333,0.29896907216494845,0.4312267657992565,388.0
main,inlegalbert,8,16,marro_india,full_ft,44,main__inlegalbert__r8a16__marro_india__full_ft__seed44,RATIO,0.5831435079726651,0.8542825361512792,0.6931407942238267,899.0
main,inlegalbert,8,16,marro_india,full_ft,44,main__inlegalbert__r8a16__marro_india__full_ft__seed44,RLC,0.8333333333333334,0.10471204188481675,0.18604651162790697,191.0
main,inlegalbert,8,16,marro_india,full_ft,44,main__inlegalbert__r8a16__marro_india__full_ft__seed44,RPC,0.8490566037735849,0.4368932038834951,0.5769230769230769,103.0
main,inlegalbert,8,16,marro_india,full_ft,44,main__inlegalbert__r8a16__marro_india__full_ft__seed44,STA,0.8143939393939394,0.7678571428571429,0.7904411764705882,280.0
main,inlegalbert,8,16,marro_india,role_adapter,42,main__inlegalbert__r8a16__marro_india__role_adapter__seed42,ARG,0.8045112781954887,0.7133333333333334,0.7561837455830389,150.0
main,inlegalbert,8,16,marro_india,role_adapter,42,main__inlegalbert__r8a16__marro_india__role_adapter__seed42,FAC,0.6780238500851788,0.7171171171171171,0.6970227670753065,555.0
main,inlegalbert,8,16,marro_india,role_adapter,42,main__inlegalbert__r8a16__marro_india__role_adapter__seed42,PRE,0.7482517482517482,0.2757731958762887,0.4030131826741996,388.0
main,inlegalbert,8,16,marro_india,role_adapter,42,main__inlegalbert__r8a16__marro_india__role_adapter__seed42,RATIO,0.5643421998562186,0.8731924360400445,0.6855895196506551,899.0
main,inlegalbert,8,16,marro_india,role_adapter,42,main__inlegalbert__r8a16__marro_india__role_adapter__seed42,RLC,0.8421052631578947,0.08376963350785341,0.1523809523809524,191.0
main,inlegalbert,8,16,marro_india,role_adapter,42,main__inlegalbert__r8a16__marro_india__role_adapter__seed42,RPC,0.7924528301886793,0.4077669902912621,0.5384615384615384,103.0
main,inlegalbert,8,16,marro_india,role_adapter,42,main__inlegalbert__r8a16__marro_india__role_adapter__seed42,STA,0.8583333333333333,0.7357142857142858,0.7923076923076923,280.0
main,inlegalbert,8,16,marro_india,role_adapter,43,main__inlegalbert__r8a16__marro_india__role_adapter__seed43,ARG,0.7819548872180451,0.6933333333333334,0.734982332155477,150.0
main,inlegalbert,8,16,marro_india,role_adapter,43,main__inlegalbert__r8a16__marro_india__role_adapter__seed43,FAC,0.6564019448946515,0.7297297297297297,0.6911262798634812,555.0
main,inlegalbert,8,16,marro_india,role_adapter,43,main__inlegalbert__r8a16__marro_india__role_adapter__seed43,PRE,0.7479674796747967,0.23711340206185566,0.36007827788649704,388.0
main,inlegalbert,8,16,marro_india,role_adapter,43,main__inlegalbert__r8a16__marro_india__role_adapter__seed43,RATIO,0.560431654676259,0.8665183537263627,0.6806465705548275,899.0
main,inlegalbert,8,16,marro_india,role_adapter,43,main__inlegalbert__r8a16__marro_india__role_adapter__seed43,RLC,0.9285714285714286,0.06806282722513089,0.12682926829268293,191.0
main,inlegalbert,8,16,marro_india,role_adapter,43,main__inlegalbert__r8a16__marro_india__role_adapter__seed43,RPC,0.82,0.39805825242718446,0.5359477124183006,103.0
main,inlegalbert,8,16,marro_india,role_adapter,43,main__inlegalbert__r8a16__marro_india__role_adapter__seed43,STA,0.8619246861924686,0.7357142857142858,0.7938342967244701,280.0
main,inlegalbert,8,16,marro_india,role_adapter,44,main__inlegalbert__r8a16__marro_india__role_adapter__seed44,ARG,0.7681159420289855,0.7066666666666667,0.7361111111111112,150.0
main,inlegalbert,8,16,marro_india,role_adapter,44,main__inlegalbert__r8a16__marro_india__role_adapter__seed44,FAC,0.6878216123499142,0.7225225225225225,0.7047451669595782,555.0
main,inlegalbert,8,16,marro_india,role_adapter,44,main__inlegalbert__r8a16__marro_india__role_adapter__seed44,PRE,0.765625,0.25257731958762886,0.3798449612403101,388.0
main,inlegalbert,8,16,marro_india,role_adapter,44,main__inlegalbert__r8a16__marro_india__role_adapter__seed44,RATIO,0.5535339398180545,0.8798665183537263,0.679553264604811,899.0
main,inlegalbert,8,16,marro_india,role_adapter,44,main__inlegalbert__r8a16__marro_india__role_adapter__seed44,RLC,0.8888888888888888,0.08376963350785341,0.15311004784688995,191.0
main,inlegalbert,8,16,marro_india,role_adapter,44,main__inlegalbert__r8a16__marro_india__role_adapter__seed44,RPC,0.8367346938775511,0.39805825242718446,0.5394736842105263,103.0
main,inlegalbert,8,16,marro_india,role_adapter,44,main__inlegalbert__r8a16__marro_india__role_adapter__seed44,STA,0.8416289592760181,0.6642857142857143,0.7425149700598802,280.0
main,inlegalbert,8,16,marro_india,shared_lora,42,main__inlegalbert__r8a16__marro_india__shared_lora__seed42,ARG,0.7925925925925926,0.7133333333333334,0.7508771929824561,150.0
main,inlegalbert,8,16,marro_india,shared_lora,42,main__inlegalbert__r8a16__marro_india__shared_lora__seed42,FAC,0.6449612403100775,0.7495495495495496,0.6933333333333334,555.0
main,inlegalbert,8,16,marro_india,shared_lora,42,main__inlegalbert__r8a16__marro_india__shared_lora__seed42,PRE,0.7368421052631579,0.25257731958762886,0.3761996161228407,388.0
main,inlegalbert,8,16,marro_india,shared_lora,42,main__inlegalbert__r8a16__marro_india__shared_lora__seed42,RATIO,0.5676470588235294,0.8587319243604005,0.6834882691456396,899.0
main,inlegalbert,8,16,marro_india,shared_lora,42,main__inlegalbert__r8a16__marro_india__shared_lora__seed42,RLC,0.8571428571428571,0.031413612565445025,0.06060606060606061,191.0
main,inlegalbert,8,16,marro_india,shared_lora,42,main__inlegalbert__r8a16__marro_india__shared_lora__seed42,RPC,0.8,0.42718446601941745,0.5569620253164557,103.0
main,inlegalbert,8,16,marro_india,shared_lora,42,main__inlegalbert__r8a16__marro_india__shared_lora__seed42,STA,0.8484848484848485,0.7,0.7671232876712328,280.0
main,inlegalbert,8,16,marro_india,shared_lora,43,main__inlegalbert__r8a16__marro_india__shared_lora__seed43,ARG,0.7608695652173914,0.7,0.7291666666666666,150.0
main,inlegalbert,8,16,marro_india,shared_lora,43,main__inlegalbert__r8a16__marro_india__shared_lora__seed43,FAC,0.6678260869565218,0.6918918918918919,0.679646017699115,555.0
main,inlegalbert,8,16,marro_india,shared_lora,43,main__inlegalbert__r8a16__marro_india__shared_lora__seed43,PRE,0.7758620689655172,0.23195876288659795,0.35714285714285715,388.0
main,inlegalbert,8,16,marro_india,shared_lora,43,main__inlegalbert__r8a16__marro_india__shared_lora__seed43,RATIO,0.551219512195122,0.8798665183537263,0.6778063410454156,899.0
main,inlegalbert,8,16,marro_india,shared_lora,43,main__inlegalbert__r8a16__marro_india__shared_lora__seed43,RLC,0.8333333333333334,0.05235602094240838,0.09852216748768473,191.0
main,inlegalbert,8,16,marro_india,shared_lora,43,main__inlegalbert__r8a16__marro_india__shared_lora__seed43,RPC,0.8214285714285714,0.44660194174757284,0.5786163522012578,103.0
main,inlegalbert,8,16,marro_india,shared_lora,43,main__inlegalbert__r8a16__marro_india__shared_lora__seed43,STA,0.8589743589743589,0.7178571428571429,0.7821011673151751,280.0
main,inlegalbert,8,16,marro_india,shared_lora,44,main__inlegalbert__r8a16__marro_india__shared_lora__seed44,ARG,0.7878787878787878,0.6933333333333334,0.7375886524822695,150.0
main,inlegalbert,8,16,marro_india,shared_lora,44,main__inlegalbert__r8a16__marro_india__shared_lora__seed44,FAC,0.6696428571428571,0.6756756756756757,0.672645739910314,555.0
main,inlegalbert,8,16,marro_india,shared_lora,44,main__inlegalbert__r8a16__marro_india__shared_lora__seed44,PRE,0.7851239669421488,0.24484536082474226,0.37328094302554027,388.0
main,inlegalbert,8,16,marro_india,shared_lora,44,main__inlegalbert__r8a16__marro_india__shared_lora__seed44,RATIO,0.5478980013783598,0.8843159065628476,0.676595744680851,899.0
main,inlegalbert,8,16,marro_india,shared_lora,44,main__inlegalbert__r8a16__marro_india__shared_lora__seed44,RLC,0.8666666666666667,0.06806282722513089,0.1262135922330097,191.0
main,inlegalbert,8,16,marro_india,shared_lora,44,main__inlegalbert__r8a16__marro_india__shared_lora__seed44,RPC,0.8181818181818182,0.4368932038834951,0.569620253164557,103.0
main,inlegalbert,8,16,marro_india,shared_lora,44,main__inlegalbert__r8a16__marro_india__shared_lora__seed44,STA,0.8491379310344828,0.7035714285714286,0.76953125,280.0
main,inlegalbert,8,16,marro_india,shared_lora_widehead,42,main__inlegalbert__r8a16__marro_india__shared_lora_widehead__seed42,ARG,0.7777777777777778,0.7,0.7368421052631579,150.0
main,inlegalbert,8,16,marro_india,shared_lora_widehead,42,main__inlegalbert__r8a16__marro_india__shared_lora_widehead__seed42,FAC,0.65625,0.7567567567567568,0.702928870292887,555.0
main,inlegalbert,8,16,marro_india,shared_lora_widehead,42,main__inlegalbert__r8a16__marro_india__shared_lora_widehead__seed42,PRE,0.8034188034188035,0.2422680412371134,0.3722772277227723,388.0
main,inlegalbert,8,16,marro_india,shared_lora_widehead,42,main__inlegalbert__r8a16__marro_india__shared_lora_widehead__seed42,RATIO,0.5663976522377109,0.8587319243604005,0.6825817860300619,899.0
main,inlegalbert,8,16,marro_india,shared_lora_widehead,42,main__inlegalbert__r8a16__marro_india__shared_lora_widehead__seed42,RLC,0.8947368421052632,0.08900523560209424,0.1619047619047619,191.0
main,inlegalbert,8,16,marro_india,shared_lora_widehead,42,main__inlegalbert__r8a16__marro_india__shared_lora_widehead__seed42,RPC,0.8,0.42718446601941745,0.5569620253164557,103.0
main,inlegalbert,8,16,marro_india,shared_lora_widehead,42,main__inlegalbert__r8a16__marro_india__shared_lora_widehead__seed42,STA,0.8523206751054853,0.7214285714285714,0.781431334622824,280.0
main,inlegalbert,8,16,marro_india,shared_lora_widehead,43,main__inlegalbert__r8a16__marro_india__shared_lora_widehead__seed43,ARG,0.7898550724637681,0.7266666666666667,0.7569444444444444,150.0
main,inlegalbert,8,16,marro_india,shared_lora_widehead,43,main__inlegalbert__r8a16__marro_india__shared_lora_widehead__seed43,FAC,0.6754966887417219,0.7351351351351352,0.7040552200172563,555.0
main,inlegalbert,8,16,marro_india,shared_lora_widehead,43,main__inlegalbert__r8a16__marro_india__shared_lora_widehead__seed43,PRE,0.7622377622377622,0.2809278350515464,0.4105461393596987,388.0
main,inlegalbert,8,16,marro_india,shared_lora_widehead,43,main__inlegalbert__r8a16__marro_india__shared_lora_widehead__seed43,RATIO,0.5738427626745041,0.8687430478309233,0.6911504424778762,899.0
main,inlegalbert,8,16,marro_india,shared_lora_widehead,43,main__inlegalbert__r8a16__marro_india__shared_lora_widehead__seed43,RLC,0.8,0.06282722513089005,0.11650485436893204,191.0
main,inlegalbert,8,16,marro_india,shared_lora_widehead,43,main__inlegalbert__r8a16__marro_india__shared_lora_widehead__seed43,RPC,0.8301886792452831,0.42718446601941745,0.5641025641025641,103.0
main,inlegalbert,8,16,marro_india,shared_lora_widehead,43,main__inlegalbert__r8a16__marro_india__shared_lora_widehead__seed43,STA,0.8452380952380952,0.7607142857142857,0.8007518796992481,280.0
main,inlegalbert,8,16,marro_india,shared_lora_widehead,44,main__inlegalbert__r8a16__marro_india__shared_lora_widehead__seed44,ARG,0.7651515151515151,0.6733333333333333,0.7163120567375887,150.0
main,inlegalbert,8,16,marro_india,shared_lora_widehead,44,main__inlegalbert__r8a16__marro_india__shared_lora_widehead__seed44,FAC,0.664983164983165,0.7117117117117117,0.6875543951261966,555.0
main,inlegalbert,8,16,marro_india,shared_lora_widehead,44,main__inlegalbert__r8a16__marro_india__shared_lora_widehead__seed44,PRE,0.7704918032786885,0.2422680412371134,0.3686274509803922,388.0
main,inlegalbert,8,16,marro_india,shared_lora_widehead,44,main__inlegalbert__r8a16__marro_india__shared_lora_widehead__seed44,RATIO,0.5529986052998606,0.882091212458287,0.6798114016288042,899.0
main,inlegalbert,8,16,marro_india,shared_lora_widehead,44,main__inlegalbert__r8a16__marro_india__shared_lora_widehead__seed44,RLC,0.9166666666666666,0.05759162303664921,0.10837438423645321,191.0
main,inlegalbert,8,16,marro_india,shared_lora_widehead,44,main__inlegalbert__r8a16__marro_india__shared_lora_widehead__seed44,RPC,0.8,0.3883495145631068,0.5228758169934641,103.0
main,inlegalbert,8,16,marro_india,shared_lora_widehead,44,main__inlegalbert__r8a16__marro_india__shared_lora_widehead__seed44,STA,0.8603603603603603,0.6821428571428572,0.7609561752988048,280.0
main,inlegalbert,8,16,marro_uk,category_lora,42,main__inlegalbert__r8a16__marro_uk__category_lora__seed42,ARG,0.4827586206896552,0.35,0.4057971014492754,40.0
main,inlegalbert,8,16,marro_uk,category_lora,42,main__inlegalbert__r8a16__marro_uk__category_lora__seed42,FAC,0.49065420560747663,0.693069306930693,0.5745554035567716,303.0
main,inlegalbert,8,16,marro_uk,category_lora,42,main__inlegalbert__r8a16__marro_uk__category_lora__seed42,PRE,0.3805309734513274,0.25443786982248523,0.3049645390070922,169.0
main,inlegalbert,8,16,marro_uk,category_lora,42,main__inlegalbert__r8a16__marro_uk__category_lora__seed42,RATIO,0.8431511710432931,0.7734375,0.8067911714770798,1536.0
main,inlegalbert,8,16,marro_uk,category_lora,42,main__inlegalbert__r8a16__marro_uk__category_lora__seed42,RLC,0.2631578947368421,0.25,0.2564102564102564,40.0
main,inlegalbert,8,16,marro_uk,category_lora,42,main__inlegalbert__r8a16__marro_uk__category_lora__seed42,RPC,0.5454545454545454,0.5454545454545454,0.5454545454545454,11.0
main,inlegalbert,8,16,marro_uk,category_lora,42,main__inlegalbert__r8a16__marro_uk__category_lora__seed42,STA,0.36486486486486486,0.7012987012987013,0.48,77.0
main,inlegalbert,8,16,marro_uk,category_lora,43,main__inlegalbert__r8a16__marro_uk__category_lora__seed43,ARG,0.5333333333333333,0.4,0.45714285714285713,40.0
main,inlegalbert,8,16,marro_uk,category_lora,43,main__inlegalbert__r8a16__marro_uk__category_lora__seed43,FAC,0.49391727493917276,0.66996699669967,0.5686274509803921,303.0
main,inlegalbert,8,16,marro_uk,category_lora,43,main__inlegalbert__r8a16__marro_uk__category_lora__seed43,PRE,0.42424242424242425,0.2485207100591716,0.31343283582089554,169.0
main,inlegalbert,8,16,marro_uk,category_lora,43,main__inlegalbert__r8a16__marro_uk__category_lora__seed43,RATIO,0.8386206896551724,0.7916666666666666,0.8144675150703282,1536.0
main,inlegalbert,8,16,marro_uk,category_lora,43,main__inlegalbert__r8a16__marro_uk__category_lora__seed43,RLC,0.2,0.175,0.18666666666666668,40.0
main,inlegalbert,8,16,marro_uk,category_lora,43,main__inlegalbert__r8a16__marro_uk__category_lora__seed43,RPC,0.5555555555555556,0.45454545454545453,0.5,11.0
main,inlegalbert,8,16,marro_uk,category_lora,43,main__inlegalbert__r8a16__marro_uk__category_lora__seed43,STA,0.3873239436619718,0.7142857142857143,0.502283105022831,77.0
main,inlegalbert,8,16,marro_uk,category_lora,44,main__inlegalbert__r8a16__marro_uk__category_lora__seed44,ARG,0.4444444444444444,0.4,0.42105263157894735,40.0
main,inlegalbert,8,16,marro_uk,category_lora,44,main__inlegalbert__r8a16__marro_uk__category_lora__seed44,FAC,0.48226950354609927,0.6732673267326733,0.5619834710743802,303.0
main,inlegalbert,8,16,marro_uk,category_lora,44,main__inlegalbert__r8a16__marro_uk__category_lora__seed44,PRE,0.42592592592592593,0.27218934911242604,0.33212996389891697,169.0
main,inlegalbert,8,16,marro_uk,category_lora,44,main__inlegalbert__r8a16__marro_uk__category_lora__seed44,RATIO,0.8458781362007168,0.7682291666666666,0.8051859433640396,1536.0
main,inlegalbert,8,16,marro_uk,category_lora,44,main__inlegalbert__r8a16__marro_uk__category_lora__seed44,RLC,0.2571428571428571,0.225,0.24,40.0
main,inlegalbert,8,16,marro_uk,category_lora,44,main__inlegalbert__r8a16__marro_uk__category_lora__seed44,RPC,0.6,0.5454545454545454,0.5714285714285714,11.0
main,inlegalbert,8,16,marro_uk,category_lora,44,main__inlegalbert__r8a16__marro_uk__category_lora__seed44,STA,0.3609467455621302,0.7922077922077922,0.4959349593495935,77.0
main,inlegalbert,8,16,marro_uk,frozen,42,main__inlegalbert__r8a16__marro_uk__frozen__seed42,ARG,0.0,0.0,0.0,40.0
main,inlegalbert,8,16,marro_uk,frozen,42,main__inlegalbert__r8a16__marro_uk__frozen__seed42,FAC,0.4791666666666667,0.07590759075907591,0.13105413105413105,303.0
main,inlegalbert,8,16,marro_uk,frozen,42,main__inlegalbert__r8a16__marro_uk__frozen__seed42,PRE,0.0,0.0,0.0,169.0
main,inlegalbert,8,16,marro_uk,frozen,42,main__inlegalbert__r8a16__marro_uk__frozen__seed42,RATIO,0.7130023640661939,0.9817708333333334,0.8260750479320734,1536.0
main,inlegalbert,8,16,marro_uk,frozen,42,main__inlegalbert__r8a16__marro_uk__frozen__seed42,RLC,0.0,0.0,0.0,40.0
main,inlegalbert,8,16,marro_uk,frozen,42,main__inlegalbert__r8a16__marro_uk__frozen__seed42,RPC,0.0,0.0,0.0,11.0
main,inlegalbert,8,16,marro_uk,frozen,42,main__inlegalbert__r8a16__marro_uk__frozen__seed42,STA,0.5384615384615384,0.09090909090909091,0.15555555555555556,77.0
main,inlegalbert,8,16,marro_uk,frozen,43,main__inlegalbert__r8a16__marro_uk__frozen__seed43,ARG,0.0,0.0,0.0,40.0
main,inlegalbert,8,16,marro_uk,frozen,43,main__inlegalbert__r8a16__marro_uk__frozen__seed43,FAC,0.5263157894736842,0.066006600660066,0.11730205278592376,303.0
main,inlegalbert,8,16,marro_uk,frozen,43,main__inlegalbert__r8a16__marro_uk__frozen__seed43,PRE,0.0,0.0,0.0,169.0
main,inlegalbert,8,16,marro_uk,frozen,43,main__inlegalbert__r8a16__marro_uk__frozen__seed43,RATIO,0.712206572769953,0.9876302083333334,0.8276050190943808,1536.0
main,inlegalbert,8,16,marro_uk,frozen,43,main__inlegalbert__r8a16__marro_uk__frozen__seed43,RLC,0.0,0.0,0.0,40.0
main,inlegalbert,8,16,marro_uk,frozen,43,main__inlegalbert__r8a16__marro_uk__frozen__seed43,RPC,0.0,0.0,0.0,11.0
main,inlegalbert,8,16,marro_uk,frozen,43,main__inlegalbert__r8a16__marro_uk__frozen__seed43,STA,0.625,0.06493506493506493,0.11764705882352941,77.0
main,inlegalbert,8,16,marro_uk,frozen,44,main__inlegalbert__r8a16__marro_uk__frozen__seed44,ARG,0.0,0.0,0.0,40.0
main,inlegalbert,8,16,marro_uk,frozen,44,main__inlegalbert__r8a16__marro_uk__frozen__seed44,FAC,0.40425531914893614,0.1254125412541254,0.19143576826196473,303.0
main,inlegalbert,8,16,marro_uk,frozen,44,main__inlegalbert__r8a16__marro_uk__frozen__seed44,PRE,0.0,0.0,0.0,169.0
main,inlegalbert,8,16,marro_uk,frozen,44,main__inlegalbert__r8a16__marro_uk__frozen__seed44,RATIO,0.7185221195916383,0.9622395833333334,0.822710826607292,1536.0
main,inlegalbert,8,16,marro_uk,frozen,44,main__inlegalbert__r8a16__marro_uk__frozen__seed44,RLC,0.0,0.0,0.0,40.0
main,inlegalbert,8,16,marro_uk,frozen,44,main__inlegalbert__r8a16__marro_uk__frozen__seed44,RPC,0.0,0.0,0.0,11.0
main,inlegalbert,8,16,marro_uk,frozen,44,main__inlegalbert__r8a16__marro_uk__frozen__seed44,STA,0.56,0.18181818181818182,0.27450980392156865,77.0
main,inlegalbert,8,16,marro_uk,full_ft,42,main__inlegalbert__r8a16__marro_uk__full_ft__seed42,ARG,0.41025641025641024,0.4,0.4050632911392405,40.0
main,inlegalbert,8,16,marro_uk,full_ft,42,main__inlegalbert__r8a16__marro_uk__full_ft__seed42,FAC,0.4646924829157175,0.6732673267326733,0.5498652291105122,303.0
main,inlegalbert,8,16,marro_uk,full_ft,42,main__inlegalbert__r8a16__marro_uk__full_ft__seed42,PRE,0.3023255813953488,0.38461538461538464,0.3385416666666667,169.0
main,inlegalbert,8,16,marro_uk,full_ft,42,main__inlegalbert__r8a16__marro_uk__full_ft__seed42,RATIO,0.8589641434262948,0.7018229166666666,0.7724829810103906,1536.0
main,inlegalbert,8,16,marro_uk,full_ft,42,main__inlegalbert__r8a16__marro_uk__full_ft__seed42,RLC,0.25396825396825395,0.4,0.3106796116504854,40.0
main,inlegalbert,8,16,marro_uk,full_ft,42,main__inlegalbert__r8a16__marro_uk__full_ft__seed42,RPC,0.375,0.5454545454545454,0.4444444444444444,11.0
main,inlegalbert,8,16,marro_uk,full_ft,42,main__inlegalbert__r8a16__marro_uk__full_ft__seed42,STA,0.3624161073825503,0.7012987012987013,0.4778761061946903,77.0
main,inlegalbert,8,16,marro_uk,full_ft,43,main__inlegalbert__r8a16__marro_uk__full_ft__seed43,ARG,0.46875,0.375,0.4166666666666667,40.0
main,inlegalbert,8,16,marro_uk,full_ft,43,main__inlegalbert__r8a16__marro_uk__full_ft__seed43,FAC,0.47533632286995514,0.6996699669966997,0.5660881174899867,303.0
main,inlegalbert,8,16,marro_uk,full_ft,43,main__inlegalbert__r8a16__marro_uk__full_ft__seed43,PRE,0.3619631901840491,0.34911242603550297,0.35542168674698793,169.0
main,inlegalbert,8,16,marro_uk,full_ft,43,main__inlegalbert__r8a16__marro_uk__full_ft__seed43,RATIO,0.8580246913580247,0.7239583333333334,0.7853107344632768,1536.0
main,inlegalbert,8,16,marro_uk,full_ft,43,main__inlegalbert__r8a16__marro_uk__full_ft__seed43,RLC,0.2727272727272727,0.3,0.2857142857142857,40.0
main,inlegalbert,8,16,marro_uk,full_ft,43,main__inlegalbert__r8a16__marro_uk__full_ft__seed43,RPC,0.42857142857142855,0.5454545454545454,0.48,11.0
main,inlegalbert,8,16,marro_uk,full_ft,43,main__inlegalbert__r8a16__marro_uk__full_ft__seed43,STA,0.30939226519337015,0.7272727272727273,0.43410852713178294,77.0
main,inlegalbert,8,16,marro_uk,full_ft,44,main__inlegalbert__r8a16__marro_uk__full_ft__seed44,ARG,0.45161290322580644,0.35,0.39436619718309857,40.0
main,inlegalbert,8,16,marro_uk,full_ft,44,main__inlegalbert__r8a16__marro_uk__full_ft__seed44,FAC,0.4604651162790698,0.6534653465346535,0.5402455661664393,303.0
main,inlegalbert,8,16,marro_uk,full_ft,44,main__inlegalbert__r8a16__marro_uk__full_ft__seed44,PRE,0.30578512396694213,0.4378698224852071,0.36009732360097324,169.0
main,inlegalbert,8,16,marro_uk,full_ft,44,main__inlegalbert__r8a16__marro_uk__full_ft__seed44,RATIO,0.855072463768116,0.69140625,0.7645788336933045,1536.0
main,inlegalbert,8,16,marro_uk,full_ft,44,main__inlegalbert__r8a16__marro_uk__full_ft__seed44,RLC,0.16666666666666666,0.25,0.2,40.0
main,inlegalbert,8,16,marro_uk,full_ft,44,main__inlegalbert__r8a16__marro_uk__full_ft__seed44,RPC,0.42857142857142855,0.5454545454545454,0.48,11.0
main,inlegalbert,8,16,marro_uk,full_ft,44,main__inlegalbert__r8a16__marro_uk__full_ft__seed44,STA,0.3375796178343949,0.6883116883116883,0.452991452991453,77.0
main,inlegalbert,8,16,marro_uk,role_adapter,42,main__inlegalbert__r8a16__marro_uk__role_adapter__seed42,ARG,0.47058823529411764,0.4,0.43243243243243246,40.0
main,inlegalbert,8,16,marro_uk,role_adapter,42,main__inlegalbert__r8a16__marro_uk__role_adapter__seed42,FAC,0.47560975609756095,0.6435643564356436,0.5469845722300141,303.0
main,inlegalbert,8,16,marro_uk,role_adapter,42,main__inlegalbert__r8a16__marro_uk__role_adapter__seed42,PRE,0.4166666666666667,0.2958579881656805,0.3460207612456747,169.0
main,inlegalbert,8,16,marro_uk,role_adapter,42,main__inlegalbert__r8a16__marro_uk__role_adapter__seed42,RATIO,0.8422555317630264,0.7682291666666666,0.8035410282601294,1536.0
main,inlegalbert,8,16,marro_uk,role_adapter,42,main__inlegalbert__r8a16__marro_uk__role_adapter__seed42,RLC,0.23404255319148937,0.275,0.25287356321839083,40.0
main,inlegalbert,8,16,marro_uk,role_adapter,42,main__inlegalbert__r8a16__marro_uk__role_adapter__seed42,RPC,0.5384615384615384,0.6363636363636364,0.5833333333333334,11.0
main,inlegalbert,8,16,marro_uk,role_adapter,42,main__inlegalbert__r8a16__marro_uk__role_adapter__seed42,STA,0.3576158940397351,0.7012987012987013,0.47368421052631576,77.0
main,inlegalbert,8,16,marro_uk,role_adapter,43,main__inlegalbert__r8a16__marro_uk__role_adapter__seed43,ARG,0.43243243243243246,0.4,0.4155844155844156,40.0
main,inlegalbert,8,16,marro_uk,role_adapter,43,main__inlegalbert__r8a16__marro_uk__role_adapter__seed43,FAC,0.4781609195402299,0.6864686468646864,0.5636856368563685,303.0
main,inlegalbert,8,16,marro_uk,role_adapter,43,main__inlegalbert__r8a16__marro_uk__role_adapter__seed43,PRE,0.44642857142857145,0.2958579881656805,0.35587188612099646,169.0
main,inlegalbert,8,16,marro_uk,role_adapter,43,main__inlegalbert__r8a16__marro_uk__role_adapter__seed43,RATIO,0.8465417867435159,0.7649739583333334,0.8036935704514364,1536.0
main,inlegalbert,8,16,marro_uk,role_adapter,43,main__inlegalbert__r8a16__marro_uk__role_adapter__seed43,RLC,0.1935483870967742,0.15,0.16901408450704225,40.0
main,inlegalbert,8,16,marro_uk,role_adapter,43,main__inlegalbert__r8a16__marro_uk__role_adapter__seed43,RPC,0.6,0.5454545454545454,0.5714285714285714,11.0
main,inlegalbert,8,16,marro_uk,role_adapter,43,main__inlegalbert__r8a16__marro_uk__role_adapter__seed43,STA,0.3558282208588957,0.7532467532467533,0.48333333333333334,77.0
main,inlegalbert,8,16,marro_uk,role_adapter,44,main__inlegalbert__r8a16__marro_uk__role_adapter__seed44,ARG,0.4375,0.35,0.3888888888888889,40.0
main,inlegalbert,8,16,marro_uk,role_adapter,44,main__inlegalbert__r8a16__marro_uk__role_adapter__seed44,FAC,0.4724770642201835,0.6798679867986799,0.557510148849797,303.0
main,inlegalbert,8,16,marro_uk,role_adapter,44,main__inlegalbert__r8a16__marro_uk__role_adapter__seed44,PRE,0.39655172413793105,0.27218934911242604,0.32280701754385965,169.0
main,inlegalbert,8,16,marro_uk,role_adapter,44,main__inlegalbert__r8a16__marro_uk__role_adapter__seed44,RATIO,0.846656976744186,0.7584635416666666,0.8001373626373627,1536.0
main,inlegalbert,8,16,marro_uk,role_adapter,44,main__inlegalbert__r8a16__marro_uk__role_adapter__seed44,RLC,0.2777777777777778,0.25,0.2631578947368421,40.0
main,inlegalbert,8,16,marro_uk,role_adapter,44,main__inlegalbert__r8a16__marro_uk__role_adapter__seed44,RPC,0.7,0.6363636363636364,0.6666666666666666,11.0
main,inlegalbert,8,16,marro_uk,role_adapter,44,main__inlegalbert__r8a16__marro_uk__role_adapter__seed44,STA,0.34705882352941175,0.7662337662337663,0.4777327935222672,77.0
main,inlegalbert,8,16,marro_uk,shared_lora,42,main__inlegalbert__r8a16__marro_uk__shared_lora__seed42,ARG,0.8,0.2,0.32,40.0
main,inlegalbert,8,16,marro_uk,shared_lora,42,main__inlegalbert__r8a16__marro_uk__shared_lora__seed42,FAC,0.4811529933481153,0.7161716171617162,0.5755968169761273,303.0
main,inlegalbert,8,16,marro_uk,shared_lora,42,main__inlegalbert__r8a16__marro_uk__shared_lora__seed42,PRE,0.4222222222222222,0.22485207100591717,0.29343629343629346,169.0
main,inlegalbert,8,16,marro_uk,shared_lora,42,main__inlegalbert__r8a16__marro_uk__shared_lora__seed42,RATIO,0.8323066392881588,0.7916666666666666,0.8114781448114782,1536.0
main,inlegalbert,8,16,marro_uk,shared_lora,42,main__inlegalbert__r8a16__marro_uk__shared_lora__seed42,RLC,0.3333333333333333,0.125,0.18181818181818182,40.0
main,inlegalbert,8,16,marro_uk,shared_lora,42,main__inlegalbert__r8a16__marro_uk__shared_lora__seed42,RPC,0.625,0.45454545454545453,0.5263157894736842,11.0
main,inlegalbert,8,16,marro_uk,shared_lora,42,main__inlegalbert__r8a16__marro_uk__shared_lora__seed42,STA,0.3546099290780142,0.6493506493506493,0.45871559633027525,77.0
main,inlegalbert,8,16,marro_uk,shared_lora,43,main__inlegalbert__r8a16__marro_uk__shared_lora__seed43,ARG,0.7272727272727273,0.2,0.3137254901960784,40.0
main,inlegalbert,8,16,marro_uk,shared_lora,43,main__inlegalbert__r8a16__marro_uk__shared_lora__seed43,FAC,0.4885844748858447,0.7062706270627063,0.5775978407557355,303.0
main,inlegalbert,8,16,marro_uk,shared_lora,43,main__inlegalbert__r8a16__marro_uk__shared_lora__seed43,PRE,0.4153846153846154,0.15976331360946747,0.23076923076923078,169.0
main,inlegalbert,8,16,marro_uk,shared_lora,43,main__inlegalbert__r8a16__marro_uk__shared_lora__seed43,RATIO,0.8308525033829499,0.7994791666666666,0.8148639681486397,1536.0
main,inlegalbert,8,16,marro_uk,shared_lora,43,main__inlegalbert__r8a16__marro_uk__shared_lora__seed43,RLC,0.21739130434782608,0.125,0.15873015873015872,40.0
main,inlegalbert,8,16,marro_uk,shared_lora,43,main__inlegalbert__r8a16__marro_uk__shared_lora__seed43,RPC,0.5384615384615384,0.6363636363636364,0.5833333333333334,11.0
main,inlegalbert,8,16,marro_uk,shared_lora,43,main__inlegalbert__r8a16__marro_uk__shared_lora__seed43,STA,0.35135135135135137,0.6753246753246753,0.4622222222222222,77.0
main,inlegalbert,8,16,marro_uk,shared_lora,44,main__inlegalbert__r8a16__marro_uk__shared_lora__seed44,ARG,0.5555555555555556,0.25,0.3448275862068966,40.0
main,inlegalbert,8,16,marro_uk,shared_lora,44,main__inlegalbert__r8a16__marro_uk__shared_lora__seed44,FAC,0.48148148148148145,0.7293729372937293,0.5800524934383202,303.0
main,inlegalbert,8,16,marro_uk,shared_lora,44,main__inlegalbert__r8a16__marro_uk__shared_lora__seed44,PRE,0.4065934065934066,0.21893491124260356,0.2846153846153846,169.0
main,inlegalbert,8,16,marro_uk,shared_lora,44,main__inlegalbert__r8a16__marro_uk__shared_lora__seed44,RATIO,0.8389121338912134,0.783203125,0.8101010101010101,1536.0
main,inlegalbert,8,16,marro_uk,shared_lora,44,main__inlegalbert__r8a16__marro_uk__shared_lora__seed44,RLC,0.23809523809523808,0.125,0.16393442622950818,40.0
main,inlegalbert,8,16,marro_uk,shared_lora,44,main__inlegalbert__r8a16__marro_uk__shared_lora__seed44,RPC,0.5555555555555556,0.45454545454545453,0.5,11.0
main,inlegalbert,8,16,marro_uk,shared_lora,44,main__inlegalbert__r8a16__marro_uk__shared_lora__seed44,STA,0.3819444444444444,0.7142857142857143,0.497737556561086,77.0
main,inlegalbert,8,16,marro_uk,shared_lora_widehead,42,main__inlegalbert__r8a16__marro_uk__shared_lora_widehead__seed42,ARG,0.43333333333333335,0.325,0.37142857142857144,40.0
main,inlegalbert,8,16,marro_uk,shared_lora_widehead,42,main__inlegalbert__r8a16__marro_uk__shared_lora_widehead__seed42,FAC,0.51338199513382,0.6963696369636964,0.5910364145658263,303.0
main,inlegalbert,8,16,marro_uk,shared_lora_widehead,42,main__inlegalbert__r8a16__marro_uk__shared_lora_widehead__seed42,PRE,0.43103448275862066,0.2958579881656805,0.3508771929824561,169.0
main,inlegalbert,8,16,marro_uk,shared_lora_widehead,42,main__inlegalbert__r8a16__marro_uk__shared_lora_widehead__seed42,RATIO,0.8438375350140056,0.7845052083333334,0.8130904183535762,1536.0
main,inlegalbert,8,16,marro_uk,shared_lora_widehead,42,main__inlegalbert__r8a16__marro_uk__shared_lora_widehead__seed42,RLC,0.25,0.225,0.23684210526315788,40.0
main,inlegalbert,8,16,marro_uk,shared_lora_widehead,42,main__inlegalbert__r8a16__marro_uk__shared_lora_widehead__seed42,RPC,0.5454545454545454,0.5454545454545454,0.5454545454545454,11.0
main,inlegalbert,8,16,marro_uk,shared_lora_widehead,42,main__inlegalbert__r8a16__marro_uk__shared_lora_widehead__seed42,STA,0.3611111111111111,0.6753246753246753,0.47058823529411764,77.0
main,inlegalbert,8,16,marro_uk,shared_lora_widehead,43,main__inlegalbert__r8a16__marro_uk__shared_lora_widehead__seed43,ARG,0.4666666666666667,0.35,0.4,40.0
main,inlegalbert,8,16,marro_uk,shared_lora_widehead,43,main__inlegalbert__r8a16__marro_uk__shared_lora_widehead__seed43,FAC,0.477124183006536,0.7227722772277227,0.5748031496062992,303.0
main,inlegalbert,8,16,marro_uk,shared_lora_widehead,43,main__inlegalbert__r8a16__marro_uk__shared_lora_widehead__seed43,PRE,0.42592592592592593,0.27218934911242604,0.33212996389891697,169.0
main,inlegalbert,8,16,marro_uk,shared_lora_widehead,43,main__inlegalbert__r8a16__marro_uk__shared_lora_widehead__seed43,RATIO,0.8507246376811595,0.7643229166666666,0.8052126200274349,1536.0
main,inlegalbert,8,16,marro_uk,shared_lora_widehead,43,main__inlegalbert__r8a16__marro_uk__shared_lora_widehead__seed43,RLC,0.25,0.175,0.20588235294117646,40.0
main,inlegalbert,8,16,marro_uk,shared_lora_widehead,43,main__inlegalbert__r8a16__marro_uk__shared_lora_widehead__seed43,RPC,0.6666666666666666,0.5454545454545454,0.6,11.0
main,inlegalbert,8,16,marro_uk,shared_lora_widehead,43,main__inlegalbert__r8a16__marro_uk__shared_lora_widehead__seed43,STA,0.35185185185185186,0.7402597402597403,0.4769874476987448,77.0
main,inlegalbert,8,16,marro_uk,shared_lora_widehead,44,main__inlegalbert__r8a16__marro_uk__shared_lora_widehead__seed44,ARG,0.41935483870967744,0.325,0.36619718309859156,40.0
main,inlegalbert,8,16,marro_uk,shared_lora_widehead,44,main__inlegalbert__r8a16__marro_uk__shared_lora_widehead__seed44,FAC,0.5035294117647059,0.7062706270627063,0.5879120879120879,303.0
main,inlegalbert,8,16,marro_uk,shared_lora_widehead,44,main__inlegalbert__r8a16__marro_uk__shared_lora_widehead__seed44,PRE,0.3983050847457627,0.2781065088757396,0.32752613240418116,169.0
main,inlegalbert,8,16,marro_uk,shared_lora_widehead,44,main__inlegalbert__r8a16__marro_uk__shared_lora_widehead__seed44,RATIO,0.848074179743224,0.7740885416666666,0.8093941456773315,1536.0
main,inlegalbert,8,16,marro_uk,shared_lora_widehead,44,main__inlegalbert__r8a16__marro_uk__shared_lora_widehead__seed44,RLC,0.2926829268292683,0.3,0.2962962962962963,40.0
main,inlegalbert,8,16,marro_uk,shared_lora_widehead,44,main__inlegalbert__r8a16__marro_uk__shared_lora_widehead__seed44,RPC,0.5,0.6363636363636364,0.56,11.0
main,inlegalbert,8,16,marro_uk,shared_lora_widehead,44,main__inlegalbert__r8a16__marro_uk__shared_lora_widehead__seed44,STA,0.36551724137931035,0.6883116883116883,0.4774774774774775,77.0
main,legalbert,8,16,iltur_cl,category_lora,42,main__legalbert__r8a16__iltur_cl__category_lora__seed42,ARG,0.6224489795918368,0.6161616161616161,0.6192893401015228,198.0
main,legalbert,8,16,iltur_cl,category_lora,42,main__legalbert__r8a16__iltur_cl__category_lora__seed42,FAC,0.5036144578313253,0.8530612244897959,0.6333333333333333,245.0
main,legalbert,8,16,iltur_cl,category_lora,42,main__legalbert__r8a16__iltur_cl__category_lora__seed42,PRE,0.5705882352941176,0.3895582329317269,0.4630071599045346,249.0
main,legalbert,8,16,iltur_cl,category_lora,42,main__legalbert__r8a16__iltur_cl__category_lora__seed42,RATIO,0.5989159891598916,0.5103926096997691,0.5511221945137157,433.0
main,legalbert,8,16,iltur_cl,category_lora,42,main__legalbert__r8a16__iltur_cl__category_lora__seed42,RLC,0.125,0.043478260869565216,0.06451612903225806,23.0
main,legalbert,8,16,iltur_cl,category_lora,42,main__legalbert__r8a16__iltur_cl__category_lora__seed42,RPC,0.3333333333333333,0.5833333333333334,0.42424242424242425,12.0
main,legalbert,8,16,iltur_cl,category_lora,42,main__legalbert__r8a16__iltur_cl__category_lora__seed42,STA,0.803030303030303,0.6235294117647059,0.7019867549668874,85.0
main,legalbert,8,16,iltur_cl,category_lora,43,main__legalbert__r8a16__iltur_cl__category_lora__seed43,ARG,0.6666666666666666,0.6161616161616161,0.6404199475065617,198.0
main,legalbert,8,16,iltur_cl,category_lora,43,main__legalbert__r8a16__iltur_cl__category_lora__seed43,FAC,0.5084745762711864,0.8571428571428571,0.6382978723404256,245.0
main,legalbert,8,16,iltur_cl,category_lora,43,main__legalbert__r8a16__iltur_cl__category_lora__seed43,PRE,0.5681818181818182,0.40160642570281124,0.47058823529411764,249.0
main,legalbert,8,16,iltur_cl,category_lora,43,main__legalbert__r8a16__iltur_cl__category_lora__seed43,RATIO,0.5922077922077922,0.5265588914549654,0.5574572127139364,433.0
main,legalbert,8,16,iltur_cl,category_lora,43,main__legalbert__r8a16__iltur_cl__category_lora__seed43,RLC,0.125,0.043478260869565216,0.06451612903225806,23.0
main,legalbert,8,16,iltur_cl,category_lora,43,main__legalbert__r8a16__iltur_cl__category_lora__seed43,RPC,0.4,0.6666666666666666,0.5,12.0
main,legalbert,8,16,iltur_cl,category_lora,43,main__legalbert__r8a16__iltur_cl__category_lora__seed43,STA,0.8166666666666667,0.5764705882352941,0.6758620689655173,85.0
main,legalbert,8,16,iltur_cl,category_lora,44,main__legalbert__r8a16__iltur_cl__category_lora__seed44,ARG,0.6918918918918919,0.6464646464646465,0.6684073107049608,198.0
main,legalbert,8,16,iltur_cl,category_lora,44,main__legalbert__r8a16__iltur_cl__category_lora__seed44,FAC,0.533678756476684,0.8408163265306122,0.652931854199683,245.0
main,legalbert,8,16,iltur_cl,category_lora,44,main__legalbert__r8a16__iltur_cl__category_lora__seed44,PRE,0.6038961038961039,0.37349397590361444,0.46153846153846156,249.0
main,legalbert,8,16,iltur_cl,category_lora,44,main__legalbert__r8a16__iltur_cl__category_lora__seed44,RATIO,0.6150121065375302,0.5866050808314087,0.6004728132387707,433.0
main,legalbert,8,16,iltur_cl,category_lora,44,main__legalbert__r8a16__iltur_cl__category_lora__seed44,RLC,0.14285714285714285,0.08695652173913043,0.10810810810810811,23.0
main,legalbert,8,16,iltur_cl,category_lora,44,main__legalbert__r8a16__iltur_cl__category_lora__seed44,RPC,0.36,0.75,0.4864864864864865,12.0
main,legalbert,8,16,iltur_cl,category_lora,44,main__legalbert__r8a16__iltur_cl__category_lora__seed44,STA,0.8088235294117647,0.6470588235294118,0.7189542483660131,85.0
main,legalbert,8,16,iltur_cl,frozen,42,main__legalbert__r8a16__iltur_cl__frozen__seed42,ARG,0.375,0.015151515151515152,0.02912621359223301,198.0
main,legalbert,8,16,iltur_cl,frozen,42,main__legalbert__r8a16__iltur_cl__frozen__seed42,FAC,0.32605304212168484,0.8530612244897959,0.4717832957110609,245.0
main,legalbert,8,16,iltur_cl,frozen,42,main__legalbert__r8a16__iltur_cl__frozen__seed42,PRE,0.38095238095238093,0.0321285140562249,0.05925925925925926,249.0
main,legalbert,8,16,iltur_cl,frozen,42,main__legalbert__r8a16__iltur_cl__frozen__seed42,RATIO,0.38608695652173913,0.5127020785219399,0.44047619047619047,433.0
main,legalbert,8,16,iltur_cl,frozen,42,main__legalbert__r8a16__iltur_cl__frozen__seed42,RLC,0.0,0.0,0.0,23.0
main,legalbert,8,16,iltur_cl,frozen,42,main__legalbert__r8a16__iltur_cl__frozen__seed42,RPC,0.0,0.0,0.0,12.0
main,legalbert,8,16,iltur_cl,frozen,42,main__legalbert__r8a16__iltur_cl__frozen__seed42,STA,0.0,0.0,0.0,85.0
main,legalbert,8,16,iltur_cl,frozen,43,main__legalbert__r8a16__iltur_cl__frozen__seed43,ARG,0.5,0.005050505050505051,0.01,198.0
main,legalbert,8,16,iltur_cl,frozen,43,main__legalbert__r8a16__iltur_cl__frozen__seed43,FAC,0.3527054108216433,0.7183673469387755,0.4731182795698925,245.0
main,legalbert,8,16,iltur_cl,frozen,43,main__legalbert__r8a16__iltur_cl__frozen__seed43,PRE,0.5,0.01606425702811245,0.0311284046692607,249.0
main,legalbert,8,16,iltur_cl,frozen,43,main__legalbert__r8a16__iltur_cl__frozen__seed43,RATIO,0.37907608695652173,0.6443418013856813,0.4773310521813516,433.0
main,legalbert,8,16,iltur_cl,frozen,43,main__legalbert__r8a16__iltur_cl__frozen__seed43,RLC,0.0,0.0,0.0,23.0
main,legalbert,8,16,iltur_cl,frozen,43,main__legalbert__r8a16__iltur_cl__frozen__seed43,RPC,0.0,0.0,0.0,12.0
main,legalbert,8,16,iltur_cl,frozen,43,main__legalbert__r8a16__iltur_cl__frozen__seed43,STA,0.0,0.0,0.0,85.0
main,legalbert,8,16,iltur_cl,frozen,44,main__legalbert__r8a16__iltur_cl__frozen__seed44,ARG,0.21910112359550563,0.19696969696969696,0.2074468085106383,198.0
main,legalbert,8,16,iltur_cl,frozen,44,main__legalbert__r8a16__iltur_cl__frozen__seed44,FAC,0.3074484944532488,0.7918367346938775,0.4429223744292237,245.0
main,legalbert,8,16,iltur_cl,frozen,44,main__legalbert__r8a16__iltur_cl__frozen__seed44,PRE,0.4166666666666667,0.020080321285140562,0.038314176245210725,249.0
main,legalbert,8,16,iltur_cl,frozen,44,main__legalbert__r8a16__iltur_cl__frozen__seed44,RATIO,0.3466981132075472,0.3394919168591224,0.34305717619603265,433.0
main,legalbert,8,16,iltur_cl,frozen,44,main__legalbert__r8a16__iltur_cl__frozen__seed44,RLC,0.0,0.0,0.0,23.0
main,legalbert,8,16,iltur_cl,frozen,44,main__legalbert__r8a16__iltur_cl__frozen__seed44,RPC,0.0,0.0,0.0,12.0
main,legalbert,8,16,iltur_cl,frozen,44,main__legalbert__r8a16__iltur_cl__frozen__seed44,STA,0.0,0.0,0.0,85.0
main,legalbert,8,16,iltur_cl,full_ft,42,main__legalbert__r8a16__iltur_cl__full_ft__seed42,ARG,0.5855855855855856,0.6565656565656566,0.6190476190476191,198.0
main,legalbert,8,16,iltur_cl,full_ft,42,main__legalbert__r8a16__iltur_cl__full_ft__seed42,FAC,0.5628415300546448,0.8408163265306122,0.67430441898527,245.0
main,legalbert,8,16,iltur_cl,full_ft,42,main__legalbert__r8a16__iltur_cl__full_ft__seed42,PRE,0.616580310880829,0.4779116465863454,0.5384615384615384,249.0
main,legalbert,8,16,iltur_cl,full_ft,42,main__legalbert__r8a16__iltur_cl__full_ft__seed42,RATIO,0.6224188790560472,0.48729792147806006,0.5466321243523317,433.0
main,legalbert,8,16,iltur_cl,full_ft,42,main__legalbert__r8a16__iltur_cl__full_ft__seed42,RLC,0.0967741935483871,0.13043478260869565,0.1111111111111111,23.0
main,legalbert,8,16,iltur_cl,full_ft,42,main__legalbert__r8a16__iltur_cl__full_ft__seed42,RPC,0.391304347826087,0.75,0.5142857142857142,12.0
main,legalbert,8,16,iltur_cl,full_ft,42,main__legalbert__r8a16__iltur_cl__full_ft__seed42,STA,0.8169014084507042,0.6823529411764706,0.7435897435897436,85.0
main,legalbert,8,16,iltur_cl,full_ft,43,main__legalbert__r8a16__iltur_cl__full_ft__seed43,ARG,0.5701754385964912,0.6565656565656566,0.6103286384976526,198.0
main,legalbert,8,16,iltur_cl,full_ft,43,main__legalbert__r8a16__iltur_cl__full_ft__seed43,FAC,0.5528455284552846,0.8326530612244898,0.6644951140065146,245.0
main,legalbert,8,16,iltur_cl,full_ft,43,main__legalbert__r8a16__iltur_cl__full_ft__seed43,PRE,0.6,0.4819277108433735,0.534521158129176,249.0
main,legalbert,8,16,iltur_cl,full_ft,43,main__legalbert__r8a16__iltur_cl__full_ft__seed43,RATIO,0.6187683284457478,0.48729792147806006,0.5452196382428941,433.0
main,legalbert,8,16,iltur_cl,full_ft,43,main__legalbert__r8a16__iltur_cl__full_ft__seed43,RLC,0.0,0.0,0.0,23.0
main,legalbert,8,16,iltur_cl,full_ft,43,main__legalbert__r8a16__iltur_cl__full_ft__seed43,RPC,0.3333333333333333,0.5833333333333334,0.42424242424242425,12.0
main,legalbert,8,16,iltur_cl,full_ft,43,main__legalbert__r8a16__iltur_cl__full_ft__seed43,STA,0.7857142857142857,0.6470588235294118,0.7096774193548387,85.0
main,legalbert,8,16,iltur_cl,full_ft,44,main__legalbert__r8a16__iltur_cl__full_ft__seed44,ARG,0.5038167938931297,0.6666666666666666,0.5739130434782609,198.0
main,legalbert,8,16,iltur_cl,full_ft,44,main__legalbert__r8a16__iltur_cl__full_ft__seed44,FAC,0.5823529411764706,0.8081632653061225,0.676923076923077,245.0
main,legalbert,8,16,iltur_cl,full_ft,44,main__legalbert__r8a16__iltur_cl__full_ft__seed44,PRE,0.5989304812834224,0.4497991967871486,0.5137614678899083,249.0
main,legalbert,8,16,iltur_cl,full_ft,44,main__legalbert__r8a16__iltur_cl__full_ft__seed44,RATIO,0.6029411764705882,0.47344110854503463,0.5304010349288486,433.0
main,legalbert,8,16,iltur_cl,full_ft,44,main__legalbert__r8a16__iltur_cl__full_ft__seed44,RLC,0.0,0.0,0.0,23.0
main,legalbert,8,16,iltur_cl,full_ft,44,main__legalbert__r8a16__iltur_cl__full_ft__seed44,RPC,0.42857142857142855,0.75,0.5454545454545454,12.0
main,legalbert,8,16,iltur_cl,full_ft,44,main__legalbert__r8a16__iltur_cl__full_ft__seed44,STA,0.8,0.6588235294117647,0.7225806451612903,85.0
main,legalbert,8,16,iltur_cl,role_adapter,42,main__legalbert__r8a16__iltur_cl__role_adapter__seed42,ARG,0.634020618556701,0.6212121212121212,0.6275510204081632,198.0
main,legalbert,8,16,iltur_cl,role_adapter,42,main__legalbert__r8a16__iltur_cl__role_adapter__seed42,FAC,0.5376623376623376,0.8448979591836735,0.6571428571428571,245.0
main,legalbert,8,16,iltur_cl,role_adapter,42,main__legalbert__r8a16__iltur_cl__role_adapter__seed42,PRE,0.6058823529411764,0.41365461847389556,0.4916467780429594,249.0
main,legalbert,8,16,iltur_cl,role_adapter,42,main__legalbert__r8a16__iltur_cl__role_adapter__seed42,RATIO,0.6115288220551378,0.5635103926096998,0.5865384615384616,433.0
main,legalbert,8,16,iltur_cl,role_adapter,42,main__legalbert__r8a16__iltur_cl__role_adapter__seed42,RLC,0.125,0.043478260869565216,0.06451612903225806,23.0
main,legalbert,8,16,iltur_cl,role_adapter,42,main__legalbert__r8a16__iltur_cl__role_adapter__seed42,RPC,0.375,0.75,0.5,12.0
main,legalbert,8,16,iltur_cl,role_adapter,42,main__legalbert__r8a16__iltur_cl__role_adapter__seed42,STA,0.8153846153846154,0.6235294117647059,0.7066666666666667,85.0
main,legalbert,8,16,iltur_cl,role_adapter,43,main__legalbert__r8a16__iltur_cl__role_adapter__seed43,ARG,0.6593406593406593,0.6060606060606061,0.631578947368421,198.0
main,legalbert,8,16,iltur_cl,role_adapter,43,main__legalbert__r8a16__iltur_cl__role_adapter__seed43,FAC,0.5,0.8244897959183674,0.6224961479198767,245.0
main,legalbert,8,16,iltur_cl,role_adapter,43,main__legalbert__r8a16__iltur_cl__role_adapter__seed43,PRE,0.5919540229885057,0.41365461847389556,0.48699763593380613,249.0
main,legalbert,8,16,iltur_cl,role_adapter,43,main__legalbert__r8a16__iltur_cl__role_adapter__seed43,RATIO,0.6163682864450127,0.5565819861431871,0.5849514563106796,433.0
main,legalbert,8,16,iltur_cl,role_adapter,43,main__legalbert__r8a16__iltur_cl__role_adapter__seed43,RLC,0.0,0.0,0.0,23.0
main,legalbert,8,16,iltur_cl,role_adapter,43,main__legalbert__r8a16__iltur_cl__role_adapter__seed43,RPC,0.4090909090909091,0.75,0.5294117647058824,12.0
main,legalbert,8,16,iltur_cl,role_adapter,43,main__legalbert__r8a16__iltur_cl__role_adapter__seed43,STA,0.803030303030303,0.6235294117647059,0.7019867549668874,85.0
main,legalbert,8,16,iltur_cl,role_adapter,44,main__legalbert__r8a16__iltur_cl__role_adapter__seed44,ARG,0.7349397590361446,0.6161616161616161,0.6703296703296703,198.0
main,legalbert,8,16,iltur_cl,role_adapter,44,main__legalbert__r8a16__iltur_cl__role_adapter__seed44,FAC,0.5257731958762887,0.8326530612244898,0.6445497630331753,245.0
main,legalbert,8,16,iltur_cl,role_adapter,44,main__legalbert__r8a16__iltur_cl__role_adapter__seed44,PRE,0.5833333333333334,0.3654618473895582,0.44938271604938274,249.0
main,legalbert,8,16,iltur_cl,role_adapter,44,main__legalbert__r8a16__iltur_cl__role_adapter__seed44,RATIO,0.6,0.5958429561200924,0.5979142526071842,433.0
main,legalbert,8,16,iltur_cl,role_adapter,44,main__legalbert__r8a16__iltur_cl__role_adapter__seed44,RLC,0.08333333333333333,0.043478260869565216,0.05714285714285714,23.0
main,legalbert,8,16,iltur_cl,role_adapter,44,main__legalbert__r8a16__iltur_cl__role_adapter__seed44,RPC,0.34782608695652173,0.6666666666666666,0.45714285714285713,12.0
main,legalbert,8,16,iltur_cl,role_adapter,44,main__legalbert__r8a16__iltur_cl__role_adapter__seed44,STA,0.8,0.6588235294117647,0.7225806451612903,85.0
main,legalbert,8,16,iltur_cl,shared_lora,42,main__legalbert__r8a16__iltur_cl__shared_lora__seed42,ARG,0.7142857142857143,0.6060606060606061,0.6557377049180327,198.0
main,legalbert,8,16,iltur_cl,shared_lora,42,main__legalbert__r8a16__iltur_cl__shared_lora__seed42,FAC,0.5119617224880383,0.8734693877551021,0.6455505279034691,245.0
main,legalbert,8,16,iltur_cl,shared_lora,42,main__legalbert__r8a16__iltur_cl__shared_lora__seed42,PRE,0.6024844720496895,0.3895582329317269,0.47317073170731705,249.0
main,legalbert,8,16,iltur_cl,shared_lora,42,main__legalbert__r8a16__iltur_cl__shared_lora__seed42,RATIO,0.5785714285714286,0.5612009237875288,0.5697538100820633,433.0
main,legalbert,8,16,iltur_cl,shared_lora,42,main__legalbert__r8a16__iltur_cl__shared_lora__seed42,RLC,0.0,0.0,0.0,23.0
main,legalbert,8,16,iltur_cl,shared_lora,42,main__legalbert__r8a16__iltur_cl__shared_lora__seed42,RPC,0.0,0.0,0.0,12.0
main,legalbert,8,16,iltur_cl,shared_lora,42,main__legalbert__r8a16__iltur_cl__shared_lora__seed42,STA,0.6282051282051282,0.5764705882352941,0.6012269938650306,85.0
main,legalbert,8,16,iltur_cl,shared_lora,43,main__legalbert__r8a16__iltur_cl__shared_lora__seed43,ARG,0.7619047619047619,0.6464646464646465,0.6994535519125683,198.0
main,legalbert,8,16,iltur_cl,shared_lora,43,main__legalbert__r8a16__iltur_cl__shared_lora__seed43,FAC,0.5187032418952618,0.8489795918367347,0.6439628482972136,245.0
main,legalbert,8,16,iltur_cl,shared_lora,43,main__legalbert__r8a16__iltur_cl__shared_lora__seed43,PRE,0.5435897435897435,0.42570281124497994,0.4774774774774775,249.0
main,legalbert,8,16,iltur_cl,shared_lora,43,main__legalbert__r8a16__iltur_cl__shared_lora__seed43,RATIO,0.6186868686868687,0.5658198614318707,0.5910735826296744,433.0
main,legalbert,8,16,iltur_cl,shared_lora,43,main__legalbert__r8a16__iltur_cl__shared_lora__seed43,RLC,0.0,0.0,0.0,23.0
main,legalbert,8,16,iltur_cl,shared_lora,43,main__legalbert__r8a16__iltur_cl__shared_lora__seed43,RPC,0.6666666666666666,0.3333333333333333,0.4444444444444444,12.0
main,legalbert,8,16,iltur_cl,shared_lora,43,main__legalbert__r8a16__iltur_cl__shared_lora__seed43,STA,0.620253164556962,0.5764705882352941,0.5975609756097561,85.0
main,legalbert,8,16,iltur_cl,shared_lora,44,main__legalbert__r8a16__iltur_cl__shared_lora__seed44,ARG,0.7085714285714285,0.6262626262626263,0.6648793565683646,198.0
main,legalbert,8,16,iltur_cl,shared_lora,44,main__legalbert__r8a16__iltur_cl__shared_lora__seed44,FAC,0.5252525252525253,0.8489795918367347,0.6489859594383776,245.0
main,legalbert,8,16,iltur_cl,shared_lora,44,main__legalbert__r8a16__iltur_cl__shared_lora__seed44,PRE,0.6,0.39759036144578314,0.4782608695652174,249.0
main,legalbert,8,16,iltur_cl,shared_lora,44,main__legalbert__r8a16__iltur_cl__shared_lora__seed44,RATIO,0.630071599045346,0.6096997690531177,0.6197183098591549,433.0
main,legalbert,8,16,iltur_cl,shared_lora,44,main__legalbert__r8a16__iltur_cl__shared_lora__seed44,RLC,0.0,0.0,0.0,23.0
main,legalbert,8,16,iltur_cl,shared_lora,44,main__legalbert__r8a16__iltur_cl__shared_lora__seed44,RPC,0.4166666666666667,0.4166666666666667,0.4166666666666667,12.0
main,legalbert,8,16,iltur_cl,shared_lora,44,main__legalbert__r8a16__iltur_cl__shared_lora__seed44,STA,0.6753246753246753,0.611764705882353,0.6419753086419753,85.0
main,legalbert,8,16,iltur_cl,shared_lora_widehead,42,main__legalbert__r8a16__iltur_cl__shared_lora_widehead__seed42,ARG,0.6797752808988764,0.6111111111111112,0.6436170212765957,198.0
main,legalbert,8,16,iltur_cl,shared_lora_widehead,42,main__legalbert__r8a16__iltur_cl__shared_lora_widehead__seed42,FAC,0.5214105793450882,0.8448979591836735,0.6448598130841121,245.0
main,legalbert,8,16,iltur_cl,shared_lora_widehead,42,main__legalbert__r8a16__iltur_cl__shared_lora_widehead__seed42,PRE,0.585635359116022,0.42570281124497994,0.4930232558139535,249.0
main,legalbert,8,16,iltur_cl,shared_lora_widehead,42,main__legalbert__r8a16__iltur_cl__shared_lora_widehead__seed42,RATIO,0.616751269035533,0.5612009237875288,0.5876662636033857,433.0
main,legalbert,8,16,iltur_cl,shared_lora_widehead,42,main__legalbert__r8a16__iltur_cl__shared_lora_widehead__seed42,RLC,0.0,0.0,0.0,23.0
main,legalbert,8,16,iltur_cl,shared_lora_widehead,42,main__legalbert__r8a16__iltur_cl__shared_lora_widehead__seed42,RPC,0.391304347826087,0.75,0.5142857142857142,12.0
main,legalbert,8,16,iltur_cl,shared_lora_widehead,42,main__legalbert__r8a16__iltur_cl__shared_lora_widehead__seed42,STA,0.7777777777777778,0.6588235294117647,0.7133757961783439,85.0
main,legalbert,8,16,iltur_cl,shared_lora_widehead,43,main__legalbert__r8a16__iltur_cl__shared_lora_widehead__seed43,ARG,0.6759776536312849,0.6111111111111112,0.6419098143236074,198.0
main,legalbert,8,16,iltur_cl,shared_lora_widehead,43,main__legalbert__r8a16__iltur_cl__shared_lora_widehead__seed43,FAC,0.49411764705882355,0.8571428571428571,0.6268656716417911,245.0
main,legalbert,8,16,iltur_cl,shared_lora_widehead,43,main__legalbert__r8a16__iltur_cl__shared_lora_widehead__seed43,PRE,0.5684210526315789,0.43373493975903615,0.4920273348519362,249.0
main,legalbert,8,16,iltur_cl,shared_lora_widehead,43,main__legalbert__r8a16__iltur_cl__shared_lora_widehead__seed43,RATIO,0.6143250688705234,0.5150115473441108,0.5603015075376885,433.0
main,legalbert,8,16,iltur_cl,shared_lora_widehead,43,main__legalbert__r8a16__iltur_cl__shared_lora_widehead__seed43,RLC,0.0,0.0,0.0,23.0
main,legalbert,8,16,iltur_cl,shared_lora_widehead,43,main__legalbert__r8a16__iltur_cl__shared_lora_widehead__seed43,RPC,0.42105263157894735,0.6666666666666666,0.5161290322580645,12.0
main,legalbert,8,16,iltur_cl,shared_lora_widehead,43,main__legalbert__r8a16__iltur_cl__shared_lora_widehead__seed43,STA,0.7794117647058824,0.6235294117647059,0.6928104575163399,85.0
main,legalbert,8,16,iltur_cl,shared_lora_widehead,44,main__legalbert__r8a16__iltur_cl__shared_lora_widehead__seed44,ARG,0.6460674157303371,0.5808080808080808,0.6117021276595744,198.0
main,legalbert,8,16,iltur_cl,shared_lora_widehead,44,main__legalbert__r8a16__iltur_cl__shared_lora_widehead__seed44,FAC,0.4793577981651376,0.8530612244897959,0.6138032305433186,245.0
main,legalbert,8,16,iltur_cl,shared_lora_widehead,44,main__legalbert__r8a16__iltur_cl__shared_lora_widehead__seed44,PRE,0.5664739884393064,0.39357429718875503,0.46445497630331756,249.0
main,legalbert,8,16,iltur_cl,shared_lora_widehead,44,main__legalbert__r8a16__iltur_cl__shared_lora_widehead__seed44,RATIO,0.5913978494623656,0.5080831408775982,0.546583850931677,433.0
main,legalbert,8,16,iltur_cl,shared_lora_widehead,44,main__legalbert__r8a16__iltur_cl__shared_lora_widehead__seed44,RLC,0.0,0.0,0.0,23.0
main,legalbert,8,16,iltur_cl,shared_lora_widehead,44,main__legalbert__r8a16__iltur_cl__shared_lora_widehead__seed44,RPC,0.5,0.3333333333333333,0.4,12.0
main,legalbert,8,16,iltur_cl,shared_lora_widehead,44,main__legalbert__r8a16__iltur_cl__shared_lora_widehead__seed44,STA,0.6666666666666666,0.611764705882353,0.6380368098159509,85.0
main,legalbert,8,16,iltur_it,category_lora,42,main__legalbert__r8a16__iltur_it__category_lora__seed42,ARG,0.6629213483146067,0.5514018691588785,0.6020408163265306,107.0
main,legalbert,8,16,iltur_it,category_lora,42,main__legalbert__r8a16__iltur_it__category_lora__seed42,FAC,0.7013888888888888,0.7709923664122137,0.7345454545454545,131.0
main,legalbert,8,16,iltur_it,category_lora,42,main__legalbert__r8a16__iltur_it__category_lora__seed42,PRE,0.6730769230769231,0.49295774647887325,0.5691056910569106,142.0
main,legalbert,8,16,iltur_it,category_lora,42,main__legalbert__r8a16__iltur_it__category_lora__seed42,RATIO,0.4756554307116105,0.7559523809523809,0.5839080459770115,168.0
main,legalbert,8,16,iltur_it,category_lora,42,main__legalbert__r8a16__iltur_it__category_lora__seed42,RLC,0.7878787878787878,0.2708333333333333,0.40310077519379844,96.0
main,legalbert,8,16,iltur_it,category_lora,42,main__legalbert__r8a16__iltur_it__category_lora__seed42,RPC,0.5384615384615384,0.6666666666666666,0.5957446808510638,21.0
main,legalbert,8,16,iltur_it,category_lora,42,main__legalbert__r8a16__iltur_it__category_lora__seed42,STA,0.7777777777777778,0.7938144329896907,0.7857142857142857,97.0
main,legalbert,8,16,iltur_it,category_lora,43,main__legalbert__r8a16__iltur_it__category_lora__seed43,ARG,0.691358024691358,0.5233644859813084,0.5957446808510638,107.0
main,legalbert,8,16,iltur_it,category_lora,43,main__legalbert__r8a16__iltur_it__category_lora__seed43,FAC,0.6162790697674418,0.8091603053435115,0.6996699669966997,131.0
main,legalbert,8,16,iltur_it,category_lora,43,main__legalbert__r8a16__iltur_it__category_lora__seed43,PRE,0.625,0.4225352112676056,0.5042016806722689,142.0
main,legalbert,8,16,iltur_it,category_lora,43,main__legalbert__r8a16__iltur_it__category_lora__seed43,RATIO,0.46218487394957986,0.6547619047619048,0.541871921182266,168.0
main,legalbert,8,16,iltur_it,category_lora,43,main__legalbert__r8a16__iltur_it__category_lora__seed43,RLC,0.717948717948718,0.2916666666666667,0.4148148148148148,96.0
main,legalbert,8,16,iltur_it,category_lora,43,main__legalbert__r8a16__iltur_it__category_lora__seed43,RPC,0.5217391304347826,0.5714285714285714,0.5454545454545454,21.0
main,legalbert,8,16,iltur_it,category_lora,43,main__legalbert__r8a16__iltur_it__category_lora__seed43,STA,0.7079646017699115,0.8247422680412371,0.7619047619047619,97.0
main,legalbert,8,16,iltur_it,category_lora,44,main__legalbert__r8a16__iltur_it__category_lora__seed44,ARG,0.7215189873417721,0.5327102803738317,0.6129032258064516,107.0
main,legalbert,8,16,iltur_it,category_lora,44,main__legalbert__r8a16__iltur_it__category_lora__seed44,FAC,0.6441717791411042,0.8015267175572519,0.7142857142857143,131.0
main,legalbert,8,16,iltur_it,category_lora,44,main__legalbert__r8a16__iltur_it__category_lora__seed44,PRE,0.6736842105263158,0.4507042253521127,0.540084388185654,142.0
main,legalbert,8,16,iltur_it,category_lora,44,main__legalbert__r8a16__iltur_it__category_lora__seed44,RATIO,0.47307692307692306,0.7321428571428571,0.5747663551401869,168.0
main,legalbert,8,16,iltur_it,category_lora,44,main__legalbert__r8a16__iltur_it__category_lora__seed44,RLC,0.725,0.3020833333333333,0.4264705882352941,96.0
main,legalbert,8,16,iltur_it,category_lora,44,main__legalbert__r8a16__iltur_it__category_lora__seed44,RPC,0.5,0.6190476190476191,0.5531914893617021,21.0
main,legalbert,8,16,iltur_it,category_lora,44,main__legalbert__r8a16__iltur_it__category_lora__seed44,STA,0.7878787878787878,0.8041237113402062,0.7959183673469388,97.0
main,legalbert,8,16,iltur_it,frozen,42,main__legalbert__r8a16__iltur_it__frozen__seed42,ARG,0.29411764705882354,0.04672897196261682,0.08064516129032258,107.0
main,legalbert,8,16,iltur_it,frozen,42,main__legalbert__r8a16__iltur_it__frozen__seed42,FAC,0.36507936507936506,0.3511450381679389,0.35797665369649806,131.0
main,legalbert,8,16,iltur_it,frozen,42,main__legalbert__r8a16__iltur_it__frozen__seed42,PRE,0.4,0.07042253521126761,0.11976047904191617,142.0
main,legalbert,8,16,iltur_it,frozen,42,main__legalbert__r8a16__iltur_it__frozen__seed42,RATIO,0.25405405405405407,0.8392857142857143,0.3900414937759336,168.0
main,legalbert,8,16,iltur_it,frozen,42,main__legalbert__r8a16__iltur_it__frozen__seed42,RLC,0.0,0.0,0.0,96.0
main,legalbert,8,16,iltur_it,frozen,42,main__legalbert__r8a16__iltur_it__frozen__seed42,RPC,0.0,0.0,0.0,21.0
main,legalbert,8,16,iltur_it,frozen,42,main__legalbert__r8a16__iltur_it__frozen__seed42,STA,0.6410256410256411,0.25773195876288657,0.36764705882352944,97.0
main,legalbert,8,16,iltur_it,frozen,43,main__legalbert__r8a16__iltur_it__frozen__seed43,ARG,0.3,0.028037383177570093,0.05128205128205128,107.0
main,legalbert,8,16,iltur_it,frozen,43,main__legalbert__r8a16__iltur_it__frozen__seed43,FAC,0.4142857142857143,0.22137404580152673,0.2885572139303483,131.0
main,legalbert,8,16,iltur_it,frozen,43,main__legalbert__r8a16__iltur_it__frozen__seed43,PRE,0.5,0.028169014084507043,0.05333333333333334,142.0
main,legalbert,8,16,iltur_it,frozen,43,main__legalbert__r8a16__iltur_it__frozen__seed43,RATIO,0.24608150470219436,0.9345238095238095,0.38957816377171217,168.0
main,legalbert,8,16,iltur_it,frozen,43,main__legalbert__r8a16__iltur_it__frozen__seed43,RLC,0.0,0.0,0.0,96.0
main,legalbert,8,16,iltur_it,frozen,43,main__legalbert__r8a16__iltur_it__frozen__seed43,RPC,0.0,0.0,0.0,21.0
main,legalbert,8,16,iltur_it,frozen,43,main__legalbert__r8a16__iltur_it__frozen__seed43,STA,0.7222222222222222,0.26804123711340205,0.39097744360902253,97.0
main,legalbert,8,16,iltur_it,frozen,44,main__legalbert__r8a16__iltur_it__frozen__seed44,ARG,0.2,0.018691588785046728,0.03418803418803419,107.0
main,legalbert,8,16,iltur_it,frozen,44,main__legalbert__r8a16__iltur_it__frozen__seed44,FAC,0.40425531914893614,0.2900763358778626,0.3377777777777778,131.0
main,legalbert,8,16,iltur_it,frozen,44,main__legalbert__r8a16__iltur_it__frozen__seed44,PRE,0.5,0.028169014084507043,0.05333333333333334,142.0
main,legalbert,8,16,iltur_it,frozen,44,main__legalbert__r8a16__iltur_it__frozen__seed44,RATIO,0.2467948717948718,0.9166666666666666,0.3888888888888889,168.0
main,legalbert,8,16,iltur_it,frozen,44,main__legalbert__r8a16__iltur_it__frozen__seed44,RLC,0.0,0.0,0.0,96.0
main,legalbert,8,16,iltur_it,frozen,44,main__legalbert__r8a16__iltur_it__frozen__seed44,RPC,0.0,0.0,0.0,21.0
main,legalbert,8,16,iltur_it,frozen,44,main__legalbert__r8a16__iltur_it__frozen__seed44,STA,0.8076923076923077,0.21649484536082475,0.34146341463414637,97.0
main,legalbert,8,16,iltur_it,full_ft,42,main__legalbert__r8a16__iltur_it__full_ft__seed42,ARG,0.7971014492753623,0.514018691588785,0.625,107.0
main,legalbert,8,16,iltur_it,full_ft,42,main__legalbert__r8a16__iltur_it__full_ft__seed42,FAC,0.6256684491978609,0.8931297709923665,0.7358490566037735,131.0
main,legalbert,8,16,iltur_it,full_ft,42,main__legalbert__r8a16__iltur_it__full_ft__seed42,PRE,0.8061224489795918,0.5563380281690141,0.6583333333333333,142.0
main,legalbert,8,16,iltur_it,full_ft,42,main__legalbert__r8a16__iltur_it__full_ft__seed42,RATIO,0.5307017543859649,0.7202380952380952,0.6111111111111112,168.0
main,legalbert,8,16,iltur_it,full_ft,42,main__legalbert__r8a16__iltur_it__full_ft__seed42,RLC,0.7272727272727273,0.3333333333333333,0.45714285714285713,96.0
main,legalbert,8,16,iltur_it,full_ft,42,main__legalbert__r8a16__iltur_it__full_ft__seed42,RPC,0.5384615384615384,0.6666666666666666,0.5957446808510638,21.0
main,legalbert,8,16,iltur_it,full_ft,42,main__legalbert__r8a16__iltur_it__full_ft__seed42,STA,0.7090909090909091,0.8041237113402062,0.7536231884057971,97.0
main,legalbert,8,16,iltur_it,full_ft,43,main__legalbert__r8a16__iltur_it__full_ft__seed43,ARG,0.7530864197530864,0.5700934579439252,0.648936170212766,107.0
main,legalbert,8,16,iltur_it,full_ft,43,main__legalbert__r8a16__iltur_it__full_ft__seed43,FAC,0.7039473684210527,0.816793893129771,0.7561837455830389,131.0
main,legalbert,8,16,iltur_it,full_ft,43,main__legalbert__r8a16__iltur_it__full_ft__seed43,PRE,0.7920792079207921,0.5633802816901409,0.6584362139917695,142.0
main,legalbert,8,16,iltur_it,full_ft,43,main__legalbert__r8a16__iltur_it__full_ft__seed43,RATIO,0.5252100840336135,0.7440476190476191,0.6157635467980296,168.0
main,legalbert,8,16,iltur_it,full_ft,43,main__legalbert__r8a16__iltur_it__full_ft__seed43,RLC,0.7708333333333334,0.3854166666666667,0.5138888888888888,96.0
main,legalbert,8,16,iltur_it,full_ft,43,main__legalbert__r8a16__iltur_it__full_ft__seed43,RPC,0.5333333333333333,0.7619047619047619,0.6274509803921569,21.0
main,legalbert,8,16,iltur_it,full_ft,43,main__legalbert__r8a16__iltur_it__full_ft__seed43,STA,0.7232142857142857,0.8350515463917526,0.7751196172248804,97.0
main,legalbert,8,16,iltur_it,full_ft,44,main__legalbert__r8a16__iltur_it__full_ft__seed44,ARG,0.7746478873239436,0.514018691588785,0.6179775280898876,107.0
main,legalbert,8,16,iltur_it,full_ft,44,main__legalbert__r8a16__iltur_it__full_ft__seed44,FAC,0.6917808219178082,0.7709923664122137,0.7292418772563177,131.0
main,legalbert,8,16,iltur_it,full_ft,44,main__legalbert__r8a16__iltur_it__full_ft__seed44,PRE,0.693069306930693,0.49295774647887325,0.5761316872427984,142.0
main,legalbert,8,16,iltur_it,full_ft,44,main__legalbert__r8a16__iltur_it__full_ft__seed44,RATIO,0.47653429602888087,0.7857142857142857,0.5932584269662922,168.0
main,legalbert,8,16,iltur_it,full_ft,44,main__legalbert__r8a16__iltur_it__full_ft__seed44,RLC,0.7567567567567568,0.2916666666666667,0.42105263157894735,96.0
main,legalbert,8,16,iltur_it,full_ft,44,main__legalbert__r8a16__iltur_it__full_ft__seed44,RPC,0.5357142857142857,0.7142857142857143,0.6122448979591837,21.0
main,legalbert,8,16,iltur_it,full_ft,44,main__legalbert__r8a16__iltur_it__full_ft__seed44,STA,0.7549019607843137,0.7938144329896907,0.7738693467336684,97.0
main,legalbert,8,16,iltur_it,role_adapter,42,main__legalbert__r8a16__iltur_it__role_adapter__seed42,ARG,0.75,0.5327102803738317,0.6229508196721312,107.0
main,legalbert,8,16,iltur_it,role_adapter,42,main__legalbert__r8a16__iltur_it__role_adapter__seed42,FAC,0.7074829931972789,0.7938931297709924,0.7482014388489209,131.0
main,legalbert,8,16,iltur_it,role_adapter,42,main__legalbert__r8a16__iltur_it__role_adapter__seed42,PRE,0.6574074074074074,0.5,0.568,142.0
main,legalbert,8,16,iltur_it,role_adapter,42,main__legalbert__r8a16__iltur_it__role_adapter__seed42,RATIO,0.4797047970479705,0.7738095238095238,0.592255125284738,168.0
main,legalbert,8,16,iltur_it,role_adapter,42,main__legalbert__r8a16__iltur_it__role_adapter__seed42,RLC,0.8518518518518519,0.23958333333333334,0.37398373983739835,96.0
main,legalbert,8,16,iltur_it,role_adapter,42,main__legalbert__r8a16__iltur_it__role_adapter__seed42,RPC,0.5333333333333333,0.7619047619047619,0.6274509803921569,21.0
main,legalbert,8,16,iltur_it,role_adapter,42,main__legalbert__r8a16__iltur_it__role_adapter__seed42,STA,0.7669902912621359,0.8144329896907216,0.79,97.0
main,legalbert,8,16,iltur_it,role_adapter,43,main__legalbert__r8a16__iltur_it__role_adapter__seed43,ARG,0.7051282051282052,0.514018691588785,0.5945945945945946,107.0
main,legalbert,8,16,iltur_it,role_adapter,43,main__legalbert__r8a16__iltur_it__role_adapter__seed43,FAC,0.615819209039548,0.8320610687022901,0.7077922077922078,131.0
main,legalbert,8,16,iltur_it,role_adapter,43,main__legalbert__r8a16__iltur_it__role_adapter__seed43,PRE,0.6666666666666666,0.4225352112676056,0.5172413793103449,142.0
main,legalbert,8,16,iltur_it,role_adapter,43,main__legalbert__r8a16__iltur_it__role_adapter__seed43,RATIO,0.4715447154471545,0.6904761904761905,0.5603864734299517,168.0
main,legalbert,8,16,iltur_it,role_adapter,43,main__legalbert__r8a16__iltur_it__role_adapter__seed43,RLC,0.7,0.2916666666666667,0.4117647058823529,96.0
main,legalbert,8,16,iltur_it,role_adapter,43,main__legalbert__r8a16__iltur_it__role_adapter__seed43,RPC,0.55,0.5238095238095238,0.5365853658536586,21.0
main,legalbert,8,16,iltur_it,role_adapter,43,main__legalbert__r8a16__iltur_it__role_adapter__seed43,STA,0.7207207207207207,0.8247422680412371,0.7692307692307693,97.0
main,legalbert,8,16,iltur_it,role_adapter,44,main__legalbert__r8a16__iltur_it__role_adapter__seed44,ARG,0.7307692307692307,0.5327102803738317,0.6162162162162163,107.0
main,legalbert,8,16,iltur_it,role_adapter,44,main__legalbert__r8a16__iltur_it__role_adapter__seed44,FAC,0.6645161290322581,0.7862595419847328,0.7202797202797203,131.0
main,legalbert,8,16,iltur_it,role_adapter,44,main__legalbert__r8a16__iltur_it__role_adapter__seed44,PRE,0.6236559139784946,0.4084507042253521,0.49361702127659574,142.0
main,legalbert,8,16,iltur_it,role_adapter,44,main__legalbert__r8a16__iltur_it__role_adapter__seed44,RATIO,0.45864661654135336,0.7261904761904762,0.5622119815668203,168.0
main,legalbert,8,16,iltur_it,role_adapter,44,main__legalbert__r8a16__iltur_it__role_adapter__seed44,RLC,0.7391304347826086,0.17708333333333334,0.2857142857142857,96.0
main,legalbert,8,16,iltur_it,role_adapter,44,main__legalbert__r8a16__iltur_it__role_adapter__seed44,RPC,0.5,0.6190476190476191,0.5531914893617021,21.0
main,legalbert,8,16,iltur_it,role_adapter,44,main__legalbert__r8a16__iltur_it__role_adapter__seed44,STA,0.6694214876033058,0.8350515463917526,0.7431192660550459,97.0
main,legalbert,8,16,iltur_it,shared_lora,42,main__legalbert__r8a16__iltur_it__shared_lora__seed42,ARG,0.6375,0.4766355140186916,0.5454545454545454,107.0
main,legalbert,8,16,iltur_it,shared_lora,42,main__legalbert__r8a16__iltur_it__shared_lora__seed42,FAC,0.5555555555555556,0.8396946564885496,0.668693009118541,131.0
main,legalbert,8,16,iltur_it,shared_lora,42,main__legalbert__r8a16__iltur_it__shared_lora__seed42,PRE,0.6078431372549019,0.43661971830985913,0.5081967213114754,142.0
main,legalbert,8,16,iltur_it,shared_lora,42,main__legalbert__r8a16__iltur_it__shared_lora__seed42,RATIO,0.46715328467153283,0.7619047619047619,0.579185520361991,168.0
main,legalbert,8,16,iltur_it,shared_lora,42,main__legalbert__r8a16__iltur_it__shared_lora__seed42,RLC,0.0,0.0,0.0,96.0
main,legalbert,8,16,iltur_it,shared_lora,42,main__legalbert__r8a16__iltur_it__shared_lora__seed42,RPC,0.0,0.0,0.0,21.0
main,legalbert,8,16,iltur_it,shared_lora,42,main__legalbert__r8a16__iltur_it__shared_lora__seed42,STA,0.7129629629629629,0.7938144329896907,0.751219512195122,97.0
main,legalbert,8,16,iltur_it,shared_lora,43,main__legalbert__r8a16__iltur_it__shared_lora__seed43,ARG,0.4939759036144578,0.38317757009345793,0.43157894736842106,107.0
main,legalbert,8,16,iltur_it,shared_lora,43,main__legalbert__r8a16__iltur_it__shared_lora__seed43,FAC,0.4773662551440329,0.8854961832061069,0.6203208556149733,131.0
main,legalbert,8,16,iltur_it,shared_lora,43,main__legalbert__r8a16__iltur_it__shared_lora__seed43,PRE,0.5689655172413793,0.2323943661971831,0.33,142.0
main,legalbert,8,16,iltur_it,shared_lora,43,main__legalbert__r8a16__iltur_it__shared_lora__seed43,RATIO,0.46875,0.7142857142857143,0.5660377358490566,168.0
main,legalbert,8,16,iltur_it,shared_lora,43,main__legalbert__r8a16__iltur_it__shared_lora__seed43,RLC,0.0,0.0,0.0,96.0
main,legalbert,8,16,iltur_it,shared_lora,43,main__legalbert__r8a16__iltur_it__shared_lora__seed43,RPC,0.0,0.0,0.0,21.0
main,legalbert,8,16,iltur_it,shared_lora,43,main__legalbert__r8a16__iltur_it__shared_lora__seed43,STA,0.6475409836065574,0.8144329896907216,0.7214611872146118,97.0
main,legalbert,8,16,iltur_it,shared_lora,44,main__legalbert__r8a16__iltur_it__shared_lora__seed44,ARG,0.4957983193277311,0.5514018691588785,0.5221238938053098,107.0
main,legalbert,8,16,iltur_it,shared_lora,44,main__legalbert__r8a16__iltur_it__shared_lora__seed44,FAC,0.5431472081218274,0.816793893129771,0.6524390243902439,131.0
main,legalbert,8,16,iltur_it,shared_lora,44,main__legalbert__r8a16__iltur_it__shared_lora__seed44,PRE,0.6875,0.3873239436619718,0.4954954954954955,142.0
main,legalbert,8,16,iltur_it,shared_lora,44,main__legalbert__r8a16__iltur_it__shared_lora__seed44,RATIO,0.462406015037594,0.7321428571428571,0.5668202764976958,168.0
main,legalbert,8,16,iltur_it,shared_lora,44,main__legalbert__r8a16__iltur_it__shared_lora__seed44,RLC,0.0,0.0,0.0,96.0
main,legalbert,8,16,iltur_it,shared_lora,44,main__legalbert__r8a16__iltur_it__shared_lora__seed44,RPC,0.0,0.0,0.0,21.0
main,legalbert,8,16,iltur_it,shared_lora,44,main__legalbert__r8a16__iltur_it__shared_lora__seed44,STA,0.76,0.7835051546391752,0.7715736040609137,97.0
main,legalbert,8,16,iltur_it,shared_lora_widehead,42,main__legalbert__r8a16__iltur_it__shared_lora_widehead__seed42,ARG,0.8333333333333334,0.514018691588785,0.6358381502890174,107.0
main,legalbert,8,16,iltur_it,shared_lora_widehead,42,main__legalbert__r8a16__iltur_it__shared_lora_widehead__seed42,FAC,0.6907894736842105,0.8015267175572519,0.7420494699646644,131.0
main,legalbert,8,16,iltur_it,shared_lora_widehead,42,main__legalbert__r8a16__iltur_it__shared_lora_widehead__seed42,PRE,0.66,0.4647887323943662,0.5454545454545454,142.0
main,legalbert,8,16,iltur_it,shared_lora_widehead,42,main__legalbert__r8a16__iltur_it__shared_lora_widehead__seed42,RATIO,0.46996466431095407,0.7916666666666666,0.5898004434589801,168.0
main,legalbert,8,16,iltur_it,shared_lora_widehead,42,main__legalbert__r8a16__iltur_it__shared_lora_widehead__seed42,RLC,0.8666666666666667,0.2708333333333333,0.4126984126984127,96.0
main,legalbert,8,16,iltur_it,shared_lora_widehead,42,main__legalbert__r8a16__iltur_it__shared_lora_widehead__seed42,RPC,0.5357142857142857,0.7142857142857143,0.6122448979591837,21.0
main,legalbert,8,16,iltur_it,shared_lora_widehead,42,main__legalbert__r8a16__iltur_it__shared_lora_widehead__seed42,STA,0.7766990291262136,0.8247422680412371,0.8,97.0
main,legalbert,8,16,iltur_it,shared_lora_widehead,43,main__legalbert__r8a16__iltur_it__shared_lora_widehead__seed43,ARG,0.75,0.5046728971962616,0.6033519553072626,107.0
main,legalbert,8,16,iltur_it,shared_lora_widehead,43,main__legalbert__r8a16__iltur_it__shared_lora_widehead__seed43,FAC,0.6686746987951807,0.8473282442748091,0.7474747474747475,131.0
main,legalbert,8,16,iltur_it,shared_lora_widehead,43,main__legalbert__r8a16__iltur_it__shared_lora_widehead__seed43,PRE,0.6767676767676768,0.47183098591549294,0.5560165975103735,142.0
main,legalbert,8,16,iltur_it,shared_lora_widehead,43,main__legalbert__r8a16__iltur_it__shared_lora_widehead__seed43,RATIO,0.4770992366412214,0.7440476190476191,0.5813953488372093,168.0
main,legalbert,8,16,iltur_it,shared_lora_widehead,43,main__legalbert__r8a16__iltur_it__shared_lora_widehead__seed43,RLC,0.8055555555555556,0.3020833333333333,0.4393939393939394,96.0
main,legalbert,8,16,iltur_it,shared_lora_widehead,43,main__legalbert__r8a16__iltur_it__shared_lora_widehead__seed43,RPC,0.6,0.7142857142857143,0.6521739130434783,21.0
main,legalbert,8,16,iltur_it,shared_lora_widehead,43,main__legalbert__r8a16__iltur_it__shared_lora_widehead__seed43,STA,0.7745098039215687,0.8144329896907216,0.7939698492462312,97.0
main,legalbert,8,16,iltur_it,shared_lora_widehead,44,main__legalbert__r8a16__iltur_it__shared_lora_widehead__seed44,ARG,0.7916666666666666,0.5327102803738317,0.6368715083798883,107.0
main,legalbert,8,16,iltur_it,shared_lora_widehead,44,main__legalbert__r8a16__iltur_it__shared_lora_widehead__seed44,FAC,0.6545454545454545,0.8244274809160306,0.7297297297297297,131.0
main,legalbert,8,16,iltur_it,shared_lora_widehead,44,main__legalbert__r8a16__iltur_it__shared_lora_widehead__seed44,PRE,0.6702127659574468,0.44366197183098594,0.5338983050847458,142.0
main,legalbert,8,16,iltur_it,shared_lora_widehead,44,main__legalbert__r8a16__iltur_it__shared_lora_widehead__seed44,RATIO,0.46387832699619774,0.7261904761904762,0.5661252900232019,168.0
main,legalbert,8,16,iltur_it,shared_lora_widehead,44,main__legalbert__r8a16__iltur_it__shared_lora_widehead__seed44,RLC,0.8461538461538461,0.22916666666666666,0.36065573770491804,96.0
main,legalbert,8,16,iltur_it,shared_lora_widehead,44,main__legalbert__r8a16__iltur_it__shared_lora_widehead__seed44,RPC,0.5454545454545454,0.5714285714285714,0.5581395348837209,21.0
main,legalbert,8,16,iltur_it,shared_lora_widehead,44,main__legalbert__r8a16__iltur_it__shared_lora_widehead__seed44,STA,0.6833333333333333,0.845360824742268,0.7557603686635944,97.0
main,legalbert,8,16,legaleval,category_lora,42,main__legalbert__r8a16__legaleval__category_lora__seed42,ARG,0.7744107744107744,0.6865671641791045,0.7278481012658228,335.0
main,legalbert,8,16,legaleval,category_lora,42,main__legalbert__r8a16__legaleval__category_lora__seed42,FAC,0.859375,0.9026258205689278,0.880469583778015,914.0
main,legalbert,8,16,legaleval,category_lora,42,main__legalbert__r8a16__legaleval__category_lora__seed42,PRE,0.6797752808988764,0.852112676056338,0.75625,142.0
main,legalbert,8,16,legaleval,category_lora,42,main__legalbert__r8a16__legaleval__category_lora__seed42,RATIO,0.6203703703703703,0.5193798449612403,0.5654008438818565,129.0
main,legalbert,8,16,legaleval,category_lora,42,main__legalbert__r8a16__legaleval__category_lora__seed42,RLC,0.631578947368421,0.5517241379310345,0.588957055214724,87.0
main,legalbert,8,16,legaleval,category_lora,42,main__legalbert__r8a16__legaleval__category_lora__seed42,RPC,0.8342245989304813,0.8082901554404145,0.8210526315789474,193.0
main,legalbert,8,16,legaleval,category_lora,42,main__legalbert__r8a16__legaleval__category_lora__seed42,STA,0.8301886792452831,0.7457627118644068,0.7857142857142857,59.0
main,legalbert,8,16,legaleval,category_lora,43,main__legalbert__r8a16__legaleval__category_lora__seed43,ARG,0.7593220338983051,0.6686567164179105,0.7111111111111111,335.0
main,legalbert,8,16,legaleval,category_lora,43,main__legalbert__r8a16__legaleval__category_lora__seed43,FAC,0.8519668737060041,0.9004376367614879,0.875531914893617,914.0
main,legalbert,8,16,legaleval,category_lora,43,main__legalbert__r8a16__legaleval__category_lora__seed43,PRE,0.6742857142857143,0.8309859154929577,0.7444794952681388,142.0
main,legalbert,8,16,legaleval,category_lora,43,main__legalbert__r8a16__legaleval__category_lora__seed43,RATIO,0.5909090909090909,0.5038759689922481,0.5439330543933054,129.0
main,legalbert,8,16,legaleval,category_lora,43,main__legalbert__r8a16__legaleval__category_lora__seed43,RLC,0.6351351351351351,0.5402298850574713,0.5838509316770186,87.0
main,legalbert,8,16,legaleval,category_lora,43,main__legalbert__r8a16__legaleval__category_lora__seed43,RPC,0.8279569892473119,0.7979274611398963,0.8126649076517151,193.0
main,legalbert,8,16,legaleval,category_lora,43,main__legalbert__r8a16__legaleval__category_lora__seed43,STA,0.8301886792452831,0.7457627118644068,0.7857142857142857,59.0
main,legalbert,8,16,legaleval,category_lora,44,main__legalbert__r8a16__legaleval__category_lora__seed44,ARG,0.7444794952681388,0.7044776119402985,0.7239263803680982,335.0
main,legalbert,8,16,legaleval,category_lora,44,main__legalbert__r8a16__legaleval__category_lora__seed44,FAC,0.8606124604012672,0.8916849015317286,0.8758731864588931,914.0
main,legalbert,8,16,legaleval,category_lora,44,main__legalbert__r8a16__legaleval__category_lora__seed44,PRE,0.6666666666666666,0.8309859154929577,0.7398119122257053,142.0
main,legalbert,8,16,legaleval,category_lora,44,main__legalbert__r8a16__legaleval__category_lora__seed44,RATIO,0.6226415094339622,0.5116279069767442,0.5617021276595745,129.0
main,legalbert,8,16,legaleval,category_lora,44,main__legalbert__r8a16__legaleval__category_lora__seed44,RLC,0.6081081081081081,0.5172413793103449,0.5590062111801242,87.0
main,legalbert,8,16,legaleval,category_lora,44,main__legalbert__r8a16__legaleval__category_lora__seed44,RPC,0.806282722513089,0.7979274611398963,0.8020833333333334,193.0
main,legalbert,8,16,legaleval,category_lora,44,main__legalbert__r8a16__legaleval__category_lora__seed44,STA,0.8723404255319149,0.6949152542372882,0.7735849056603774,59.0
main,legalbert,8,16,legaleval,frozen,42,main__legalbert__r8a16__legaleval__frozen__seed42,ARG,0.7,0.020895522388059702,0.04057971014492753,335.0
main,legalbert,8,16,legaleval,frozen,42,main__legalbert__r8a16__legaleval__frozen__seed42,FAC,0.5080870050195203,0.9967177242888403,0.6730698189878094,914.0
main,legalbert,8,16,legaleval,frozen,42,main__legalbert__r8a16__legaleval__frozen__seed42,PRE,0.6976744186046512,0.2112676056338028,0.32432432432432434,142.0
main,legalbert,8,16,legaleval,frozen,42,main__legalbert__r8a16__legaleval__frozen__seed42,RATIO,0.0,0.0,0.0,129.0
main,legalbert,8,16,legaleval,frozen,42,main__legalbert__r8a16__legaleval__frozen__seed42,RLC,0.0,0.0,0.0,87.0
main,legalbert,8,16,legaleval,frozen,42,main__legalbert__r8a16__legaleval__frozen__seed42,RPC,0.5454545454545454,0.031088082901554404,0.058823529411764705,193.0
main,legalbert,8,16,legaleval,frozen,42,main__legalbert__r8a16__legaleval__frozen__seed42,STA,1.0,0.03389830508474576,0.06557377049180328,59.0
main,legalbert,8,16,legaleval,frozen,43,main__legalbert__r8a16__legaleval__frozen__seed43,ARG,0.8,0.011940298507462687,0.023529411764705882,335.0
main,legalbert,8,16,legaleval,frozen,43,main__legalbert__r8a16__legaleval__frozen__seed43,FAC,0.5005494505494505,0.9967177242888403,0.6664228237015362,914.0
main,legalbert,8,16,legaleval,frozen,43,main__legalbert__r8a16__legaleval__frozen__seed43,PRE,0.7857142857142857,0.15492957746478872,0.25882352941176473,142.0
main,legalbert,8,16,legaleval,frozen,43,main__legalbert__r8a16__legaleval__frozen__seed43,RATIO,0.0,0.0,0.0,129.0
main,legalbert,8,16,legaleval,frozen,43,main__legalbert__r8a16__legaleval__frozen__seed43,RLC,0.0,0.0,0.0,87.0
main,legalbert,8,16,legaleval,frozen,43,main__legalbert__r8a16__legaleval__frozen__seed43,RPC,0.8,0.02072538860103627,0.04040404040404041,193.0
main,legalbert,8,16,legaleval,frozen,43,main__legalbert__r8a16__legaleval__frozen__seed43,STA,1.0,0.01694915254237288,0.03333333333333333,59.0
main,legalbert,8,16,legaleval,frozen,44,main__legalbert__r8a16__legaleval__frozen__seed44,ARG,0.8333333333333334,0.014925373134328358,0.02932551319648094,335.0
main,legalbert,8,16,legaleval,frozen,44,main__legalbert__r8a16__legaleval__frozen__seed44,FAC,0.5024820739106454,0.9967177242888403,0.6681334800146681,914.0
main,legalbert,8,16,legaleval,frozen,44,main__legalbert__r8a16__legaleval__frozen__seed44,PRE,0.8064516129032258,0.176056338028169,0.28901734104046245,142.0
main,legalbert,8,16,legaleval,frozen,44,main__legalbert__r8a16__legaleval__frozen__seed44,RATIO,0.0,0.0,0.0,129.0
main,legalbert,8,16,legaleval,frozen,44,main__legalbert__r8a16__legaleval__frozen__seed44,RLC,0.0,0.0,0.0,87.0
main,legalbert,8,16,legaleval,frozen,44,main__legalbert__r8a16__legaleval__frozen__seed44,RPC,0.7142857142857143,0.025906735751295335,0.05,193.0
main,legalbert,8,16,legaleval,frozen,44,main__legalbert__r8a16__legaleval__frozen__seed44,STA,1.0,0.03389830508474576,0.06557377049180328,59.0
main,legalbert,8,16,legaleval,full_ft,42,main__legalbert__r8a16__legaleval__full_ft__seed42,ARG,0.7417417417417418,0.7373134328358208,0.7395209580838323,335.0
main,legalbert,8,16,legaleval,full_ft,42,main__legalbert__r8a16__legaleval__full_ft__seed42,FAC,0.8601036269430051,0.9080962800875274,0.883448642895157,914.0
main,legalbert,8,16,legaleval,full_ft,42,main__legalbert__r8a16__legaleval__full_ft__seed42,PRE,0.7708333333333334,0.7816901408450704,0.7762237762237763,142.0
main,legalbert,8,16,legaleval,full_ft,42,main__legalbert__r8a16__legaleval__full_ft__seed42,RATIO,0.6116504854368932,0.4883720930232558,0.5431034482758621,129.0
main,legalbert,8,16,legaleval,full_ft,42,main__legalbert__r8a16__legaleval__full_ft__seed42,RLC,0.6666666666666666,0.6206896551724138,0.6428571428571429,87.0
main,legalbert,8,16,legaleval,full_ft,42,main__legalbert__r8a16__legaleval__full_ft__seed42,RPC,0.8469945355191257,0.8031088082901554,0.824468085106383,193.0
main,legalbert,8,16,legaleval,full_ft,42,main__legalbert__r8a16__legaleval__full_ft__seed42,STA,0.9,0.7627118644067796,0.8256880733944955,59.0
main,legalbert,8,16,legaleval,full_ft,43,main__legalbert__r8a16__legaleval__full_ft__seed43,ARG,0.7361963190184049,0.7164179104477612,0.7261724659606656,335.0
main,legalbert,8,16,legaleval,full_ft,43,main__legalbert__r8a16__legaleval__full_ft__seed43,FAC,0.8445336008024072,0.9212253829321663,0.8812140240711669,914.0
main,legalbert,8,16,legaleval,full_ft,43,main__legalbert__r8a16__legaleval__full_ft__seed43,PRE,0.6941176470588235,0.8309859154929577,0.7564102564102564,142.0
main,legalbert,8,16,legaleval,full_ft,43,main__legalbert__r8a16__legaleval__full_ft__seed43,RATIO,0.7125,0.4418604651162791,0.5454545454545454,129.0
main,legalbert,8,16,legaleval,full_ft,43,main__legalbert__r8a16__legaleval__full_ft__seed43,RLC,0.8,0.45977011494252873,0.583941605839416,87.0
main,legalbert,8,16,legaleval,full_ft,43,main__legalbert__r8a16__legaleval__full_ft__seed43,RPC,0.8556149732620321,0.8290155440414507,0.8421052631578947,193.0
main,legalbert,8,16,legaleval,full_ft,43,main__legalbert__r8a16__legaleval__full_ft__seed43,STA,0.8979591836734694,0.7457627118644068,0.8148148148148148,59.0
main,legalbert,8,16,legaleval,full_ft,44,main__legalbert__r8a16__legaleval__full_ft__seed44,ARG,0.7492163009404389,0.7134328358208956,0.7308868501529052,335.0
main,legalbert,8,16,legaleval,full_ft,44,main__legalbert__r8a16__legaleval__full_ft__seed44,FAC,0.863588667366212,0.9004376367614879,0.8816282806641671,914.0
main,legalbert,8,16,legaleval,full_ft,44,main__legalbert__r8a16__legaleval__full_ft__seed44,PRE,0.7421383647798742,0.8309859154929577,0.7840531561461794,142.0
main,legalbert,8,16,legaleval,full_ft,44,main__legalbert__r8a16__legaleval__full_ft__seed44,RATIO,0.6272727272727273,0.5348837209302325,0.5774058577405857,129.0
main,legalbert,8,16,legaleval,full_ft,44,main__legalbert__r8a16__legaleval__full_ft__seed44,RLC,0.6428571428571429,0.6206896551724138,0.631578947368421,87.0
main,legalbert,8,16,legaleval,full_ft,44,main__legalbert__r8a16__legaleval__full_ft__seed44,RPC,0.8648648648648649,0.8290155440414507,0.8465608465608465,193.0
main,legalbert,8,16,legaleval,full_ft,44,main__legalbert__r8a16__legaleval__full_ft__seed44,STA,0.8979591836734694,0.7457627118644068,0.8148148148148148,59.0
main,legalbert,8,16,legaleval,role_adapter,42,main__legalbert__r8a16__legaleval__role_adapter__seed42,ARG,0.7551724137931034,0.6537313432835821,0.7008,335.0
main,legalbert,8,16,legaleval,role_adapter,42,main__legalbert__r8a16__legaleval__role_adapter__seed42,FAC,0.851129363449692,0.9070021881838074,0.878177966101695,914.0
main,legalbert,8,16,legaleval,role_adapter,42,main__legalbert__r8a16__legaleval__role_adapter__seed42,PRE,0.6759776536312849,0.852112676056338,0.7538940809968847,142.0
main,legalbert,8,16,legaleval,role_adapter,42,main__legalbert__r8a16__legaleval__role_adapter__seed42,RATIO,0.6190476190476191,0.5038759689922481,0.5555555555555556,129.0
main,legalbert,8,16,legaleval,role_adapter,42,main__legalbert__r8a16__legaleval__role_adapter__seed42,RLC,0.6567164179104478,0.5057471264367817,0.5714285714285714,87.0
main,legalbert,8,16,legaleval,role_adapter,42,main__legalbert__r8a16__legaleval__role_adapter__seed42,RPC,0.8315789473684211,0.8186528497409327,0.825065274151436,193.0
main,legalbert,8,16,legaleval,role_adapter,42,main__legalbert__r8a16__legaleval__role_adapter__seed42,STA,0.8518518518518519,0.7796610169491526,0.8141592920353983,59.0
main,legalbert,8,16,legaleval,role_adapter,43,main__legalbert__r8a16__legaleval__role_adapter__seed43,ARG,0.7721088435374149,0.6776119402985075,0.7217806041335453,335.0
main,legalbert,8,16,legaleval,role_adapter,43,main__legalbert__r8a16__legaleval__role_adapter__seed43,FAC,0.8513513513513513,0.8960612691466083,0.8731343283582089,914.0
main,legalbert,8,16,legaleval,role_adapter,43,main__legalbert__r8a16__legaleval__role_adapter__seed43,PRE,0.6815642458100558,0.8591549295774648,0.7601246105919003,142.0
main,legalbert,8,16,legaleval,role_adapter,43,main__legalbert__r8a16__legaleval__role_adapter__seed43,RATIO,0.6261682242990654,0.5193798449612403,0.5677966101694916,129.0
main,legalbert,8,16,legaleval,role_adapter,43,main__legalbert__r8a16__legaleval__role_adapter__seed43,RLC,0.64,0.5517241379310345,0.5925925925925926,87.0
main,legalbert,8,16,legaleval,role_adapter,43,main__legalbert__r8a16__legaleval__role_adapter__seed43,RPC,0.8167539267015707,0.8082901554404145,0.8125,193.0
main,legalbert,8,16,legaleval,role_adapter,43,main__legalbert__r8a16__legaleval__role_adapter__seed43,STA,0.8627450980392157,0.7457627118644068,0.8,59.0
main,legalbert,8,16,legaleval,role_adapter,44,main__legalbert__r8a16__legaleval__role_adapter__seed44,ARG,0.7655172413793103,0.6626865671641791,0.7104,335.0
main,legalbert,8,16,legaleval,role_adapter,44,main__legalbert__r8a16__legaleval__role_adapter__seed44,FAC,0.8465499485066942,0.899343544857768,0.8721485411140584,914.0
main,legalbert,8,16,legaleval,role_adapter,44,main__legalbert__r8a16__legaleval__role_adapter__seed44,PRE,0.6779661016949152,0.8450704225352113,0.7523510971786834,142.0
main,legalbert,8,16,legaleval,role_adapter,44,main__legalbert__r8a16__legaleval__role_adapter__seed44,RATIO,0.5964912280701754,0.5271317829457365,0.5596707818930041,129.0
main,legalbert,8,16,legaleval,role_adapter,44,main__legalbert__r8a16__legaleval__role_adapter__seed44,RLC,0.7213114754098361,0.5057471264367817,0.5945945945945946,87.0
main,legalbert,8,16,legaleval,role_adapter,44,main__legalbert__r8a16__legaleval__role_adapter__seed44,RPC,0.8041237113402062,0.8082901554404145,0.8062015503875969,193.0
main,legalbert,8,16,legaleval,role_adapter,44,main__legalbert__r8a16__legaleval__role_adapter__seed44,STA,0.8076923076923077,0.711864406779661,0.7567567567567568,59.0
main,legalbert,8,16,legaleval,shared_lora,42,main__legalbert__r8a16__legaleval__shared_lora__seed42,ARG,0.7206349206349206,0.6776119402985075,0.6984615384615385,335.0
main,legalbert,8,16,legaleval,shared_lora,42,main__legalbert__r8a16__legaleval__shared_lora__seed42,FAC,0.8408624229979466,0.8960612691466083,0.8675847457627118,914.0
main,legalbert,8,16,legaleval,shared_lora,42,main__legalbert__r8a16__legaleval__shared_lora__seed42,PRE,0.6421052631578947,0.8591549295774648,0.7349397590361446,142.0
main,legalbert,8,16,legaleval,shared_lora,42,main__legalbert__r8a16__legaleval__shared_lora__seed42,RATIO,0.6185567010309279,0.46511627906976744,0.5309734513274337,129.0
main,legalbert,8,16,legaleval,shared_lora,42,main__legalbert__r8a16__legaleval__shared_lora__seed42,RLC,0.7647058823529411,0.2988505747126437,0.4297520661157025,87.0
main,legalbert,8,16,legaleval,shared_lora,42,main__legalbert__r8a16__legaleval__shared_lora__seed42,RPC,0.7794117647058824,0.8238341968911918,0.801007556675063,193.0
main,legalbert,8,16,legaleval,shared_lora,42,main__legalbert__r8a16__legaleval__shared_lora__seed42,STA,0.8666666666666667,0.6610169491525424,0.75,59.0
main,legalbert,8,16,legaleval,shared_lora,43,main__legalbert__r8a16__legaleval__shared_lora__seed43,ARG,0.7290969899665551,0.6507462686567164,0.6876971608832808,335.0
main,legalbert,8,16,legaleval,shared_lora,43,main__legalbert__r8a16__legaleval__shared_lora__seed43,FAC,0.8303030303030303,0.899343544857768,0.8634453781512605,914.0
main,legalbert,8,16,legaleval,shared_lora,43,main__legalbert__r8a16__legaleval__shared_lora__seed43,PRE,0.6994219653179191,0.852112676056338,0.7682539682539683,142.0
main,legalbert,8,16,legaleval,shared_lora,43,main__legalbert__r8a16__legaleval__shared_lora__seed43,RATIO,0.6310679611650486,0.5038759689922481,0.5603448275862069,129.0
main,legalbert,8,16,legaleval,shared_lora,43,main__legalbert__r8a16__legaleval__shared_lora__seed43,RLC,0.6382978723404256,0.3448275862068966,0.44776119402985076,87.0
main,legalbert,8,16,legaleval,shared_lora,43,main__legalbert__r8a16__legaleval__shared_lora__seed43,RPC,0.8121827411167513,0.8290155440414507,0.8205128205128205,193.0
main,legalbert,8,16,legaleval,shared_lora,43,main__legalbert__r8a16__legaleval__shared_lora__seed43,STA,0.8,0.6779661016949152,0.7339449541284404,59.0
main,legalbert,8,16,legaleval,shared_lora,44,main__legalbert__r8a16__legaleval__shared_lora__seed44,ARG,0.7424749163879598,0.6626865671641791,0.7003154574132492,335.0
main,legalbert,8,16,legaleval,shared_lora,44,main__legalbert__r8a16__legaleval__shared_lora__seed44,FAC,0.8419421487603306,0.8916849015317286,0.8660998937300743,914.0
main,legalbert,8,16,legaleval,shared_lora,44,main__legalbert__r8a16__legaleval__shared_lora__seed44,PRE,0.6804733727810651,0.8098591549295775,0.7395498392282959,142.0
main,legalbert,8,16,legaleval,shared_lora,44,main__legalbert__r8a16__legaleval__shared_lora__seed44,RATIO,0.6057692307692307,0.4883720930232558,0.5407725321888412,129.0
main,legalbert,8,16,legaleval,shared_lora,44,main__legalbert__r8a16__legaleval__shared_lora__seed44,RLC,0.6103896103896104,0.5402298850574713,0.573170731707317,87.0
main,legalbert,8,16,legaleval,shared_lora,44,main__legalbert__r8a16__legaleval__shared_lora__seed44,RPC,0.8010204081632653,0.8134715025906736,0.8071979434447301,193.0
main,legalbert,8,16,legaleval,shared_lora,44,main__legalbert__r8a16__legaleval__shared_lora__seed44,STA,0.782608695652174,0.6101694915254238,0.6857142857142857,59.0
main,legalbert,8,16,legaleval,shared_lora_widehead,42,main__legalbert__r8a16__legaleval__shared_lora_widehead__seed42,ARG,0.7824561403508772,0.6656716417910448,0.7193548387096774,335.0
main,legalbert,8,16,legaleval,shared_lora_widehead,42,main__legalbert__r8a16__legaleval__shared_lora_widehead__seed42,FAC,0.8461538461538461,0.9026258205689278,0.8734780307040763,914.0
main,legalbert,8,16,legaleval,shared_lora_widehead,42,main__legalbert__r8a16__legaleval__shared_lora_widehead__seed42,PRE,0.6243386243386243,0.8309859154929577,0.7129909365558912,142.0
main,legalbert,8,16,legaleval,shared_lora_widehead,42,main__legalbert__r8a16__legaleval__shared_lora_widehead__seed42,RATIO,0.6292134831460674,0.43410852713178294,0.5137614678899083,129.0
main,legalbert,8,16,legaleval,shared_lora_widehead,42,main__legalbert__r8a16__legaleval__shared_lora_widehead__seed42,RLC,0.6125,0.5632183908045977,0.5868263473053892,87.0
main,legalbert,8,16,legaleval,shared_lora_widehead,42,main__legalbert__r8a16__legaleval__shared_lora_widehead__seed42,RPC,0.8181818181818182,0.7927461139896373,0.8052631578947368,193.0
main,legalbert,8,16,legaleval,shared_lora_widehead,42,main__legalbert__r8a16__legaleval__shared_lora_widehead__seed42,STA,0.7777777777777778,0.711864406779661,0.7433628318584071,59.0
main,legalbert,8,16,legaleval,shared_lora_widehead,43,main__legalbert__r8a16__legaleval__shared_lora_widehead__seed43,ARG,0.7736486486486487,0.6835820895522388,0.7258320126782885,335.0
main,legalbert,8,16,legaleval,shared_lora_widehead,43,main__legalbert__r8a16__legaleval__shared_lora_widehead__seed43,FAC,0.8473360655737705,0.9048140043763676,0.8751322751322751,914.0
main,legalbert,8,16,legaleval,shared_lora_widehead,43,main__legalbert__r8a16__legaleval__shared_lora_widehead__seed43,PRE,0.6521739130434783,0.8450704225352113,0.7361963190184049,142.0
main,legalbert,8,16,legaleval,shared_lora_widehead,43,main__legalbert__r8a16__legaleval__shared_lora_widehead__seed43,RATIO,0.6494845360824743,0.4883720930232558,0.5575221238938053,129.0
main,legalbert,8,16,legaleval,shared_lora_widehead,43,main__legalbert__r8a16__legaleval__shared_lora_widehead__seed43,RLC,0.6567164179104478,0.5057471264367817,0.5714285714285714,87.0
main,legalbert,8,16,legaleval,shared_lora_widehead,43,main__legalbert__r8a16__legaleval__shared_lora_widehead__seed43,RPC,0.8115183246073299,0.8031088082901554,0.8072916666666666,193.0
main,legalbert,8,16,legaleval,shared_lora_widehead,43,main__legalbert__r8a16__legaleval__shared_lora_widehead__seed43,STA,0.875,0.711864406779661,0.7850467289719626,59.0
main,legalbert,8,16,legaleval,shared_lora_widehead,44,main__legalbert__r8a16__legaleval__shared_lora_widehead__seed44,ARG,0.7508090614886731,0.6925373134328359,0.7204968944099379,335.0
main,legalbert,8,16,legaleval,shared_lora_widehead,44,main__legalbert__r8a16__legaleval__shared_lora_widehead__seed44,FAC,0.8580508474576272,0.8862144420131292,0.8719052744886975,914.0
main,legalbert,8,16,legaleval,shared_lora_widehead,44,main__legalbert__r8a16__legaleval__shared_lora_widehead__seed44,PRE,0.7289156626506024,0.852112676056338,0.7857142857142857,142.0
main,legalbert,8,16,legaleval,shared_lora_widehead,44,main__legalbert__r8a16__legaleval__shared_lora_widehead__seed44,RATIO,0.6190476190476191,0.5038759689922481,0.5555555555555556,129.0
main,legalbert,8,16,legaleval,shared_lora_widehead,44,main__legalbert__r8a16__legaleval__shared_lora_widehead__seed44,RLC,0.5679012345679012,0.5287356321839081,0.5476190476190477,87.0
main,legalbert,8,16,legaleval,shared_lora_widehead,44,main__legalbert__r8a16__legaleval__shared_lora_widehead__seed44,RPC,0.7853658536585366,0.8341968911917098,0.8090452261306532,193.0
main,legalbert,8,16,legaleval,shared_lora_widehead,44,main__legalbert__r8a16__legaleval__shared_lora_widehead__seed44,STA,0.8571428571428571,0.711864406779661,0.7777777777777778,59.0
main,legalbert,8,16,marro_india,category_lora,42,main__legalbert__r8a16__marro_india__category_lora__seed42,ARG,0.7692307692307693,0.6666666666666666,0.7142857142857143,150.0
main,legalbert,8,16,marro_india,category_lora,42,main__legalbert__r8a16__marro_india__category_lora__seed42,FAC,0.6532399299474606,0.6720720720720721,0.6625222024866785,555.0
main,legalbert,8,16,marro_india,category_lora,42,main__legalbert__r8a16__marro_india__category_lora__seed42,PRE,0.753731343283582,0.2603092783505155,0.38697318007662834,388.0
main,legalbert,8,16,marro_india,category_lora,42,main__legalbert__r8a16__marro_india__category_lora__seed42,RATIO,0.5420369104579631,0.882091212458287,0.6714648602878917,899.0
main,legalbert,8,16,marro_india,category_lora,42,main__legalbert__r8a16__marro_india__category_lora__seed42,RLC,0.9230769230769231,0.06282722513089005,0.11764705882352941,191.0
main,legalbert,8,16,marro_india,category_lora,42,main__legalbert__r8a16__marro_india__category_lora__seed42,RPC,0.8604651162790697,0.3592233009708738,0.5068493150684932,103.0
main,legalbert,8,16,marro_india,category_lora,42,main__legalbert__r8a16__marro_india__category_lora__seed42,STA,0.8113207547169812,0.6142857142857143,0.6991869918699187,280.0
main,legalbert,8,16,marro_india,category_lora,43,main__legalbert__r8a16__marro_india__category_lora__seed43,ARG,0.7692307692307693,0.6666666666666666,0.7142857142857143,150.0
main,legalbert,8,16,marro_india,category_lora,43,main__legalbert__r8a16__marro_india__category_lora__seed43,FAC,0.6497175141242938,0.6216216216216216,0.6353591160220995,555.0
main,legalbert,8,16,marro_india,category_lora,43,main__legalbert__r8a16__marro_india__category_lora__seed43,PRE,0.6909090909090909,0.1958762886597938,0.30522088353413657,388.0
main,legalbert,8,16,marro_india,category_lora,43,main__legalbert__r8a16__marro_india__category_lora__seed43,RATIO,0.5069708491761724,0.8898776418242491,0.6459426725878078,899.0
main,legalbert,8,16,marro_india,category_lora,43,main__legalbert__r8a16__marro_india__category_lora__seed43,RLC,0.75,0.015706806282722512,0.03076923076923077,191.0
main,legalbert,8,16,marro_india,category_lora,43,main__legalbert__r8a16__marro_india__category_lora__seed43,RPC,0.8666666666666667,0.3786407766990291,0.527027027027027,103.0
main,legalbert,8,16,marro_india,category_lora,43,main__legalbert__r8a16__marro_india__category_lora__seed43,STA,0.8214285714285714,0.4928571428571429,0.6160714285714286,280.0
main,legalbert,8,16,marro_india,category_lora,44,main__legalbert__r8a16__marro_india__category_lora__seed44,ARG,0.7428571428571429,0.6933333333333334,0.7172413793103448,150.0
main,legalbert,8,16,marro_india,category_lora,44,main__legalbert__r8a16__marro_india__category_lora__seed44,FAC,0.6306913996627319,0.6738738738738739,0.6515679442508711,555.0
main,legalbert,8,16,marro_india,category_lora,44,main__legalbert__r8a16__marro_india__category_lora__seed44,PRE,0.7959183673469388,0.20103092783505155,0.32098765432098764,388.0
main,legalbert,8,16,marro_india,category_lora,44,main__legalbert__r8a16__marro_india__category_lora__seed44,RATIO,0.5344594594594595,0.8798665183537263,0.6649852879361076,899.0
main,legalbert,8,16,marro_india,category_lora,44,main__legalbert__r8a16__marro_india__category_lora__seed44,RLC,0.8571428571428571,0.031413612565445025,0.06060606060606061,191.0
main,legalbert,8,16,marro_india,category_lora,44,main__legalbert__r8a16__marro_india__category_lora__seed44,RPC,0.82,0.39805825242718446,0.5359477124183006,103.0
main,legalbert,8,16,marro_india,category_lora,44,main__legalbert__r8a16__marro_india__category_lora__seed44,STA,0.8181818181818182,0.5785714285714286,0.6778242677824268,280.0
main,legalbert,8,16,marro_india,frozen,42,main__legalbert__r8a16__marro_india__frozen__seed42,ARG,0.0,0.0,0.0,150.0
main,legalbert,8,16,marro_india,frozen,42,main__legalbert__r8a16__marro_india__frozen__seed42,FAC,0.6014492753623188,0.14954954954954955,0.23953823953823955,555.0
main,legalbert,8,16,marro_india,frozen,42,main__legalbert__r8a16__marro_india__frozen__seed42,PRE,0.0,0.0,0.0,388.0
main,legalbert,8,16,marro_india,frozen,42,main__legalbert__r8a16__marro_india__frozen__seed42,RATIO,0.36386138613861385,0.9810901001112347,0.5308456214264219,899.0
main,legalbert,8,16,marro_india,frozen,42,main__legalbert__r8a16__marro_india__frozen__seed42,RLC,0.0,0.0,0.0,191.0
main,legalbert,8,16,marro_india,frozen,42,main__legalbert__r8a16__marro_india__frozen__seed42,RPC,0.5,0.009708737864077669,0.01904761904761905,103.0
main,legalbert,8,16,marro_india,frozen,42,main__legalbert__r8a16__marro_india__frozen__seed42,STA,1.0,0.007142857142857143,0.014184397163120567,280.0
main,legalbert,8,16,marro_india,frozen,43,main__legalbert__r8a16__marro_india__frozen__seed43,ARG,0.0,0.0,0.0,150.0
main,legalbert,8,16,marro_india,frozen,43,main__legalbert__r8a16__marro_india__frozen__seed43,FAC,0.6333333333333333,0.13693693693693693,0.22518518518518518,555.0
main,legalbert,8,16,marro_india,frozen,43,main__legalbert__r8a16__marro_india__frozen__seed43,PRE,0.0,0.0,0.0,388.0
main,legalbert,8,16,marro_india,frozen,43,main__legalbert__r8a16__marro_india__frozen__seed43,RATIO,0.36244362443624434,0.9833147942157954,0.5296584781306172,899.0
main,legalbert,8,16,marro_india,frozen,43,main__legalbert__r8a16__marro_india__frozen__seed43,RLC,0.0,0.0,0.0,191.0
main,legalbert,8,16,marro_india,frozen,43,main__legalbert__r8a16__marro_india__frozen__seed43,RPC,0.0,0.0,0.0,103.0
main,legalbert,8,16,marro_india,frozen,43,main__legalbert__r8a16__marro_india__frozen__seed43,STA,0.8,0.014285714285714285,0.028070175438596492,280.0
main,legalbert,8,16,marro_india,frozen,44,main__legalbert__r8a16__marro_india__frozen__seed44,ARG,0.0,0.0,0.0,150.0
main,legalbert,8,16,marro_india,frozen,44,main__legalbert__r8a16__marro_india__frozen__seed44,FAC,0.5803108808290155,0.2018018018018018,0.2994652406417112,555.0
main,legalbert,8,16,marro_india,frozen,44,main__legalbert__r8a16__marro_india__frozen__seed44,PRE,0.0,0.0,0.0,388.0
main,legalbert,8,16,marro_india,frozen,44,main__legalbert__r8a16__marro_india__frozen__seed44,RATIO,0.36751054852320675,0.9688542825361512,0.5328846742122973,899.0
main,legalbert,8,16,marro_india,frozen,44,main__legalbert__r8a16__marro_india__frozen__seed44,RLC,0.0,0.0,0.0,191.0
main,legalbert,8,16,marro_india,frozen,44,main__legalbert__r8a16__marro_india__frozen__seed44,RPC,0.0,0.0,0.0,103.0
main,legalbert,8,16,marro_india,frozen,44,main__legalbert__r8a16__marro_india__frozen__seed44,STA,0.5,0.0035714285714285713,0.0070921985815602835,280.0
main,legalbert,8,16,marro_india,full_ft,42,main__legalbert__r8a16__marro_india__full_ft__seed42,ARG,0.75,0.72,0.7346938775510204,150.0
main,legalbert,8,16,marro_india,full_ft,42,main__legalbert__r8a16__marro_india__full_ft__seed42,FAC,0.70917225950783,0.5711711711711712,0.6327345309381237,555.0
main,legalbert,8,16,marro_india,full_ft,42,main__legalbert__r8a16__marro_india__full_ft__seed42,PRE,0.6866666666666666,0.2654639175257732,0.3828996282527881,388.0
main,legalbert,8,16,marro_india,full_ft,42,main__legalbert__r8a16__marro_india__full_ft__seed42,RATIO,0.530938123752495,0.8876529477196885,0.6644462947543713,899.0
main,legalbert,8,16,marro_india,full_ft,42,main__legalbert__r8a16__marro_india__full_ft__seed42,RLC,0.8181818181818182,0.14136125654450263,0.24107142857142858,191.0
main,legalbert,8,16,marro_india,full_ft,42,main__legalbert__r8a16__marro_india__full_ft__seed42,RPC,0.7735849056603774,0.39805825242718446,0.5256410256410257,103.0
main,legalbert,8,16,marro_india,full_ft,42,main__legalbert__r8a16__marro_india__full_ft__seed42,STA,0.8008474576271186,0.675,0.7325581395348837,280.0
main,legalbert,8,16,marro_india,full_ft,43,main__legalbert__r8a16__marro_india__full_ft__seed43,ARG,0.7152777777777778,0.6866666666666666,0.7006802721088435,150.0
main,legalbert,8,16,marro_india,full_ft,43,main__legalbert__r8a16__marro_india__full_ft__seed43,FAC,0.6277777777777778,0.6108108108108108,0.6191780821917808,555.0
main,legalbert,8,16,marro_india,full_ft,43,main__legalbert__r8a16__marro_india__full_ft__seed43,PRE,0.7272727272727273,0.28865979381443296,0.4132841328413284,388.0
main,legalbert,8,16,marro_india,full_ft,43,main__legalbert__r8a16__marro_india__full_ft__seed43,RATIO,0.5469187675070029,0.8687430478309233,0.6712505371723249,899.0
main,legalbert,8,16,marro_india,full_ft,43,main__legalbert__r8a16__marro_india__full_ft__seed43,RLC,0.9230769230769231,0.1256544502617801,0.22119815668202766,191.0
main,legalbert,8,16,marro_india,full_ft,43,main__legalbert__r8a16__marro_india__full_ft__seed43,RPC,0.8260869565217391,0.36893203883495146,0.5100671140939598,103.0
main,legalbert,8,16,marro_india,full_ft,43,main__legalbert__r8a16__marro_india__full_ft__seed43,STA,0.793859649122807,0.6464285714285715,0.7125984251968503,280.0
main,legalbert,8,16,marro_india,full_ft,44,main__legalbert__r8a16__marro_india__full_ft__seed44,ARG,0.7202797202797203,0.6866666666666666,0.7030716723549488,150.0
main,legalbert,8,16,marro_india,full_ft,44,main__legalbert__r8a16__marro_india__full_ft__seed44,FAC,0.6173285198555957,0.6162162162162163,0.6167718665464382,555.0
main,legalbert,8,16,marro_india,full_ft,44,main__legalbert__r8a16__marro_india__full_ft__seed44,PRE,0.6720430107526881,0.32216494845360827,0.4355400696864111,388.0
main,legalbert,8,16,marro_india,full_ft,44,main__legalbert__r8a16__marro_india__full_ft__seed44,RATIO,0.5447443181818182,0.8531701890989989,0.6649328131772865,899.0
main,legalbert,8,16,marro_india,full_ft,44,main__legalbert__r8a16__marro_india__full_ft__seed44,RLC,0.9333333333333333,0.07329842931937172,0.13592233009708737,191.0
main,legalbert,8,16,marro_india,full_ft,44,main__legalbert__r8a16__marro_india__full_ft__seed44,RPC,0.868421052631579,0.32038834951456313,0.46808510638297873,103.0
main,legalbert,8,16,marro_india,full_ft,44,main__legalbert__r8a16__marro_india__full_ft__seed44,STA,0.7972972972972973,0.6321428571428571,0.7051792828685259,280.0
main,legalbert,8,16,marro_india,role_adapter,42,main__legalbert__r8a16__marro_india__role_adapter__seed42,ARG,0.7692307692307693,0.6666666666666666,0.7142857142857143,150.0
main,legalbert,8,16,marro_india,role_adapter,42,main__legalbert__r8a16__marro_india__role_adapter__seed42,FAC,0.6521739130434783,0.5675675675675675,0.6069364161849711,555.0
main,legalbert,8,16,marro_india,role_adapter,42,main__legalbert__r8a16__marro_india__role_adapter__seed42,PRE,0.7101449275362319,0.25257731958762886,0.3726235741444867,388.0
main,legalbert,8,16,marro_india,role_adapter,42,main__legalbert__r8a16__marro_india__role_adapter__seed42,RATIO,0.5219922380336351,0.8976640711902113,0.660122699386503,899.0
main,legalbert,8,16,marro_india,role_adapter,42,main__legalbert__r8a16__marro_india__role_adapter__seed42,RLC,0.8333333333333334,0.05235602094240838,0.09852216748768473,191.0
main,legalbert,8,16,marro_india,role_adapter,42,main__legalbert__r8a16__marro_india__role_adapter__seed42,RPC,0.8367346938775511,0.39805825242718446,0.5394736842105263,103.0
main,legalbert,8,16,marro_india,role_adapter,42,main__legalbert__r8a16__marro_india__role_adapter__seed42,STA,0.8173076923076923,0.6071428571428571,0.6967213114754098,280.0
main,legalbert,8,16,marro_india,role_adapter,43,main__legalbert__r8a16__marro_india__role_adapter__seed43,ARG,0.7794117647058824,0.7066666666666667,0.7412587412587412,150.0
main,legalbert,8,16,marro_india,role_adapter,43,main__legalbert__r8a16__marro_india__role_adapter__seed43,FAC,0.649737302977233,0.6684684684684684,0.6589698046181173,555.0
main,legalbert,8,16,marro_india,role_adapter,43,main__legalbert__r8a16__marro_india__role_adapter__seed43,PRE,0.734375,0.2422680412371134,0.3643410852713178,388.0
main,legalbert,8,16,marro_india,role_adapter,43,main__legalbert__r8a16__marro_india__role_adapter__seed43,RATIO,0.5355677154582763,0.8709677419354839,0.6632782719186785,899.0
main,legalbert,8,16,marro_india,role_adapter,43,main__legalbert__r8a16__marro_india__role_adapter__seed43,RLC,0.9285714285714286,0.06806282722513089,0.12682926829268293,191.0
main,legalbert,8,16,marro_india,role_adapter,43,main__legalbert__r8a16__marro_india__role_adapter__seed43,RPC,0.8125,0.3786407766990291,0.5165562913907285,103.0
main,legalbert,8,16,marro_india,role_adapter,43,main__legalbert__r8a16__marro_india__role_adapter__seed43,STA,0.8164251207729468,0.6035714285714285,0.6940451745379876,280.0
main,legalbert,8,16,marro_india,role_adapter,44,main__legalbert__r8a16__marro_india__role_adapter__seed44,ARG,0.7647058823529411,0.6933333333333334,0.7272727272727273,150.0
main,legalbert,8,16,marro_india,role_adapter,44,main__legalbert__r8a16__marro_india__role_adapter__seed44,FAC,0.6407407407407407,0.6234234234234234,0.6319634703196347,555.0
main,legalbert,8,16,marro_india,role_adapter,44,main__legalbert__r8a16__marro_india__role_adapter__seed44,PRE,0.7288135593220338,0.22164948453608246,0.33992094861660077,388.0
main,legalbert,8,16,marro_india,role_adapter,44,main__legalbert__r8a16__marro_india__role_adapter__seed44,RATIO,0.5255570117955439,0.8921023359288098,0.6614432989690722,899.0
main,legalbert,8,16,marro_india,role_adapter,44,main__legalbert__r8a16__marro_india__role_adapter__seed44,RLC,0.7777777777777778,0.03664921465968586,0.07,191.0
main,legalbert,8,16,marro_india,role_adapter,44,main__legalbert__r8a16__marro_india__role_adapter__seed44,RPC,0.8636363636363636,0.36893203883495146,0.5170068027210885,103.0
main,legalbert,8,16,marro_india,role_adapter,44,main__legalbert__r8a16__marro_india__role_adapter__seed44,STA,0.8186528497409327,0.5642857142857143,0.6680761099365751,280.0
main,legalbert,8,16,marro_india,shared_lora,42,main__legalbert__r8a16__marro_india__shared_lora__seed42,ARG,0.7430555555555556,0.7133333333333334,0.7278911564625851,150.0
main,legalbert,8,16,marro_india,shared_lora,42,main__legalbert__r8a16__marro_india__shared_lora__seed42,FAC,0.6433962264150943,0.6144144144144145,0.6285714285714286,555.0
main,legalbert,8,16,marro_india,shared_lora,42,main__legalbert__r8a16__marro_india__shared_lora__seed42,PRE,0.7222222222222222,0.2345360824742268,0.3540856031128405,388.0
main,legalbert,8,16,marro_india,shared_lora,42,main__legalbert__r8a16__marro_india__shared_lora__seed42,RATIO,0.5262110152621101,0.882091212458287,0.6591853699085619,899.0
main,legalbert,8,16,marro_india,shared_lora,42,main__legalbert__r8a16__marro_india__shared_lora__seed42,RLC,1.0,0.02617801047120419,0.05102040816326531,191.0
main,legalbert,8,16,marro_india,shared_lora,42,main__legalbert__r8a16__marro_india__shared_lora__seed42,RPC,0.8163265306122449,0.3883495145631068,0.5263157894736842,103.0
main,legalbert,8,16,marro_india,shared_lora,42,main__legalbert__r8a16__marro_india__shared_lora__seed42,STA,0.8146341463414634,0.5964285714285714,0.688659793814433,280.0
main,legalbert,8,16,marro_india,shared_lora,43,main__legalbert__r8a16__marro_india__shared_lora__seed43,ARG,0.7681159420289855,0.7066666666666667,0.7361111111111112,150.0
main,legalbert,8,16,marro_india,shared_lora,43,main__legalbert__r8a16__marro_india__shared_lora__seed43,FAC,0.6347826086956522,0.6576576576576577,0.6460176991150443,555.0
main,legalbert,8,16,marro_india,shared_lora,43,main__legalbert__r8a16__marro_india__shared_lora__seed43,PRE,0.7127659574468085,0.17268041237113402,0.27800829875518673,388.0
main,legalbert,8,16,marro_india,shared_lora,43,main__legalbert__r8a16__marro_india__shared_lora__seed43,RATIO,0.525965379494008,0.8787541713014461,0.6580591420241566,899.0
main,legalbert,8,16,marro_india,shared_lora,43,main__legalbert__r8a16__marro_india__shared_lora__seed43,RLC,0.75,0.015706806282722512,0.03076923076923077,191.0
main,legalbert,8,16,marro_india,shared_lora,43,main__legalbert__r8a16__marro_india__shared_lora__seed43,RPC,0.8541666666666666,0.39805825242718446,0.543046357615894,103.0
main,legalbert,8,16,marro_india,shared_lora,43,main__legalbert__r8a16__marro_india__shared_lora__seed43,STA,0.7902439024390244,0.5785714285714286,0.668041237113402,280.0
main,legalbert,8,16,marro_india,shared_lora,44,main__legalbert__r8a16__marro_india__shared_lora__seed44,ARG,0.723404255319149,0.68,0.7010309278350515,150.0
main,legalbert,8,16,marro_india,shared_lora,44,main__legalbert__r8a16__marro_india__shared_lora__seed44,FAC,0.6302681992337165,0.5927927927927928,0.6109563602599815,555.0
main,legalbert,8,16,marro_india,shared_lora,44,main__legalbert__r8a16__marro_india__shared_lora__seed44,PRE,0.7215189873417721,0.14690721649484537,0.24411134903640258,388.0
main,legalbert,8,16,marro_india,shared_lora,44,main__legalbert__r8a16__marro_india__shared_lora__seed44,RATIO,0.5,0.9010011123470523,0.6431123461691147,899.0
main,legalbert,8,16,marro_india,shared_lora,44,main__legalbert__r8a16__marro_india__shared_lora__seed44,RLC,1.0,0.005235602094240838,0.010416666666666666,191.0
main,legalbert,8,16,marro_india,shared_lora,44,main__legalbert__r8a16__marro_india__shared_lora__seed44,RPC,0.8717948717948718,0.3300970873786408,0.4788732394366197,103.0
main,legalbert,8,16,marro_india,shared_lora,44,main__legalbert__r8a16__marro_india__shared_lora__seed44,STA,0.8414634146341463,0.4928571428571429,0.6216216216216216,280.0
main,legalbert,8,16,marro_india,shared_lora_widehead,42,main__legalbert__r8a16__marro_india__shared_lora_widehead__seed42,ARG,0.7446808510638298,0.7,0.7216494845360825,150.0
main,legalbert,8,16,marro_india,shared_lora_widehead,42,main__legalbert__r8a16__marro_india__shared_lora_widehead__seed42,FAC,0.6441048034934498,0.5315315315315315,0.5824284304047384,555.0
main,legalbert,8,16,marro_india,shared_lora_widehead,42,main__legalbert__r8a16__marro_india__shared_lora_widehead__seed42,PRE,0.696551724137931,0.2603092783505155,0.3789868667917448,388.0
main,legalbert,8,16,marro_india,shared_lora_widehead,42,main__legalbert__r8a16__marro_india__shared_lora_widehead__seed42,RATIO,0.5190691661279897,0.8932146829810901,0.6565821749795585,899.0
main,legalbert,8,16,marro_india,shared_lora_widehead,42,main__legalbert__r8a16__marro_india__shared_lora_widehead__seed42,RLC,0.9,0.04712041884816754,0.08955223880597014,191.0
main,legalbert,8,16,marro_india,shared_lora_widehead,42,main__legalbert__r8a16__marro_india__shared_lora_widehead__seed42,RPC,0.7636363636363637,0.4077669902912621,0.5316455696202531,103.0
main,legalbert,8,16,marro_india,shared_lora_widehead,42,main__legalbert__r8a16__marro_india__shared_lora_widehead__seed42,STA,0.8238095238095238,0.6178571428571429,0.7061224489795919,280.0
main,legalbert,8,16,marro_india,shared_lora_widehead,43,main__legalbert__r8a16__marro_india__shared_lora_widehead__seed43,ARG,0.7313432835820896,0.6533333333333333,0.6901408450704225,150.0
main,legalbert,8,16,marro_india,shared_lora_widehead,43,main__legalbert__r8a16__marro_india__shared_lora_widehead__seed43,FAC,0.6262626262626263,0.6702702702702703,0.6475195822454308,555.0
main,legalbert,8,16,marro_india,shared_lora_widehead,43,main__legalbert__r8a16__marro_india__shared_lora_widehead__seed43,PRE,0.768595041322314,0.23969072164948454,0.3654223968565815,388.0
main,legalbert,8,16,marro_india,shared_lora_widehead,43,main__legalbert__r8a16__marro_india__shared_lora_widehead__seed43,RATIO,0.5290148448043185,0.8720800889877642,0.6585468290634188,899.0
main,legalbert,8,16,marro_india,shared_lora_widehead,43,main__legalbert__r8a16__marro_india__shared_lora_widehead__seed43,RLC,1.0,0.015706806282722512,0.030927835051546393,191.0
main,legalbert,8,16,marro_india,shared_lora_widehead,43,main__legalbert__r8a16__marro_india__shared_lora_widehead__seed43,RPC,0.8695652173913043,0.3883495145631068,0.5369127516778524,103.0
main,legalbert,8,16,marro_india,shared_lora_widehead,43,main__legalbert__r8a16__marro_india__shared_lora_widehead__seed43,STA,0.7849462365591398,0.5214285714285715,0.6266094420600858,280.0
main,legalbert,8,16,marro_india,shared_lora_widehead,44,main__legalbert__r8a16__marro_india__shared_lora_widehead__seed44,ARG,0.762962962962963,0.6866666666666666,0.7228070175438597,150.0
main,legalbert,8,16,marro_india,shared_lora_widehead,44,main__legalbert__r8a16__marro_india__shared_lora_widehead__seed44,FAC,0.6169429097605893,0.6036036036036037,0.6102003642987249,555.0
main,legalbert,8,16,marro_india,shared_lora_widehead,44,main__legalbert__r8a16__marro_india__shared_lora_widehead__seed44,PRE,0.7363636363636363,0.20876288659793815,0.3253012048192771,388.0
main,legalbert,8,16,marro_india,shared_lora_widehead,44,main__legalbert__r8a16__marro_india__shared_lora_widehead__seed44,RATIO,0.5169491525423728,0.882091212458287,0.6518701191944102,899.0
main,legalbert,8,16,marro_india,shared_lora_widehead,44,main__legalbert__r8a16__marro_india__shared_lora_widehead__seed44,RLC,0.0,0.0,0.0,191.0
main,legalbert,8,16,marro_india,shared_lora_widehead,44,main__legalbert__r8a16__marro_india__shared_lora_widehead__seed44,RPC,0.8297872340425532,0.3786407766990291,0.52,103.0
main,legalbert,8,16,marro_india,shared_lora_widehead,44,main__legalbert__r8a16__marro_india__shared_lora_widehead__seed44,STA,0.8010204081632653,0.5607142857142857,0.6596638655462185,280.0
main,legalbert,8,16,marro_uk,category_lora,42,main__legalbert__r8a16__marro_uk__category_lora__seed42,ARG,0.4666666666666667,0.35,0.4,40.0
main,legalbert,8,16,marro_uk,category_lora,42,main__legalbert__r8a16__marro_uk__category_lora__seed42,FAC,0.48717948717948717,0.6897689768976898,0.5710382513661202,303.0
main,legalbert,8,16,marro_uk,category_lora,42,main__legalbert__r8a16__marro_uk__category_lora__seed42,PRE,0.4336283185840708,0.28994082840236685,0.3475177304964539,169.0
main,legalbert,8,16,marro_uk,category_lora,42,main__legalbert__r8a16__marro_uk__category_lora__seed42,RATIO,0.8459343794579173,0.7721354166666666,0.807351940095303,1536.0
main,legalbert,8,16,marro_uk,category_lora,42,main__legalbert__r8a16__marro_uk__category_lora__seed42,RLC,0.20930232558139536,0.225,0.21686746987951808,40.0
main,legalbert,8,16,marro_uk,category_lora,42,main__legalbert__r8a16__marro_uk__category_lora__seed42,RPC,0.4166666666666667,0.45454545454545453,0.43478260869565216,11.0
main,legalbert,8,16,marro_uk,category_lora,42,main__legalbert__r8a16__marro_uk__category_lora__seed42,STA,0.3673469387755102,0.7012987012987013,0.48214285714285715,77.0
main,legalbert,8,16,marro_uk,category_lora,43,main__legalbert__r8a16__marro_uk__category_lora__seed43,ARG,0.5217391304347826,0.3,0.38095238095238093,40.0
main,legalbert,8,16,marro_uk,category_lora,43,main__legalbert__r8a16__marro_uk__category_lora__seed43,FAC,0.5071090047393365,0.7062706270627063,0.5903448275862069,303.0
main,legalbert,8,16,marro_uk,category_lora,43,main__legalbert__r8a16__marro_uk__category_lora__seed43,PRE,0.43617021276595747,0.24260355029585798,0.311787072243346,169.0
main,legalbert,8,16,marro_uk,category_lora,43,main__legalbert__r8a16__marro_uk__category_lora__seed43,RATIO,0.8390243902439024,0.7838541666666666,0.8105015146415349,1536.0
main,legalbert,8,16,marro_uk,category_lora,43,main__legalbert__r8a16__marro_uk__category_lora__seed43,RLC,0.12195121951219512,0.125,0.12345679012345678,40.0
main,legalbert,8,16,marro_uk,category_lora,43,main__legalbert__r8a16__marro_uk__category_lora__seed43,RPC,0.42857142857142855,0.5454545454545454,0.48,11.0
main,legalbert,8,16,marro_uk,category_lora,43,main__legalbert__r8a16__marro_uk__category_lora__seed43,STA,0.3673469387755102,0.7012987012987013,0.48214285714285715,77.0
main,legalbert,8,16,marro_uk,category_lora,44,main__legalbert__r8a16__marro_uk__category_lora__seed44,ARG,0.4230769230769231,0.275,0.3333333333333333,40.0
main,legalbert,8,16,marro_uk,category_lora,44,main__legalbert__r8a16__marro_uk__category_lora__seed44,FAC,0.4929906542056075,0.6963696369636964,0.5772913816689467,303.0
main,legalbert,8,16,marro_uk,category_lora,44,main__legalbert__r8a16__marro_uk__category_lora__seed44,PRE,0.42201834862385323,0.27218934911242604,0.33093525179856115,169.0
main,legalbert,8,16,marro_uk,category_lora,44,main__legalbert__r8a16__marro_uk__category_lora__seed44,RATIO,0.8433048433048433,0.7708333333333334,0.8054421768707483,1536.0
main,legalbert,8,16,marro_uk,category_lora,44,main__legalbert__r8a16__marro_uk__category_lora__seed44,RLC,0.23404255319148937,0.275,0.25287356321839083,40.0
main,legalbert,8,16,marro_uk,category_lora,44,main__legalbert__r8a16__marro_uk__category_lora__seed44,RPC,0.5,0.6363636363636364,0.56,11.0
main,legalbert,8,16,marro_uk,category_lora,44,main__legalbert__r8a16__marro_uk__category_lora__seed44,STA,0.3783783783783784,0.7272727272727273,0.49777777777777776,77.0
main,legalbert,8,16,marro_uk,frozen,42,main__legalbert__r8a16__marro_uk__frozen__seed42,ARG,0.0,0.0,0.0,40.0
main,legalbert,8,16,marro_uk,frozen,42,main__legalbert__r8a16__marro_uk__frozen__seed42,FAC,0.5,0.013201320132013201,0.02572347266881029,303.0
main,legalbert,8,16,marro_uk,frozen,42,main__legalbert__r8a16__marro_uk__frozen__seed42,PRE,0.0,0.0,0.0,169.0
main,legalbert,8,16,marro_uk,frozen,42,main__legalbert__r8a16__marro_uk__frozen__seed42,RATIO,0.7069681587448085,0.9973958333333334,0.8274372130704833,1536.0
main,legalbert,8,16,marro_uk,frozen,42,main__legalbert__r8a16__marro_uk__frozen__seed42,RLC,0.0,0.0,0.0,40.0
main,legalbert,8,16,marro_uk,frozen,42,main__legalbert__r8a16__marro_uk__frozen__seed42,RPC,0.0,0.0,0.0,11.0
main,legalbert,8,16,marro_uk,frozen,42,main__legalbert__r8a16__marro_uk__frozen__seed42,STA,0.0,0.0,0.0,77.0
main,legalbert,8,16,marro_uk,frozen,43,main__legalbert__r8a16__marro_uk__frozen__seed43,ARG,0.0,0.0,0.0,40.0
main,legalbert,8,16,marro_uk,frozen,43,main__legalbert__r8a16__marro_uk__frozen__seed43,FAC,0.6666666666666666,0.026402640264026403,0.050793650793650794,303.0
main,legalbert,8,16,marro_uk,frozen,43,main__legalbert__r8a16__marro_uk__frozen__seed43,PRE,0.0,0.0,0.0,169.0
main,legalbert,8,16,marro_uk,frozen,43,main__legalbert__r8a16__marro_uk__frozen__seed43,RATIO,0.7079482439926063,0.9973958333333334,0.8281081081081081,1536.0
main,legalbert,8,16,marro_uk,frozen,43,main__legalbert__r8a16__marro_uk__frozen__seed43,RLC,0.0,0.0,0.0,40.0
main,legalbert,8,16,marro_uk,frozen,43,main__legalbert__r8a16__marro_uk__frozen__seed43,RPC,0.0,0.0,0.0,11.0
main,legalbert,8,16,marro_uk,frozen,43,main__legalbert__r8a16__marro_uk__frozen__seed43,STA,0.0,0.0,0.0,77.0
main,legalbert,8,16,marro_uk,frozen,44,main__legalbert__r8a16__marro_uk__frozen__seed44,ARG,0.0,0.0,0.0,40.0
main,legalbert,8,16,marro_uk,frozen,44,main__legalbert__r8a16__marro_uk__frozen__seed44,FAC,0.7317073170731707,0.09900990099009901,0.1744186046511628,303.0
main,legalbert,8,16,marro_uk,frozen,44,main__legalbert__r8a16__marro_uk__frozen__seed44,PRE,0.0,0.0,0.0,169.0
main,legalbert,8,16,marro_uk,frozen,44,main__legalbert__r8a16__marro_uk__frozen__seed44,RATIO,0.7146204311152765,0.9928385416666666,0.8310626702997275,1536.0
main,legalbert,8,16,marro_uk,frozen,44,main__legalbert__r8a16__marro_uk__frozen__seed44,RLC,0.0,0.0,0.0,40.0
main,legalbert,8,16,marro_uk,frozen,44,main__legalbert__r8a16__marro_uk__frozen__seed44,RPC,0.0,0.0,0.0,11.0
main,legalbert,8,16,marro_uk,frozen,44,main__legalbert__r8a16__marro_uk__frozen__seed44,STA,0.0,0.0,0.0,77.0
main,legalbert,8,16,marro_uk,full_ft,42,main__legalbert__r8a16__marro_uk__full_ft__seed42,ARG,0.3793103448275862,0.275,0.3188405797101449,40.0
main,legalbert,8,16,marro_uk,full_ft,42,main__legalbert__r8a16__marro_uk__full_ft__seed42,FAC,0.45180722891566266,0.7425742574257426,0.5617977528089888,303.0
main,legalbert,8,16,marro_uk,full_ft,42,main__legalbert__r8a16__marro_uk__full_ft__seed42,PRE,0.30864197530864196,0.4437869822485207,0.3640776699029126,169.0
main,legalbert,8,16,marro_uk,full_ft,42,main__legalbert__r8a16__marro_uk__full_ft__seed42,RATIO,0.8798245614035087,0.6529947916666666,0.749626307922272,1536.0
main,legalbert,8,16,marro_uk,full_ft,42,main__legalbert__r8a16__marro_uk__full_ft__seed42,RLC,0.18518518518518517,0.25,0.2127659574468085,40.0
main,legalbert,8,16,marro_uk,full_ft,42,main__legalbert__r8a16__marro_uk__full_ft__seed42,RPC,0.4,0.5454545454545454,0.46153846153846156,11.0
main,legalbert,8,16,marro_uk,full_ft,42,main__legalbert__r8a16__marro_uk__full_ft__seed42,STA,0.30456852791878175,0.7792207792207793,0.43795620437956206,77.0
main,legalbert,8,16,marro_uk,full_ft,43,main__legalbert__r8a16__marro_uk__full_ft__seed43,ARG,0.3783783783783784,0.35,0.36363636363636365,40.0
main,legalbert,8,16,marro_uk,full_ft,43,main__legalbert__r8a16__marro_uk__full_ft__seed43,FAC,0.4785714285714286,0.6633663366336634,0.5560165975103735,303.0
main,legalbert,8,16,marro_uk,full_ft,43,main__legalbert__r8a16__marro_uk__full_ft__seed43,PRE,0.30726256983240224,0.3254437869822485,0.3160919540229885,169.0
main,legalbert,8,16,marro_uk,full_ft,43,main__legalbert__r8a16__marro_uk__full_ft__seed43,RATIO,0.8465608465608465,0.7291666666666666,0.7834907310248339,1536.0
main,legalbert,8,16,marro_uk,full_ft,43,main__legalbert__r8a16__marro_uk__full_ft__seed43,RLC,0.1875,0.225,0.20454545454545456,40.0
main,legalbert,8,16,marro_uk,full_ft,43,main__legalbert__r8a16__marro_uk__full_ft__seed43,RPC,0.4666666666666667,0.6363636363636364,0.5384615384615384,11.0
main,legalbert,8,16,marro_uk,full_ft,43,main__legalbert__r8a16__marro_uk__full_ft__seed43,STA,0.33116883116883117,0.6623376623376623,0.44155844155844154,77.0
main,legalbert,8,16,marro_uk,full_ft,44,main__legalbert__r8a16__marro_uk__full_ft__seed44,ARG,0.38461538461538464,0.375,0.379746835443038,40.0
main,legalbert,8,16,marro_uk,full_ft,44,main__legalbert__r8a16__marro_uk__full_ft__seed44,FAC,0.4618937644341801,0.6600660066006601,0.5434782608695652,303.0
main,legalbert,8,16,marro_uk,full_ft,44,main__legalbert__r8a16__marro_uk__full_ft__seed44,PRE,0.2782608695652174,0.378698224852071,0.3208020050125313,169.0
main,legalbert,8,16,marro_uk,full_ft,44,main__legalbert__r8a16__marro_uk__full_ft__seed44,RATIO,0.8557457212713936,0.68359375,0.760043431053203,1536.0
main,legalbert,8,16,marro_uk,full_ft,44,main__legalbert__r8a16__marro_uk__full_ft__seed44,RLC,0.2127659574468085,0.25,0.22988505747126436,40.0
main,legalbert,8,16,marro_uk,full_ft,44,main__legalbert__r8a16__marro_uk__full_ft__seed44,RPC,0.46153846153846156,0.5454545454545454,0.5,11.0
main,legalbert,8,16,marro_uk,full_ft,44,main__legalbert__r8a16__marro_uk__full_ft__seed44,STA,0.3048128342245989,0.7402597402597403,0.4318181818181818,77.0
main,legalbert,8,16,marro_uk,role_adapter,42,main__legalbert__r8a16__marro_uk__role_adapter__seed42,ARG,0.4375,0.35,0.3888888888888889,40.0
main,legalbert,8,16,marro_uk,role_adapter,42,main__legalbert__r8a16__marro_uk__role_adapter__seed42,FAC,0.5023809523809524,0.6963696369636964,0.5836791147994468,303.0
main,legalbert,8,16,marro_uk,role_adapter,42,main__legalbert__r8a16__marro_uk__role_adapter__seed42,PRE,0.41025641025641024,0.28402366863905326,0.3356643356643357,169.0
main,legalbert,8,16,marro_uk,role_adapter,42,main__legalbert__r8a16__marro_uk__role_adapter__seed42,RATIO,0.8524590163934426,0.7786458333333334,0.8138822728819326,1536.0
main,legalbert,8,16,marro_uk,role_adapter,42,main__legalbert__r8a16__marro_uk__role_adapter__seed42,RLC,0.2,0.225,0.21176470588235294,40.0
main,legalbert,8,16,marro_uk,role_adapter,42,main__legalbert__r8a16__marro_uk__role_adapter__seed42,RPC,0.5555555555555556,0.45454545454545453,0.5,11.0
main,legalbert,8,16,marro_uk,role_adapter,42,main__legalbert__r8a16__marro_uk__role_adapter__seed42,STA,0.38,0.7402597402597403,0.5022026431718062,77.0
main,legalbert,8,16,marro_uk,role_adapter,43,main__legalbert__r8a16__marro_uk__role_adapter__seed43,ARG,0.5,0.3,0.375,40.0
main,legalbert,8,16,marro_uk,role_adapter,43,main__legalbert__r8a16__marro_uk__role_adapter__seed43,FAC,0.49078341013824883,0.7029702970297029,0.5780189959294437,303.0
main,legalbert,8,16,marro_uk,role_adapter,43,main__legalbert__r8a16__marro_uk__role_adapter__seed43,PRE,0.422680412371134,0.24260355029585798,0.3082706766917293,169.0
main,legalbert,8,16,marro_uk,role_adapter,43,main__legalbert__r8a16__marro_uk__role_adapter__seed43,RATIO,0.8401408450704225,0.7766927083333334,0.8071718538565629,1536.0
main,legalbert,8,16,marro_uk,role_adapter,43,main__legalbert__r8a16__marro_uk__role_adapter__seed43,RLC,0.21621621621621623,0.2,0.2077922077922078,40.0
main,legalbert,8,16,marro_uk,role_adapter,43,main__legalbert__r8a16__marro_uk__role_adapter__seed43,RPC,0.42857142857142855,0.5454545454545454,0.48,11.0
main,legalbert,8,16,marro_uk,role_adapter,43,main__legalbert__r8a16__marro_uk__role_adapter__seed43,STA,0.38,0.7402597402597403,0.5022026431718062,77.0
main,legalbert,8,16,marro_uk,role_adapter,44,main__legalbert__r8a16__marro_uk__role_adapter__seed44,ARG,0.5,0.325,0.3939393939393939,40.0
main,legalbert,8,16,marro_uk,role_adapter,44,main__legalbert__r8a16__marro_uk__role_adapter__seed44,FAC,0.5036496350364964,0.6831683168316832,0.5798319327731093,303.0
main,legalbert,8,16,marro_uk,role_adapter,44,main__legalbert__r8a16__marro_uk__role_adapter__seed44,PRE,0.41739130434782606,0.28402366863905326,0.3380281690140845,169.0
main,legalbert,8,16,marro_uk,role_adapter,44,main__legalbert__r8a16__marro_uk__role_adapter__seed44,RATIO,0.8447293447293447,0.7721354166666666,0.8068027210884354,1536.0
main,legalbert,8,16,marro_uk,role_adapter,44,main__legalbert__r8a16__marro_uk__role_adapter__seed44,RLC,0.19148936170212766,0.225,0.20689655172413793,40.0
main,legalbert,8,16,marro_uk,role_adapter,44,main__legalbert__r8a16__marro_uk__role_adapter__seed44,RPC,0.4375,0.6363636363636364,0.5185185185185185,11.0
main,legalbert,8,16,marro_uk,role_adapter,44,main__legalbert__r8a16__marro_uk__role_adapter__seed44,STA,0.3503184713375796,0.7142857142857143,0.4700854700854701,77.0
main,legalbert,8,16,marro_uk,shared_lora,42,main__legalbert__r8a16__marro_uk__shared_lora__seed42,ARG,0.6666666666666666,0.15,0.24489795918367346,40.0
main,legalbert,8,16,marro_uk,shared_lora,42,main__legalbert__r8a16__marro_uk__shared_lora__seed42,FAC,0.48034934497816595,0.7260726072607261,0.5781865965834428,303.0
main,legalbert,8,16,marro_uk,shared_lora,42,main__legalbert__r8a16__marro_uk__shared_lora__seed42,PRE,0.4423076923076923,0.13609467455621302,0.2081447963800905,169.0
main,legalbert,8,16,marro_uk,shared_lora,42,main__legalbert__r8a16__marro_uk__shared_lora__seed42,RATIO,0.8312841530054644,0.7923177083333334,0.8113333333333334,1536.0
main,legalbert,8,16,marro_uk,shared_lora,42,main__legalbert__r8a16__marro_uk__shared_lora__seed42,RLC,0.16129032258064516,0.125,0.14084507042253522,40.0
main,legalbert,8,16,marro_uk,shared_lora,42,main__legalbert__r8a16__marro_uk__shared_lora__seed42,RPC,1.0,0.18181818181818182,0.3076923076923077,11.0
main,legalbert,8,16,marro_uk,shared_lora,42,main__legalbert__r8a16__marro_uk__shared_lora__seed42,STA,0.36875,0.7662337662337663,0.4978902953586498,77.0
main,legalbert,8,16,marro_uk,shared_lora,43,main__legalbert__r8a16__marro_uk__shared_lora__seed43,ARG,0.0,0.0,0.0,40.0
main,legalbert,8,16,marro_uk,shared_lora,43,main__legalbert__r8a16__marro_uk__shared_lora__seed43,FAC,0.4966442953020134,0.7326732673267327,0.592,303.0
main,legalbert,8,16,marro_uk,shared_lora,43,main__legalbert__r8a16__marro_uk__shared_lora__seed43,PRE,0.38636363636363635,0.20118343195266272,0.26459143968871596,169.0
main,legalbert,8,16,marro_uk,shared_lora,43,main__legalbert__r8a16__marro_uk__shared_lora__seed43,RATIO,0.8422515635858235,0.7890625,0.8147899159663865,1536.0
main,legalbert,8,16,marro_uk,shared_lora,43,main__legalbert__r8a16__marro_uk__shared_lora__seed43,RLC,0.10344827586206896,0.075,0.08695652173913043,40.0
main,legalbert,8,16,marro_uk,shared_lora,43,main__legalbert__r8a16__marro_uk__shared_lora__seed43,RPC,0.8571428571428571,0.5454545454545454,0.6666666666666666,11.0
main,legalbert,8,16,marro_uk,shared_lora,43,main__legalbert__r8a16__marro_uk__shared_lora__seed43,STA,0.3674698795180723,0.7922077922077922,0.5020576131687243,77.0
main,legalbert,8,16,marro_uk,shared_lora,44,main__legalbert__r8a16__marro_uk__shared_lora__seed44,ARG,0.0,0.0,0.0,40.0
main,legalbert,8,16,marro_uk,shared_lora,44,main__legalbert__r8a16__marro_uk__shared_lora__seed44,FAC,0.45869565217391306,0.6963696369636964,0.5530799475753604,303.0
main,legalbert,8,16,marro_uk,shared_lora,44,main__legalbert__r8a16__marro_uk__shared_lora__seed44,PRE,0.3855421686746988,0.1893491124260355,0.25396825396825395,169.0
main,legalbert,8,16,marro_uk,shared_lora,44,main__legalbert__r8a16__marro_uk__shared_lora__seed44,RATIO,0.8341429562803608,0.7825520833333334,0.8075243533758818,1536.0
main,legalbert,8,16,marro_uk,shared_lora,44,main__legalbert__r8a16__marro_uk__shared_lora__seed44,RLC,0.15,0.075,0.1,40.0
main,legalbert,8,16,marro_uk,shared_lora,44,main__legalbert__r8a16__marro_uk__shared_lora__seed44,RPC,0.5,0.6363636363636364,0.56,11.0
main,legalbert,8,16,marro_uk,shared_lora,44,main__legalbert__r8a16__marro_uk__shared_lora__seed44,STA,0.36774193548387096,0.7402597402597403,0.49137931034482757,77.0
main,legalbert,8,16,marro_uk,shared_lora_widehead,42,main__legalbert__r8a16__marro_uk__shared_lora_widehead__seed42,ARG,0.4444444444444444,0.3,0.3582089552238806,40.0
main,legalbert,8,16,marro_uk,shared_lora_widehead,42,main__legalbert__r8a16__marro_uk__shared_lora_widehead__seed42,FAC,0.501187648456057,0.6963696369636964,0.5828729281767956,303.0
main,legalbert,8,16,marro_uk,shared_lora_widehead,42,main__legalbert__r8a16__marro_uk__shared_lora_widehead__seed42,PRE,0.41284403669724773,0.26627218934911245,0.3237410071942446,169.0
main,legalbert,8,16,marro_uk,shared_lora_widehead,42,main__legalbert__r8a16__marro_uk__shared_lora_widehead__seed42,RATIO,0.8411806043569923,0.779296875,0.8090571138898276,1536.0
main,legalbert,8,16,marro_uk,shared_lora_widehead,42,main__legalbert__r8a16__marro_uk__shared_lora_widehead__seed42,RLC,0.25,0.225,0.23684210526315788,40.0
main,legalbert,8,16,marro_uk,shared_lora_widehead,42,main__legalbert__r8a16__marro_uk__shared_lora_widehead__seed42,RPC,0.5384615384615384,0.6363636363636364,0.5833333333333334,11.0
main,legalbert,8,16,marro_uk,shared_lora_widehead,42,main__legalbert__r8a16__marro_uk__shared_lora_widehead__seed42,STA,0.38095238095238093,0.7272727272727273,0.5,77.0
main,legalbert,8,16,marro_uk,shared_lora_widehead,43,main__legalbert__r8a16__marro_uk__shared_lora_widehead__seed43,ARG,0.48,0.3,0.36923076923076925,40.0
main,legalbert,8,16,marro_uk,shared_lora_widehead,43,main__legalbert__r8a16__marro_uk__shared_lora_widehead__seed43,FAC,0.4888888888888889,0.7260726072607261,0.5843293492695883,303.0
main,legalbert,8,16,marro_uk,shared_lora_widehead,43,main__legalbert__r8a16__marro_uk__shared_lora_widehead__seed43,PRE,0.4268292682926829,0.20710059171597633,0.2788844621513944,169.0
main,legalbert,8,16,marro_uk,shared_lora_widehead,43,main__legalbert__r8a16__marro_uk__shared_lora_widehead__seed43,RATIO,0.8453463960811757,0.7864583333333334,0.8148397976391231,1536.0
main,legalbert,8,16,marro_uk,shared_lora_widehead,43,main__legalbert__r8a16__marro_uk__shared_lora_widehead__seed43,RLC,0.16666666666666666,0.1,0.125,40.0
main,legalbert,8,16,marro_uk,shared_lora_widehead,43,main__legalbert__r8a16__marro_uk__shared_lora_widehead__seed43,RPC,0.6,0.5454545454545454,0.5714285714285714,11.0
main,legalbert,8,16,marro_uk,shared_lora_widehead,43,main__legalbert__r8a16__marro_uk__shared_lora_widehead__seed43,STA,0.38461538461538464,0.7792207792207793,0.5150214592274678,77.0
main,legalbert,8,16,marro_uk,shared_lora_widehead,44,main__legalbert__r8a16__marro_uk__shared_lora_widehead__seed44,ARG,0.375,0.15,0.21428571428571427,40.0
main,legalbert,8,16,marro_uk,shared_lora_widehead,44,main__legalbert__r8a16__marro_uk__shared_lora_widehead__seed44,FAC,0.49521531100478466,0.6831683168316832,0.5742024965325936,303.0
main,legalbert,8,16,marro_uk,shared_lora_widehead,44,main__legalbert__r8a16__marro_uk__shared_lora_widehead__seed44,PRE,0.3979591836734694,0.23076923076923078,0.29213483146067415,169.0
main,legalbert,8,16,marro_uk,shared_lora_widehead,44,main__legalbert__r8a16__marro_uk__shared_lora_widehead__seed44,RATIO,0.8371290545203589,0.7897135416666666,0.8127303182579565,1536.0
main,legalbert,8,16,marro_uk,shared_lora_widehead,44,main__legalbert__r8a16__marro_uk__shared_lora_widehead__seed44,RLC,0.20689655172413793,0.15,0.17391304347826086,40.0
main,legalbert,8,16,marro_uk,shared_lora_widehead,44,main__legalbert__r8a16__marro_uk__shared_lora_widehead__seed44,RPC,0.46153846153846156,0.5454545454545454,0.5,11.0
main,legalbert,8,16,marro_uk,shared_lora_widehead,44,main__legalbert__r8a16__marro_uk__shared_lora_widehead__seed44,STA,0.3790849673202614,0.7532467532467533,0.5043478260869565,77.0
mechanistic,inlegalbert,8,16,iltur_cl,true_category_lora,42,mechanistic__inlegalbert__r8a16__iltur_cl__true_category_lora__seed42,ARG,0.5853658536585366,0.7272727272727273,0.6486486486486487,198.0
mechanistic,inlegalbert,8,16,iltur_cl,true_category_lora,42,mechanistic__inlegalbert__r8a16__iltur_cl__true_category_lora__seed42,FAC,0.5435356200527705,0.8408163265306122,0.6602564102564102,245.0
mechanistic,inlegalbert,8,16,iltur_cl,true_category_lora,42,mechanistic__inlegalbert__r8a16__iltur_cl__true_category_lora__seed42,PRE,0.5714285714285714,0.5301204819277109,0.55,249.0
mechanistic,inlegalbert,8,16,iltur_cl,true_category_lora,42,mechanistic__inlegalbert__r8a16__iltur_cl__true_category_lora__seed42,RATIO,0.6392156862745098,0.37644341801385683,0.4738372093023256,433.0
mechanistic,inlegalbert,8,16,iltur_cl,true_category_lora,42,mechanistic__inlegalbert__r8a16__iltur_cl__true_category_lora__seed42,RLC,0.0,0.0,0.0,23.0
mechanistic,inlegalbert,8,16,iltur_cl,true_category_lora,42,mechanistic__inlegalbert__r8a16__iltur_cl__true_category_lora__seed42,RPC,0.3125,0.8333333333333334,0.45454545454545453,12.0
mechanistic,inlegalbert,8,16,iltur_cl,true_category_lora,42,mechanistic__inlegalbert__r8a16__iltur_cl__true_category_lora__seed42,STA,0.7837837837837838,0.6823529411764706,0.7295597484276729,85.0
mechanistic,inlegalbert,8,16,iltur_it,true_category_lora,42,mechanistic__inlegalbert__r8a16__iltur_it__true_category_lora__seed42,ARG,0.6770833333333334,0.6074766355140186,0.6403940886699507,107.0
mechanistic,inlegalbert,8,16,iltur_it,true_category_lora,42,mechanistic__inlegalbert__r8a16__iltur_it__true_category_lora__seed42,FAC,0.7464788732394366,0.8091603053435115,0.7765567765567766,131.0
mechanistic,inlegalbert,8,16,iltur_it,true_category_lora,42,mechanistic__inlegalbert__r8a16__iltur_it__true_category_lora__seed42,PRE,0.6826923076923077,0.5,0.5772357723577236,142.0
mechanistic,inlegalbert,8,16,iltur_it,true_category_lora,42,mechanistic__inlegalbert__r8a16__iltur_it__true_category_lora__seed42,RATIO,0.4806201550387597,0.7380952380952381,0.5821596244131455,168.0
mechanistic,inlegalbert,8,16,iltur_it,true_category_lora,42,mechanistic__inlegalbert__r8a16__iltur_it__true_category_lora__seed42,RLC,0.7941176470588235,0.28125,0.4153846153846154,96.0
mechanistic,inlegalbert,8,16,iltur_it,true_category_lora,42,mechanistic__inlegalbert__r8a16__iltur_it__true_category_lora__seed42,RPC,0.47368421052631576,0.8571428571428571,0.6101694915254238,21.0
mechanistic,inlegalbert,8,16,iltur_it,true_category_lora,42,mechanistic__inlegalbert__r8a16__iltur_it__true_category_lora__seed42,STA,0.8333333333333334,0.7731958762886598,0.8021390374331551,97.0
mechanistic,inlegalbert,8,16,legaleval,true_category_lora,42,mechanistic__inlegalbert__r8a16__legaleval__true_category_lora__seed42,ARG,0.7767295597484277,0.7373134328358208,0.7565084226646248,335.0
mechanistic,inlegalbert,8,16,legaleval,true_category_lora,42,mechanistic__inlegalbert__r8a16__legaleval__true_category_lora__seed42,FAC,0.8742071881606766,0.9048140043763676,0.889247311827957,914.0
mechanistic,inlegalbert,8,16,legaleval,true_category_lora,42,mechanistic__inlegalbert__r8a16__legaleval__true_category_lora__seed42,PRE,0.7151515151515152,0.8309859154929577,0.7687296416938111,142.0
mechanistic,inlegalbert,8,16,legaleval,true_category_lora,42,mechanistic__inlegalbert__r8a16__legaleval__true_category_lora__seed42,RATIO,0.6831683168316832,0.5348837209302325,0.6,129.0
mechanistic,inlegalbert,8,16,legaleval,true_category_lora,42,mechanistic__inlegalbert__r8a16__legaleval__true_category_lora__seed42,RLC,0.6790123456790124,0.632183908045977,0.6547619047619048,87.0
mechanistic,inlegalbert,8,16,legaleval,true_category_lora,42,mechanistic__inlegalbert__r8a16__legaleval__true_category_lora__seed42,RPC,0.851063829787234,0.8290155440414507,0.8398950131233596,193.0
mechanistic,inlegalbert,8,16,legaleval,true_category_lora,42,mechanistic__inlegalbert__r8a16__legaleval__true_category_lora__seed42,STA,0.8666666666666667,0.8813559322033898,0.8739495798319328,59.0
mechanistic,inlegalbert,8,16,marro_india,true_category_lora,42,mechanistic__inlegalbert__r8a16__marro_india__true_category_lora__seed42,ARG,0.7372262773722628,0.6733333333333333,0.7038327526132404,150.0
mechanistic,inlegalbert,8,16,marro_india,true_category_lora,42,mechanistic__inlegalbert__r8a16__marro_india__true_category_lora__seed42,FAC,0.6610738255033557,0.7099099099099099,0.684622067767159,555.0
mechanistic,inlegalbert,8,16,marro_india,true_category_lora,42,mechanistic__inlegalbert__r8a16__marro_india__true_category_lora__seed42,PRE,0.7619047619047619,0.28865979381443296,0.41869158878504675,388.0
mechanistic,inlegalbert,8,16,marro_india,true_category_lora,42,mechanistic__inlegalbert__r8a16__marro_india__true_category_lora__seed42,RATIO,0.5717439293598234,0.864293659621802,0.6882196634189548,899.0
mechanistic,inlegalbert,8,16,marro_india,true_category_lora,42,mechanistic__inlegalbert__r8a16__marro_india__true_category_lora__seed42,RLC,0.8888888888888888,0.041884816753926704,0.08,191.0
mechanistic,inlegalbert,8,16,marro_india,true_category_lora,42,mechanistic__inlegalbert__r8a16__marro_india__true_category_lora__seed42,RPC,0.8333333333333334,0.3883495145631068,0.5298013245033113,103.0
mechanistic,inlegalbert,8,16,marro_india,true_category_lora,42,mechanistic__inlegalbert__r8a16__marro_india__true_category_lora__seed42,STA,0.8148148148148148,0.7857142857142857,0.8,280.0
mechanistic,inlegalbert,8,16,marro_uk,true_category_lora,42,mechanistic__inlegalbert__r8a16__marro_uk__true_category_lora__seed42,ARG,0.4,0.3,0.34285714285714286,40.0
mechanistic,inlegalbert,8,16,marro_uk,true_category_lora,42,mechanistic__inlegalbert__r8a16__marro_uk__true_category_lora__seed42,FAC,0.4792626728110599,0.6864686468646864,0.5644504748982361,303.0
mechanistic,inlegalbert,8,16,marro_uk,true_category_lora,42,mechanistic__inlegalbert__r8a16__marro_uk__true_category_lora__seed42,PRE,0.3873239436619718,0.3254437869822485,0.3536977491961415,169.0
mechanistic,inlegalbert,8,16,marro_uk,true_category_lora,42,mechanistic__inlegalbert__r8a16__marro_uk__true_category_lora__seed42,RATIO,0.8528974739970282,0.7473958333333334,0.7966689798750868,1536.0
mechanistic,inlegalbert,8,16,marro_uk,true_category_lora,42,mechanistic__inlegalbert__r8a16__marro_uk__true_category_lora__seed42,RLC,0.1794871794871795,0.175,0.17721518987341772,40.0
mechanistic,inlegalbert,8,16,marro_uk,true_category_lora,42,mechanistic__inlegalbert__r8a16__marro_uk__true_category_lora__seed42,RPC,0.4666666666666667,0.6363636363636364,0.5384615384615384,11.0
mechanistic,inlegalbert,8,16,marro_uk,true_category_lora,42,mechanistic__inlegalbert__r8a16__marro_uk__true_category_lora__seed42,STA,0.3588235294117647,0.7922077922077922,0.4939271255060729,77.0
rank,inlegalbert,16,32,iltur_cl,category_lora,42,rank__inlegalbert__r16a32__iltur_cl__category_lora__seed42,ARG,0.6650943396226415,0.7121212121212122,0.6878048780487804,198.0
rank,inlegalbert,16,32,iltur_cl,category_lora,42,rank__inlegalbert__r16a32__iltur_cl__category_lora__seed42,FAC,0.5738161559888579,0.8408163265306122,0.6821192052980133,245.0
rank,inlegalbert,16,32,iltur_cl,category_lora,42,rank__inlegalbert__r16a32__iltur_cl__category_lora__seed42,PRE,0.6047619047619047,0.5100401606425703,0.5533769063180828,249.0
rank,inlegalbert,16,32,iltur_cl,category_lora,42,rank__inlegalbert__r16a32__iltur_cl__category_lora__seed42,RATIO,0.6532951289398281,0.5265588914549654,0.5831202046035806,433.0
rank,inlegalbert,16,32,iltur_cl,category_lora,42,rank__inlegalbert__r16a32__iltur_cl__category_lora__seed42,RLC,0.038461538461538464,0.043478260869565216,0.04081632653061224,23.0
rank,inlegalbert,16,32,iltur_cl,category_lora,42,rank__inlegalbert__r16a32__iltur_cl__category_lora__seed42,RPC,0.45454545454545453,0.8333333333333334,0.5882352941176471,12.0
rank,inlegalbert,16,32,iltur_cl,category_lora,42,rank__inlegalbert__r16a32__iltur_cl__category_lora__seed42,STA,0.8507462686567164,0.6705882352941176,0.75,85.0
rank,inlegalbert,16,32,iltur_cl,role_adapter,42,rank__inlegalbert__r16a32__iltur_cl__role_adapter__seed42,ARG,0.6727272727272727,0.7474747474747475,0.7081339712918661,198.0
rank,inlegalbert,16,32,iltur_cl,role_adapter,42,rank__inlegalbert__r16a32__iltur_cl__role_adapter__seed42,FAC,0.5784883720930233,0.8122448979591836,0.6757215619694398,245.0
rank,inlegalbert,16,32,iltur_cl,role_adapter,42,rank__inlegalbert__r16a32__iltur_cl__role_adapter__seed42,PRE,0.6037735849056604,0.5140562248995983,0.5553145336225597,249.0
rank,inlegalbert,16,32,iltur_cl,role_adapter,42,rank__inlegalbert__r16a32__iltur_cl__role_adapter__seed42,RATIO,0.6581920903954802,0.5381062355658198,0.5921219822109276,433.0
rank,inlegalbert,16,32,iltur_cl,role_adapter,42,rank__inlegalbert__r16a32__iltur_cl__role_adapter__seed42,RLC,0.043478260869565216,0.043478260869565216,0.043478260869565216,23.0
rank,inlegalbert,16,32,iltur_cl,role_adapter,42,rank__inlegalbert__r16a32__iltur_cl__role_adapter__seed42,RPC,0.38461538461538464,0.8333333333333334,0.5263157894736842,12.0
rank,inlegalbert,16,32,iltur_cl,role_adapter,42,rank__inlegalbert__r16a32__iltur_cl__role_adapter__seed42,STA,0.8636363636363636,0.6705882352941176,0.7549668874172185,85.0
rank,inlegalbert,16,32,iltur_cl,shared_lora,42,rank__inlegalbert__r16a32__iltur_cl__shared_lora__seed42,ARG,0.6792452830188679,0.7272727272727273,0.7024390243902439,198.0
rank,inlegalbert,16,32,iltur_cl,shared_lora,42,rank__inlegalbert__r16a32__iltur_cl__shared_lora__seed42,FAC,0.5873925501432665,0.8367346938775511,0.6902356902356902,245.0
rank,inlegalbert,16,32,iltur_cl,shared_lora,42,rank__inlegalbert__r16a32__iltur_cl__shared_lora__seed42,PRE,0.615,0.4939759036144578,0.5478841870824054,249.0
rank,inlegalbert,16,32,iltur_cl,shared_lora,42,rank__inlegalbert__r16a32__iltur_cl__shared_lora__seed42,RATIO,0.6416040100250626,0.5912240184757506,0.6153846153846154,433.0
rank,inlegalbert,16,32,iltur_cl,shared_lora,42,rank__inlegalbert__r16a32__iltur_cl__shared_lora__seed42,RLC,0.0,0.0,0.0,23.0
rank,inlegalbert,16,32,iltur_cl,shared_lora,42,rank__inlegalbert__r16a32__iltur_cl__shared_lora__seed42,RPC,0.43478260869565216,0.8333333333333334,0.5714285714285714,12.0
rank,inlegalbert,16,32,iltur_cl,shared_lora,42,rank__inlegalbert__r16a32__iltur_cl__shared_lora__seed42,STA,0.8387096774193549,0.611764705882353,0.7074829931972789,85.0
rank,inlegalbert,16,32,iltur_it,category_lora,42,rank__inlegalbert__r16a32__iltur_it__category_lora__seed42,ARG,0.7215189873417721,0.5327102803738317,0.6129032258064516,107.0
rank,inlegalbert,16,32,iltur_it,category_lora,42,rank__inlegalbert__r16a32__iltur_it__category_lora__seed42,FAC,0.7448275862068966,0.8244274809160306,0.782608695652174,131.0
rank,inlegalbert,16,32,iltur_it,category_lora,42,rank__inlegalbert__r16a32__iltur_it__category_lora__seed42,PRE,0.7422680412371134,0.5070422535211268,0.602510460251046,142.0
rank,inlegalbert,16,32,iltur_it,category_lora,42,rank__inlegalbert__r16a32__iltur_it__category_lora__seed42,RATIO,0.4721189591078067,0.7559523809523809,0.5812356979405034,168.0
rank,inlegalbert,16,32,iltur_it,category_lora,42,rank__inlegalbert__r16a32__iltur_it__category_lora__seed42,RLC,0.8378378378378378,0.3229166666666667,0.46616541353383456,96.0
rank,inlegalbert,16,32,iltur_it,category_lora,42,rank__inlegalbert__r16a32__iltur_it__category_lora__seed42,RPC,0.5806451612903226,0.8571428571428571,0.6923076923076923,21.0
rank,inlegalbert,16,32,iltur_it,category_lora,42,rank__inlegalbert__r16a32__iltur_it__category_lora__seed42,STA,0.7596153846153846,0.8144329896907216,0.7860696517412935,97.0
rank,inlegalbert,16,32,iltur_it,role_adapter,42,rank__inlegalbert__r16a32__iltur_it__role_adapter__seed42,ARG,0.7,0.5887850467289719,0.6395939086294417,107.0
rank,inlegalbert,16,32,iltur_it,role_adapter,42,rank__inlegalbert__r16a32__iltur_it__role_adapter__seed42,FAC,0.7536231884057971,0.7938931297709924,0.7732342007434945,131.0
rank,inlegalbert,16,32,iltur_it,role_adapter,42,rank__inlegalbert__r16a32__iltur_it__role_adapter__seed42,PRE,0.6972477064220184,0.5352112676056338,0.6055776892430279,142.0
rank,inlegalbert,16,32,iltur_it,role_adapter,42,rank__inlegalbert__r16a32__iltur_it__role_adapter__seed42,RATIO,0.48616600790513836,0.7321428571428571,0.5843230403800475,168.0
rank,inlegalbert,16,32,iltur_it,role_adapter,42,rank__inlegalbert__r16a32__iltur_it__role_adapter__seed42,RLC,0.8536585365853658,0.3645833333333333,0.5109489051094891,96.0
rank,inlegalbert,16,32,iltur_it,role_adapter,42,rank__inlegalbert__r16a32__iltur_it__role_adapter__seed42,RPC,0.47058823529411764,0.7619047619047619,0.5818181818181818,21.0
rank,inlegalbert,16,32,iltur_it,role_adapter,42,rank__inlegalbert__r16a32__iltur_it__role_adapter__seed42,STA,0.7938144329896907,0.7938144329896907,0.7938144329896907,97.0
rank,inlegalbert,16,32,iltur_it,shared_lora,42,rank__inlegalbert__r16a32__iltur_it__shared_lora__seed42,ARG,0.6956521739130435,0.5981308411214953,0.6432160804020101,107.0
rank,inlegalbert,16,32,iltur_it,shared_lora,42,rank__inlegalbert__r16a32__iltur_it__shared_lora__seed42,FAC,0.7032258064516129,0.8320610687022901,0.7622377622377622,131.0
rank,inlegalbert,16,32,iltur_it,shared_lora,42,rank__inlegalbert__r16a32__iltur_it__shared_lora__seed42,PRE,0.6836734693877551,0.47183098591549294,0.5583333333333333,142.0
rank,inlegalbert,16,32,iltur_it,shared_lora,42,rank__inlegalbert__r16a32__iltur_it__shared_lora__seed42,RATIO,0.4693140794223827,0.7738095238095238,0.5842696629213483,168.0
rank,inlegalbert,16,32,iltur_it,shared_lora,42,rank__inlegalbert__r16a32__iltur_it__shared_lora__seed42,RLC,0.896551724137931,0.2708333333333333,0.416,96.0
rank,inlegalbert,16,32,iltur_it,shared_lora,42,rank__inlegalbert__r16a32__iltur_it__shared_lora__seed42,RPC,0.5,0.6190476190476191,0.5531914893617021,21.0
rank,inlegalbert,16,32,iltur_it,shared_lora,42,rank__inlegalbert__r16a32__iltur_it__shared_lora__seed42,STA,0.8470588235294118,0.7422680412371134,0.7912087912087912,97.0
rank,inlegalbert,16,32,legaleval,category_lora,42,rank__inlegalbert__r16a32__legaleval__category_lora__seed42,ARG,0.7625,0.7283582089552239,0.7450381679389313,335.0
rank,inlegalbert,16,32,legaleval,category_lora,42,rank__inlegalbert__r16a32__legaleval__category_lora__seed42,FAC,0.870625662778367,0.8982494529540481,0.8842218632202478,914.0
rank,inlegalbert,16,32,legaleval,category_lora,42,rank__inlegalbert__r16a32__legaleval__category_lora__seed42,PRE,0.711764705882353,0.852112676056338,0.7756410256410257,142.0
rank,inlegalbert,16,32,legaleval,category_lora,42,rank__inlegalbert__r16a32__legaleval__category_lora__seed42,RATIO,0.6428571428571429,0.5581395348837209,0.5975103734439834,129.0
rank,inlegalbert,16,32,legaleval,category_lora,42,rank__inlegalbert__r16a32__legaleval__category_lora__seed42,RLC,0.6923076923076923,0.6206896551724138,0.6545454545454545,87.0
rank,inlegalbert,16,32,legaleval,category_lora,42,rank__inlegalbert__r16a32__legaleval__category_lora__seed42,RPC,0.8695652173913043,0.8290155440414507,0.8488063660477454,193.0
rank,inlegalbert,16,32,legaleval,category_lora,42,rank__inlegalbert__r16a32__legaleval__category_lora__seed42,STA,0.8846153846153846,0.7796610169491526,0.8288288288288288,59.0
rank,inlegalbert,16,32,legaleval,role_adapter,42,rank__inlegalbert__r16a32__legaleval__role_adapter__seed42,ARG,0.7514792899408284,0.7582089552238805,0.7548291233283804,335.0
rank,inlegalbert,16,32,legaleval,role_adapter,42,rank__inlegalbert__r16a32__legaleval__role_adapter__seed42,FAC,0.8709338929695698,0.9080962800875274,0.8891269416175683,914.0
rank,inlegalbert,16,32,legaleval,role_adapter,42,rank__inlegalbert__r16a32__legaleval__role_adapter__seed42,PRE,0.7215189873417721,0.8028169014084507,0.76,142.0
rank,inlegalbert,16,32,legaleval,role_adapter,42,rank__inlegalbert__r16a32__legaleval__role_adapter__seed42,RATIO,0.638095238095238,0.5193798449612403,0.5726495726495726,129.0
rank,inlegalbert,16,32,legaleval,role_adapter,42,rank__inlegalbert__r16a32__legaleval__role_adapter__seed42,RLC,0.75,0.5862068965517241,0.6580645161290323,87.0
rank,inlegalbert,16,32,legaleval,role_adapter,42,rank__inlegalbert__r16a32__legaleval__role_adapter__seed42,RPC,0.8709677419354839,0.8393782383419689,0.8548812664907651,193.0
rank,inlegalbert,16,32,legaleval,role_adapter,42,rank__inlegalbert__r16a32__legaleval__role_adapter__seed42,STA,0.8823529411764706,0.7627118644067796,0.8181818181818182,59.0
rank,inlegalbert,16,32,legaleval,shared_lora,42,rank__inlegalbert__r16a32__legaleval__shared_lora__seed42,ARG,0.7522388059701492,0.7522388059701492,0.7522388059701492,335.0
rank,inlegalbert,16,32,legaleval,shared_lora,42,rank__inlegalbert__r16a32__legaleval__shared_lora__seed42,FAC,0.871822033898305,0.9004376367614879,0.8858988159311088,914.0
rank,inlegalbert,16,32,legaleval,shared_lora,42,rank__inlegalbert__r16a32__legaleval__shared_lora__seed42,PRE,0.6842105263157895,0.823943661971831,0.7476038338658147,142.0
rank,inlegalbert,16,32,legaleval,shared_lora,42,rank__inlegalbert__r16a32__legaleval__shared_lora__seed42,RATIO,0.7065217391304348,0.5038759689922481,0.5882352941176471,129.0
rank,inlegalbert,16,32,legaleval,shared_lora,42,rank__inlegalbert__r16a32__legaleval__shared_lora__seed42,RLC,0.6585365853658537,0.6206896551724138,0.6390532544378699,87.0
rank,inlegalbert,16,32,legaleval,shared_lora,42,rank__inlegalbert__r16a32__legaleval__shared_lora__seed42,RPC,0.8702702702702703,0.8341968911917098,0.8518518518518519,193.0
rank,inlegalbert,16,32,legaleval,shared_lora,42,rank__inlegalbert__r16a32__legaleval__shared_lora__seed42,STA,0.88,0.7457627118644068,0.8073394495412844,59.0
rank,inlegalbert,16,32,marro_india,category_lora,42,rank__inlegalbert__r16a32__marro_india__category_lora__seed42,ARG,0.8015267175572519,0.7,0.7473309608540926,150.0
rank,inlegalbert,16,32,marro_india,category_lora,42,rank__inlegalbert__r16a32__marro_india__category_lora__seed42,FAC,0.664440734557596,0.7171171171171171,0.6897746967071057,555.0
rank,inlegalbert,16,32,marro_india,category_lora,42,rank__inlegalbert__r16a32__marro_india__category_lora__seed42,PRE,0.732484076433121,0.2963917525773196,0.42201834862385323,388.0
rank,inlegalbert,16,32,marro_india,category_lora,42,rank__inlegalbert__r16a32__marro_india__category_lora__seed42,RATIO,0.5542857142857143,0.8631813125695217,0.6750761200521966,899.0
rank,inlegalbert,16,32,marro_india,category_lora,42,rank__inlegalbert__r16a32__marro_india__category_lora__seed42,RLC,0.8333333333333334,0.07853403141361257,0.14354066985645933,191.0
rank,inlegalbert,16,32,marro_india,category_lora,42,rank__inlegalbert__r16a32__marro_india__category_lora__seed42,RPC,0.8695652173913043,0.3883495145631068,0.5369127516778524,103.0
rank,inlegalbert,16,32,marro_india,category_lora,42,rank__inlegalbert__r16a32__marro_india__category_lora__seed42,STA,0.8418604651162791,0.6464285714285715,0.7313131313131314,280.0
rank,inlegalbert,16,32,marro_india,role_adapter,42,rank__inlegalbert__r16a32__marro_india__role_adapter__seed42,ARG,0.7794117647058824,0.7066666666666667,0.7412587412587412,150.0
rank,inlegalbert,16,32,marro_india,role_adapter,42,rank__inlegalbert__r16a32__marro_india__role_adapter__seed42,FAC,0.6724436741767764,0.6990990990990991,0.6855123674911661,555.0
rank,inlegalbert,16,32,marro_india,role_adapter,42,rank__inlegalbert__r16a32__marro_india__role_adapter__seed42,PRE,0.7417218543046358,0.28865979381443296,0.4155844155844156,388.0
rank,inlegalbert,16,32,marro_india,role_adapter,42,rank__inlegalbert__r16a32__marro_india__role_adapter__seed42,RATIO,0.5693430656934306,0.8676307007786429,0.6875275451740855,899.0
rank,inlegalbert,16,32,marro_india,role_adapter,42,rank__inlegalbert__r16a32__marro_india__role_adapter__seed42,RLC,0.8333333333333334,0.10471204188481675,0.18604651162790697,191.0
rank,inlegalbert,16,32,marro_india,role_adapter,42,rank__inlegalbert__r16a32__marro_india__role_adapter__seed42,RPC,0.7719298245614035,0.42718446601941745,0.55,103.0
rank,inlegalbert,16,32,marro_india,role_adapter,42,rank__inlegalbert__r16a32__marro_india__role_adapter__seed42,STA,0.848605577689243,0.7607142857142857,0.8022598870056498,280.0
rank,inlegalbert,16,32,marro_india,shared_lora,42,rank__inlegalbert__r16a32__marro_india__shared_lora__seed42,ARG,0.7730496453900709,0.7266666666666667,0.7491408934707904,150.0
rank,inlegalbert,16,32,marro_india,shared_lora,42,rank__inlegalbert__r16a32__marro_india__shared_lora__seed42,FAC,0.6739495798319328,0.7225225225225225,0.697391304347826,555.0
rank,inlegalbert,16,32,marro_india,shared_lora,42,rank__inlegalbert__r16a32__marro_india__shared_lora__seed42,PRE,0.7375886524822695,0.26804123711340205,0.3931947069943289,388.0
rank,inlegalbert,16,32,marro_india,shared_lora,42,rank__inlegalbert__r16a32__marro_india__shared_lora__seed42,RATIO,0.5561115082201572,0.8654060066740823,0.6771105308964317,899.0
rank,inlegalbert,16,32,marro_india,shared_lora,42,rank__inlegalbert__r16a32__marro_india__shared_lora__seed42,RLC,0.8461538461538461,0.05759162303664921,0.10784313725490197,191.0
rank,inlegalbert,16,32,marro_india,shared_lora,42,rank__inlegalbert__r16a32__marro_india__shared_lora__seed42,RPC,0.8,0.42718446601941745,0.5569620253164557,103.0
rank,inlegalbert,16,32,marro_india,shared_lora,42,rank__inlegalbert__r16a32__marro_india__shared_lora__seed42,STA,0.8378378378378378,0.6642857142857143,0.7410358565737052,280.0
rank,inlegalbert,16,32,marro_uk,category_lora,42,rank__inlegalbert__r16a32__marro_uk__category_lora__seed42,ARG,0.48148148148148145,0.325,0.3880597014925373,40.0
rank,inlegalbert,16,32,marro_uk,category_lora,42,rank__inlegalbert__r16a32__marro_uk__category_lora__seed42,FAC,0.5024509803921569,0.6765676567656765,0.5766526019690577,303.0
rank,inlegalbert,16,32,marro_uk,category_lora,42,rank__inlegalbert__r16a32__marro_uk__category_lora__seed42,PRE,0.38461538461538464,0.3254437869822485,0.3525641025641026,169.0
rank,inlegalbert,16,32,marro_uk,category_lora,42,rank__inlegalbert__r16a32__marro_uk__category_lora__seed42,RATIO,0.8477157360406091,0.7610677083333334,0.8020583190394511,1536.0
rank,inlegalbert,16,32,marro_uk,category_lora,42,rank__inlegalbert__r16a32__marro_uk__category_lora__seed42,RLC,0.21951219512195122,0.225,0.2222222222222222,40.0
rank,inlegalbert,16,32,marro_uk,category_lora,42,rank__inlegalbert__r16a32__marro_uk__category_lora__seed42,RPC,0.6,0.5454545454545454,0.5714285714285714,11.0
rank,inlegalbert,16,32,marro_uk,category_lora,42,rank__inlegalbert__r16a32__marro_uk__category_lora__seed42,STA,0.3392857142857143,0.7402597402597403,0.46530612244897956,77.0
rank,inlegalbert,16,32,marro_uk,role_adapter,42,rank__inlegalbert__r16a32__marro_uk__role_adapter__seed42,ARG,0.46153846153846156,0.3,0.36363636363636365,40.0
rank,inlegalbert,16,32,marro_uk,role_adapter,42,rank__inlegalbert__r16a32__marro_uk__role_adapter__seed42,FAC,0.5061124694376528,0.6831683168316832,0.5814606741573034,303.0
rank,inlegalbert,16,32,marro_uk,role_adapter,42,rank__inlegalbert__r16a32__marro_uk__role_adapter__seed42,PRE,0.38636363636363635,0.30177514792899407,0.3388704318936877,169.0
rank,inlegalbert,16,32,marro_uk,role_adapter,42,rank__inlegalbert__r16a32__marro_uk__role_adapter__seed42,RATIO,0.8452123830093593,0.7643229166666666,0.8027350427350427,1536.0
rank,inlegalbert,16,32,marro_uk,role_adapter,42,rank__inlegalbert__r16a32__marro_uk__role_adapter__seed42,RLC,0.20833333333333334,0.25,0.22727272727272727,40.0
rank,inlegalbert,16,32,marro_uk,role_adapter,42,rank__inlegalbert__r16a32__marro_uk__role_adapter__seed42,RPC,0.5454545454545454,0.5454545454545454,0.5454545454545454,11.0
rank,inlegalbert,16,32,marro_uk,role_adapter,42,rank__inlegalbert__r16a32__marro_uk__role_adapter__seed42,STA,0.32919254658385094,0.6883116883116883,0.44537815126050423,77.0
rank,inlegalbert,16,32,marro_uk,shared_lora,42,rank__inlegalbert__r16a32__marro_uk__shared_lora__seed42,ARG,0.4838709677419355,0.375,0.4225352112676056,40.0
rank,inlegalbert,16,32,marro_uk,shared_lora,42,rank__inlegalbert__r16a32__marro_uk__shared_lora__seed42,FAC,0.4918793503480278,0.6996699669966997,0.5776566757493188,303.0
rank,inlegalbert,16,32,marro_uk,shared_lora,42,rank__inlegalbert__r16a32__marro_uk__shared_lora__seed42,PRE,0.36585365853658536,0.26627218934911245,0.3082191780821918,169.0
rank,inlegalbert,16,32,marro_uk,shared_lora,42,rank__inlegalbert__r16a32__marro_uk__shared_lora__seed42,RATIO,0.843772498200144,0.7630208333333334,0.8013675213675213,1536.0
rank,inlegalbert,16,32,marro_uk,shared_lora,42,rank__inlegalbert__r16a32__marro_uk__shared_lora__seed42,RLC,0.1891891891891892,0.175,0.18181818181818182,40.0
rank,inlegalbert,16,32,marro_uk,shared_lora,42,rank__inlegalbert__r16a32__marro_uk__shared_lora__seed42,RPC,0.5555555555555556,0.45454545454545453,0.5,11.0
rank,inlegalbert,16,32,marro_uk,shared_lora,42,rank__inlegalbert__r16a32__marro_uk__shared_lora__seed42,STA,0.34615384615384615,0.7012987012987013,0.463519313304721,77.0
rank,inlegalbert,2,4,iltur_cl,category_lora,42,rank__inlegalbert__r2a4__iltur_cl__category_lora__seed42,ARG,0.6713615023474179,0.7222222222222222,0.6958637469586375,198.0
rank,inlegalbert,2,4,iltur_cl,category_lora,42,rank__inlegalbert__r2a4__iltur_cl__category_lora__seed42,FAC,0.5780821917808219,0.8612244897959184,0.6918032786885245,245.0
rank,inlegalbert,2,4,iltur_cl,category_lora,42,rank__inlegalbert__r2a4__iltur_cl__category_lora__seed42,PRE,0.6298342541436464,0.4578313253012048,0.5302325581395348,249.0
rank,inlegalbert,2,4,iltur_cl,category_lora,42,rank__inlegalbert__r2a4__iltur_cl__category_lora__seed42,RATIO,0.6464646464646465,0.5912240184757506,0.617611580217129,433.0
rank,inlegalbert,2,4,iltur_cl,category_lora,42,rank__inlegalbert__r2a4__iltur_cl__category_lora__seed42,RLC,0.0,0.0,0.0,23.0
rank,inlegalbert,2,4,iltur_cl,category_lora,42,rank__inlegalbert__r2a4__iltur_cl__category_lora__seed42,RPC,0.45454545454545453,0.8333333333333334,0.5882352941176471,12.0
rank,inlegalbert,2,4,iltur_cl,category_lora,42,rank__inlegalbert__r2a4__iltur_cl__category_lora__seed42,STA,0.8571428571428571,0.6352941176470588,0.7297297297297297,85.0
rank,inlegalbert,2,4,iltur_cl,role_adapter,42,rank__inlegalbert__r2a4__iltur_cl__role_adapter__seed42,ARG,0.6441441441441441,0.7222222222222222,0.680952380952381,198.0
rank,inlegalbert,2,4,iltur_cl,role_adapter,42,rank__inlegalbert__r2a4__iltur_cl__role_adapter__seed42,FAC,0.5698324022346368,0.8326530612244898,0.6766169154228856,245.0
rank,inlegalbert,2,4,iltur_cl,role_adapter,42,rank__inlegalbert__r2a4__iltur_cl__role_adapter__seed42,PRE,0.6231155778894473,0.4979919678714859,0.5535714285714286,249.0
rank,inlegalbert,2,4,iltur_cl,role_adapter,42,rank__inlegalbert__r2a4__iltur_cl__role_adapter__seed42,RATIO,0.6456692913385826,0.5681293302540416,0.6044226044226044,433.0
rank,inlegalbert,2,4,iltur_cl,role_adapter,42,rank__inlegalbert__r2a4__iltur_cl__role_adapter__seed42,RLC,0.0,0.0,0.0,23.0
rank,inlegalbert,2,4,iltur_cl,role_adapter,42,rank__inlegalbert__r2a4__iltur_cl__role_adapter__seed42,RPC,0.43478260869565216,0.8333333333333334,0.5714285714285714,12.0
rank,inlegalbert,2,4,iltur_cl,role_adapter,42,rank__inlegalbert__r2a4__iltur_cl__role_adapter__seed42,STA,0.8548387096774194,0.6235294117647059,0.7210884353741497,85.0
rank,inlegalbert,2,4,iltur_cl,shared_lora,42,rank__inlegalbert__r2a4__iltur_cl__shared_lora__seed42,ARG,0.7589743589743589,0.7474747474747475,0.7531806615776081,198.0
rank,inlegalbert,2,4,iltur_cl,shared_lora,42,rank__inlegalbert__r2a4__iltur_cl__shared_lora__seed42,FAC,0.5697674418604651,0.8,0.66553480475382,245.0
rank,inlegalbert,2,4,iltur_cl,shared_lora,42,rank__inlegalbert__r2a4__iltur_cl__shared_lora__seed42,PRE,0.6473684210526316,0.4939759036144578,0.5603644646924829,249.0
rank,inlegalbert,2,4,iltur_cl,shared_lora,42,rank__inlegalbert__r2a4__iltur_cl__shared_lora__seed42,RATIO,0.6446469248291572,0.6535796766743649,0.6490825688073395,433.0
rank,inlegalbert,2,4,iltur_cl,shared_lora,42,rank__inlegalbert__r2a4__iltur_cl__shared_lora__seed42,RLC,0.0,0.0,0.0,23.0
rank,inlegalbert,2,4,iltur_cl,shared_lora,42,rank__inlegalbert__r2a4__iltur_cl__shared_lora__seed42,RPC,0.2857142857142857,0.16666666666666666,0.21052631578947367,12.0
rank,inlegalbert,2,4,iltur_cl,shared_lora,42,rank__inlegalbert__r2a4__iltur_cl__shared_lora__seed42,STA,0.7142857142857143,0.5882352941176471,0.6451612903225806,85.0
rank,inlegalbert,2,4,iltur_it,category_lora,42,rank__inlegalbert__r2a4__iltur_it__category_lora__seed42,ARG,0.6813186813186813,0.5794392523364486,0.6262626262626263,107.0
rank,inlegalbert,2,4,iltur_it,category_lora,42,rank__inlegalbert__r2a4__iltur_it__category_lora__seed42,FAC,0.7465753424657534,0.8320610687022901,0.7870036101083032,131.0
rank,inlegalbert,2,4,iltur_it,category_lora,42,rank__inlegalbert__r2a4__iltur_it__category_lora__seed42,PRE,0.7171717171717171,0.5,0.5892116182572614,142.0
rank,inlegalbert,2,4,iltur_it,category_lora,42,rank__inlegalbert__r2a4__iltur_it__category_lora__seed42,RATIO,0.49242424242424243,0.7738095238095238,0.6018518518518519,168.0
rank,inlegalbert,2,4,iltur_it,category_lora,42,rank__inlegalbert__r2a4__iltur_it__category_lora__seed42,RLC,0.7692307692307693,0.3125,0.4444444444444444,96.0
rank,inlegalbert,2,4,iltur_it,category_lora,42,rank__inlegalbert__r2a4__iltur_it__category_lora__seed42,RPC,0.5925925925925926,0.7619047619047619,0.6666666666666666,21.0
rank,inlegalbert,2,4,iltur_it,category_lora,42,rank__inlegalbert__r2a4__iltur_it__category_lora__seed42,STA,0.8125,0.8041237113402062,0.8082901554404145,97.0
rank,inlegalbert,2,4,iltur_it,role_adapter,42,rank__inlegalbert__r2a4__iltur_it__role_adapter__seed42,ARG,0.7532467532467533,0.5420560747663551,0.6304347826086957,107.0
rank,inlegalbert,2,4,iltur_it,role_adapter,42,rank__inlegalbert__r2a4__iltur_it__role_adapter__seed42,FAC,0.7397260273972602,0.8244274809160306,0.779783393501805,131.0
rank,inlegalbert,2,4,iltur_it,role_adapter,42,rank__inlegalbert__r2a4__iltur_it__role_adapter__seed42,PRE,0.6699029126213593,0.4859154929577465,0.563265306122449,142.0
rank,inlegalbert,2,4,iltur_it,role_adapter,42,rank__inlegalbert__r2a4__iltur_it__role_adapter__seed42,RATIO,0.4856115107913669,0.8035714285714286,0.6053811659192825,168.0
rank,inlegalbert,2,4,iltur_it,role_adapter,42,rank__inlegalbert__r2a4__iltur_it__role_adapter__seed42,RLC,0.76,0.19791666666666666,0.3140495867768595,96.0
rank,inlegalbert,2,4,iltur_it,role_adapter,42,rank__inlegalbert__r2a4__iltur_it__role_adapter__seed42,RPC,0.5,0.8095238095238095,0.6181818181818182,21.0
rank,inlegalbert,2,4,iltur_it,role_adapter,42,rank__inlegalbert__r2a4__iltur_it__role_adapter__seed42,STA,0.7878787878787878,0.8041237113402062,0.7959183673469388,97.0
rank,inlegalbert,2,4,iltur_it,shared_lora,42,rank__inlegalbert__r2a4__iltur_it__shared_lora__seed42,ARG,0.6666666666666666,0.5420560747663551,0.5979381443298969,107.0
rank,inlegalbert,2,4,iltur_it,shared_lora,42,rank__inlegalbert__r2a4__iltur_it__shared_lora__seed42,FAC,0.7006802721088435,0.7862595419847328,0.7410071942446043,131.0
rank,inlegalbert,2,4,iltur_it,shared_lora,42,rank__inlegalbert__r2a4__iltur_it__shared_lora__seed42,PRE,0.6593406593406593,0.4225352112676056,0.5150214592274678,142.0
rank,inlegalbert,2,4,iltur_it,shared_lora,42,rank__inlegalbert__r2a4__iltur_it__shared_lora__seed42,RATIO,0.4115853658536585,0.8035714285714286,0.5443548387096774,168.0
rank,inlegalbert,2,4,iltur_it,shared_lora,42,rank__inlegalbert__r2a4__iltur_it__shared_lora__seed42,RLC,0.8,0.041666666666666664,0.07920792079207921,96.0
rank,inlegalbert,2,4,iltur_it,shared_lora,42,rank__inlegalbert__r2a4__iltur_it__shared_lora__seed42,RPC,0.0,0.0,0.0,21.0
rank,inlegalbert,2,4,iltur_it,shared_lora,42,rank__inlegalbert__r2a4__iltur_it__shared_lora__seed42,STA,0.7403846153846154,0.7938144329896907,0.7661691542288557,97.0
rank,inlegalbert,2,4,legaleval,category_lora,42,rank__inlegalbert__r2a4__legaleval__category_lora__seed42,ARG,0.7590361445783133,0.7522388059701492,0.7556221889055472,335.0
rank,inlegalbert,2,4,legaleval,category_lora,42,rank__inlegalbert__r2a4__legaleval__category_lora__seed42,FAC,0.8767268862911796,0.9026258205689278,0.889487870619946,914.0
rank,inlegalbert,2,4,legaleval,category_lora,42,rank__inlegalbert__r2a4__legaleval__category_lora__seed42,PRE,0.7073170731707317,0.8169014084507042,0.7581699346405228,142.0
rank,inlegalbert,2,4,legaleval,category_lora,42,rank__inlegalbert__r2a4__legaleval__category_lora__seed42,RATIO,0.6371681415929203,0.5581395348837209,0.5950413223140496,129.0
rank,inlegalbert,2,4,legaleval,category_lora,42,rank__inlegalbert__r2a4__legaleval__category_lora__seed42,RLC,0.6794871794871795,0.6091954022988506,0.6424242424242425,87.0
rank,inlegalbert,2,4,legaleval,category_lora,42,rank__inlegalbert__r2a4__legaleval__category_lora__seed42,RPC,0.8722222222222222,0.8134715025906736,0.8418230563002681,193.0
rank,inlegalbert,2,4,legaleval,category_lora,42,rank__inlegalbert__r2a4__legaleval__category_lora__seed42,STA,0.8823529411764706,0.7627118644067796,0.8181818181818182,59.0
rank,inlegalbert,2,4,legaleval,role_adapter,42,rank__inlegalbert__r2a4__legaleval__role_adapter__seed42,ARG,0.7537091988130564,0.7582089552238805,0.7559523809523809,335.0
rank,inlegalbert,2,4,legaleval,role_adapter,42,rank__inlegalbert__r2a4__legaleval__role_adapter__seed42,FAC,0.870899470899471,0.9004376367614879,0.8854222700376546,914.0
rank,inlegalbert,2,4,legaleval,role_adapter,42,rank__inlegalbert__r2a4__legaleval__role_adapter__seed42,PRE,0.7272727272727273,0.7887323943661971,0.7567567567567568,142.0
rank,inlegalbert,2,4,legaleval,role_adapter,42,rank__inlegalbert__r2a4__legaleval__role_adapter__seed42,RATIO,0.625,0.5813953488372093,0.6024096385542169,129.0
rank,inlegalbert,2,4,legaleval,role_adapter,42,rank__inlegalbert__r2a4__legaleval__role_adapter__seed42,RLC,0.6811594202898551,0.5402298850574713,0.6025641025641025,87.0
rank,inlegalbert,2,4,legaleval,role_adapter,42,rank__inlegalbert__r2a4__legaleval__role_adapter__seed42,RPC,0.8586956521739131,0.8186528497409327,0.8381962864721485,193.0
rank,inlegalbert,2,4,legaleval,role_adapter,42,rank__inlegalbert__r2a4__legaleval__role_adapter__seed42,STA,0.88,0.7457627118644068,0.8073394495412844,59.0
rank,inlegalbert,2,4,legaleval,shared_lora,42,rank__inlegalbert__r2a4__legaleval__shared_lora__seed42,ARG,0.7002801120448179,0.746268656716418,0.7225433526011561,335.0
rank,inlegalbert,2,4,legaleval,shared_lora,42,rank__inlegalbert__r2a4__legaleval__shared_lora__seed42,FAC,0.8581856100104275,0.9004376367614879,0.8788040576615056,914.0
rank,inlegalbert,2,4,legaleval,shared_lora,42,rank__inlegalbert__r2a4__legaleval__shared_lora__seed42,PRE,0.6363636363636364,0.7887323943661971,0.7044025157232704,142.0
rank,inlegalbert,2,4,legaleval,shared_lora,42,rank__inlegalbert__r2a4__legaleval__shared_lora__seed42,RATIO,0.6470588235294118,0.4263565891472868,0.514018691588785,129.0
rank,inlegalbert,2,4,legaleval,shared_lora,42,rank__inlegalbert__r2a4__legaleval__shared_lora__seed42,RLC,0.7037037037037037,0.4367816091954023,0.5390070921985816,87.0
rank,inlegalbert,2,4,legaleval,shared_lora,42,rank__inlegalbert__r2a4__legaleval__shared_lora__seed42,RPC,0.8297872340425532,0.8082901554404145,0.8188976377952756,193.0
rank,inlegalbert,2,4,legaleval,shared_lora,42,rank__inlegalbert__r2a4__legaleval__shared_lora__seed42,STA,0.85,0.576271186440678,0.6868686868686869,59.0
rank,inlegalbert,2,4,marro_india,category_lora,42,rank__inlegalbert__r2a4__marro_india__category_lora__seed42,ARG,0.796875,0.68,0.7338129496402878,150.0
rank,inlegalbert,2,4,marro_india,category_lora,42,rank__inlegalbert__r2a4__marro_india__category_lora__seed42,FAC,0.6485568760611206,0.6882882882882883,0.6678321678321678,555.0
rank,inlegalbert,2,4,marro_india,category_lora,42,rank__inlegalbert__r2a4__marro_india__category_lora__seed42,PRE,0.782608695652174,0.18556701030927836,0.3,388.0
rank,inlegalbert,2,4,marro_india,category_lora,42,rank__inlegalbert__r2a4__marro_india__category_lora__seed42,RATIO,0.5420689655172414,0.8743047830923248,0.669220945083014,899.0
rank,inlegalbert,2,4,marro_india,category_lora,42,rank__inlegalbert__r2a4__marro_india__category_lora__seed42,RLC,0.8181818181818182,0.04712041884816754,0.0891089108910891,191.0
rank,inlegalbert,2,4,marro_india,category_lora,42,rank__inlegalbert__r2a4__marro_india__category_lora__seed42,RPC,0.7868852459016393,0.46601941747572817,0.5853658536585366,103.0
rank,inlegalbert,2,4,marro_india,category_lora,42,rank__inlegalbert__r2a4__marro_india__category_lora__seed42,STA,0.8425531914893617,0.7071428571428572,0.7689320388349514,280.0
rank,inlegalbert,2,4,marro_india,role_adapter,42,rank__inlegalbert__r2a4__marro_india__role_adapter__seed42,ARG,0.796875,0.68,0.7338129496402878,150.0
rank,inlegalbert,2,4,marro_india,role_adapter,42,rank__inlegalbert__r2a4__marro_india__role_adapter__seed42,FAC,0.645,0.6972972972972973,0.6701298701298701,555.0
rank,inlegalbert,2,4,marro_india,role_adapter,42,rank__inlegalbert__r2a4__marro_india__role_adapter__seed42,PRE,0.7553191489361702,0.18298969072164947,0.2946058091286307,388.0
rank,inlegalbert,2,4,marro_india,role_adapter,42,rank__inlegalbert__r2a4__marro_india__role_adapter__seed42,RATIO,0.5462184873949579,0.8676307007786429,0.6703910614525139,899.0
rank,inlegalbert,2,4,marro_india,role_adapter,42,rank__inlegalbert__r2a4__marro_india__role_adapter__seed42,RLC,0.8333333333333334,0.05235602094240838,0.09852216748768473,191.0
rank,inlegalbert,2,4,marro_india,role_adapter,42,rank__inlegalbert__r2a4__marro_india__role_adapter__seed42,RPC,0.7538461538461538,0.47572815533980584,0.5833333333333334,103.0
rank,inlegalbert,2,4,marro_india,role_adapter,42,rank__inlegalbert__r2a4__marro_india__role_adapter__seed42,STA,0.8326359832635983,0.7107142857142857,0.766859344894027,280.0
rank,inlegalbert,2,4,marro_india,shared_lora,42,rank__inlegalbert__r2a4__marro_india__shared_lora__seed42,ARG,0.7761194029850746,0.6933333333333334,0.7323943661971831,150.0
rank,inlegalbert,2,4,marro_india,shared_lora,42,rank__inlegalbert__r2a4__marro_india__shared_lora__seed42,FAC,0.655,0.7081081081081081,0.6805194805194805,555.0
rank,inlegalbert,2,4,marro_india,shared_lora,42,rank__inlegalbert__r2a4__marro_india__shared_lora__seed42,PRE,0.7238095238095238,0.1958762886597938,0.30831643002028397,388.0
rank,inlegalbert,2,4,marro_india,shared_lora,42,rank__inlegalbert__r2a4__marro_india__shared_lora__seed42,RATIO,0.5422437673130194,0.8709677419354839,0.6683738796414853,899.0
rank,inlegalbert,2,4,marro_india,shared_lora,42,rank__inlegalbert__r2a4__marro_india__shared_lora__seed42,RLC,0.75,0.015706806282722512,0.03076923076923077,191.0
rank,inlegalbert,2,4,marro_india,shared_lora,42,rank__inlegalbert__r2a4__marro_india__shared_lora__seed42,RPC,0.8275862068965517,0.46601941747572817,0.5962732919254659,103.0
rank,inlegalbert,2,4,marro_india,shared_lora,42,rank__inlegalbert__r2a4__marro_india__shared_lora__seed42,STA,0.8416289592760181,0.6642857142857143,0.7425149700598802,280.0
rank,inlegalbert,2,4,marro_uk,category_lora,42,rank__inlegalbert__r2a4__marro_uk__category_lora__seed42,ARG,0.4482758620689655,0.325,0.37681159420289856,40.0
rank,inlegalbert,2,4,marro_uk,category_lora,42,rank__inlegalbert__r2a4__marro_uk__category_lora__seed42,FAC,0.49148418491484186,0.6666666666666666,0.5658263305322129,303.0
rank,inlegalbert,2,4,marro_uk,category_lora,42,rank__inlegalbert__r2a4__marro_uk__category_lora__seed42,PRE,0.4174757281553398,0.25443786982248523,0.3161764705882353,169.0
rank,inlegalbert,2,4,marro_uk,category_lora,42,rank__inlegalbert__r2a4__marro_uk__category_lora__seed42,RATIO,0.8327550312283136,0.78125,0.8061807188444743,1536.0
rank,inlegalbert,2,4,marro_uk,category_lora,42,rank__inlegalbert__r2a4__marro_uk__category_lora__seed42,RLC,0.2903225806451613,0.225,0.2535211267605634,40.0
rank,inlegalbert,2,4,marro_uk,category_lora,42,rank__inlegalbert__r2a4__marro_uk__category_lora__seed42,RPC,0.6666666666666666,0.5454545454545454,0.6,11.0
rank,inlegalbert,2,4,marro_uk,category_lora,42,rank__inlegalbert__r2a4__marro_uk__category_lora__seed42,STA,0.35526315789473684,0.7012987012987013,0.47161572052401746,77.0
rank,inlegalbert,2,4,marro_uk,role_adapter,42,rank__inlegalbert__r2a4__marro_uk__role_adapter__seed42,ARG,0.4230769230769231,0.275,0.3333333333333333,40.0
rank,inlegalbert,2,4,marro_uk,role_adapter,42,rank__inlegalbert__r2a4__marro_uk__role_adapter__seed42,FAC,0.4845605700712589,0.6732673267326733,0.56353591160221,303.0
rank,inlegalbert,2,4,marro_uk,role_adapter,42,rank__inlegalbert__r2a4__marro_uk__role_adapter__seed42,PRE,0.4095238095238095,0.25443786982248523,0.31386861313868614,169.0
rank,inlegalbert,2,4,marro_uk,role_adapter,42,rank__inlegalbert__r2a4__marro_uk__role_adapter__seed42,RATIO,0.8383484954513646,0.7799479166666666,0.8080944350758853,1536.0
rank,inlegalbert,2,4,marro_uk,role_adapter,42,rank__inlegalbert__r2a4__marro_uk__role_adapter__seed42,RLC,0.225,0.225,0.225,40.0
rank,inlegalbert,2,4,marro_uk,role_adapter,42,rank__inlegalbert__r2a4__marro_uk__role_adapter__seed42,RPC,0.6666666666666666,0.5454545454545454,0.6,11.0
rank,inlegalbert,2,4,marro_uk,role_adapter,42,rank__inlegalbert__r2a4__marro_uk__role_adapter__seed42,STA,0.3698630136986301,0.7012987012987013,0.484304932735426,77.0
rank,inlegalbert,2,4,marro_uk,shared_lora,42,rank__inlegalbert__r2a4__marro_uk__shared_lora__seed42,ARG,0.0,0.0,0.0,40.0
rank,inlegalbert,2,4,marro_uk,shared_lora,42,rank__inlegalbert__r2a4__marro_uk__shared_lora__seed42,FAC,0.46021505376344085,0.7062706270627063,0.5572916666666666,303.0
rank,inlegalbert,2,4,marro_uk,shared_lora,42,rank__inlegalbert__r2a4__marro_uk__shared_lora__seed42,PRE,0.38461538461538464,0.11834319526627218,0.18099547511312217,169.0
rank,inlegalbert,2,4,marro_uk,shared_lora,42,rank__inlegalbert__r2a4__marro_uk__shared_lora__seed42,RATIO,0.8213333333333334,0.8020833333333334,0.8115942028985508,1536.0
rank,inlegalbert,2,4,marro_uk,shared_lora,42,rank__inlegalbert__r2a4__marro_uk__shared_lora__seed42,RLC,0.3333333333333333,0.025,0.046511627906976744,40.0
rank,inlegalbert,2,4,marro_uk,shared_lora,42,rank__inlegalbert__r2a4__marro_uk__shared_lora__seed42,RPC,1.0,0.09090909090909091,0.16666666666666666,11.0
rank,inlegalbert,2,4,marro_uk,shared_lora,42,rank__inlegalbert__r2a4__marro_uk__shared_lora__seed42,STA,0.3548387096774194,0.7142857142857143,0.47413793103448276,77.0
rank,inlegalbert,32,64,iltur_cl,category_lora,42,rank__inlegalbert__r32a64__iltur_cl__category_lora__seed42,ARG,0.592,0.7474747474747475,0.6607142857142857,198.0
rank,inlegalbert,32,64,iltur_cl,category_lora,42,rank__inlegalbert__r32a64__iltur_cl__category_lora__seed42,FAC,0.5471204188481675,0.8530612244897959,0.6666666666666666,245.0
rank,inlegalbert,32,64,iltur_cl,category_lora,42,rank__inlegalbert__r32a64__iltur_cl__category_lora__seed42,PRE,0.6047619047619047,0.5100401606425703,0.5533769063180828,249.0
rank,inlegalbert,32,64,iltur_cl,category_lora,42,rank__inlegalbert__r32a64__iltur_cl__category_lora__seed42,RATIO,0.6383763837638377,0.3995381062355658,0.4914772727272727,433.0
rank,inlegalbert,32,64,iltur_cl,category_lora,42,rank__inlegalbert__r32a64__iltur_cl__category_lora__seed42,RLC,0.0,0.0,0.0,23.0
rank,inlegalbert,32,64,iltur_cl,category_lora,42,rank__inlegalbert__r32a64__iltur_cl__category_lora__seed42,RPC,0.3333333333333333,0.8333333333333334,0.47619047619047616,12.0
rank,inlegalbert,32,64,iltur_cl,category_lora,42,rank__inlegalbert__r32a64__iltur_cl__category_lora__seed42,STA,0.7916666666666666,0.6705882352941176,0.7261146496815286,85.0
rank,inlegalbert,32,64,iltur_cl,role_adapter,42,rank__inlegalbert__r32a64__iltur_cl__role_adapter__seed42,ARG,0.6428571428571429,0.7272727272727273,0.6824644549763034,198.0
rank,inlegalbert,32,64,iltur_cl,role_adapter,42,rank__inlegalbert__r32a64__iltur_cl__role_adapter__seed42,FAC,0.5726495726495726,0.8204081632653061,0.674496644295302,245.0
rank,inlegalbert,32,64,iltur_cl,role_adapter,42,rank__inlegalbert__r32a64__iltur_cl__role_adapter__seed42,PRE,0.6039603960396039,0.4899598393574297,0.541019955654102,249.0
rank,inlegalbert,32,64,iltur_cl,role_adapter,42,rank__inlegalbert__r32a64__iltur_cl__role_adapter__seed42,RATIO,0.6386554621848739,0.5265588914549654,0.5772151898734177,433.0
rank,inlegalbert,32,64,iltur_cl,role_adapter,42,rank__inlegalbert__r32a64__iltur_cl__role_adapter__seed42,RLC,0.043478260869565216,0.043478260869565216,0.043478260869565216,23.0
rank,inlegalbert,32,64,iltur_cl,role_adapter,42,rank__inlegalbert__r32a64__iltur_cl__role_adapter__seed42,RPC,0.4,0.8333333333333334,0.5405405405405406,12.0
rank,inlegalbert,32,64,iltur_cl,role_adapter,42,rank__inlegalbert__r32a64__iltur_cl__role_adapter__seed42,STA,0.8571428571428571,0.6352941176470588,0.7297297297297297,85.0
rank,inlegalbert,32,64,iltur_cl,shared_lora,42,rank__inlegalbert__r32a64__iltur_cl__shared_lora__seed42,ARG,0.6504424778761062,0.7424242424242424,0.6933962264150944,198.0
rank,inlegalbert,32,64,iltur_cl,shared_lora,42,rank__inlegalbert__r32a64__iltur_cl__shared_lora__seed42,FAC,0.6053412462908012,0.8326530612244898,0.7010309278350515,245.0
rank,inlegalbert,32,64,iltur_cl,shared_lora,42,rank__inlegalbert__r32a64__iltur_cl__shared_lora__seed42,PRE,0.6009852216748769,0.4899598393574297,0.5398230088495575,249.0
rank,inlegalbert,32,64,iltur_cl,shared_lora,42,rank__inlegalbert__r32a64__iltur_cl__shared_lora__seed42,RATIO,0.6299212598425197,0.5542725173210161,0.5896805896805897,433.0
rank,inlegalbert,32,64,iltur_cl,shared_lora,42,rank__inlegalbert__r32a64__iltur_cl__shared_lora__seed42,RLC,0.0,0.0,0.0,23.0
rank,inlegalbert,32,64,iltur_cl,shared_lora,42,rank__inlegalbert__r32a64__iltur_cl__shared_lora__seed42,RPC,0.43478260869565216,0.8333333333333334,0.5714285714285714,12.0
rank,inlegalbert,32,64,iltur_cl,shared_lora,42,rank__inlegalbert__r32a64__iltur_cl__shared_lora__seed42,STA,0.8059701492537313,0.6352941176470588,0.7105263157894737,85.0
rank,inlegalbert,32,64,iltur_it,category_lora,42,rank__inlegalbert__r32a64__iltur_it__category_lora__seed42,ARG,0.6990291262135923,0.6728971962616822,0.6857142857142857,107.0
rank,inlegalbert,32,64,iltur_it,category_lora,42,rank__inlegalbert__r32a64__iltur_it__category_lora__seed42,FAC,0.7659574468085106,0.8244274809160306,0.7941176470588235,131.0
rank,inlegalbert,32,64,iltur_it,category_lora,42,rank__inlegalbert__r32a64__iltur_it__category_lora__seed42,PRE,0.6915887850467289,0.5211267605633803,0.5943775100401606,142.0
rank,inlegalbert,32,64,iltur_it,category_lora,42,rank__inlegalbert__r32a64__iltur_it__category_lora__seed42,RATIO,0.5,0.7619047619047619,0.6037735849056604,168.0
rank,inlegalbert,32,64,iltur_it,category_lora,42,rank__inlegalbert__r32a64__iltur_it__category_lora__seed42,RLC,0.8461538461538461,0.34375,0.4888888888888889,96.0
rank,inlegalbert,32,64,iltur_it,category_lora,42,rank__inlegalbert__r32a64__iltur_it__category_lora__seed42,RPC,0.5483870967741935,0.8095238095238095,0.6538461538461539,21.0
rank,inlegalbert,32,64,iltur_it,category_lora,42,rank__inlegalbert__r32a64__iltur_it__category_lora__seed42,STA,0.8823529411764706,0.7731958762886598,0.8241758241758241,97.0
rank,inlegalbert,32,64,iltur_it,role_adapter,42,rank__inlegalbert__r32a64__iltur_it__role_adapter__seed42,ARG,0.7222222222222222,0.6074766355140186,0.6598984771573604,107.0
rank,inlegalbert,32,64,iltur_it,role_adapter,42,rank__inlegalbert__r32a64__iltur_it__role_adapter__seed42,FAC,0.7608695652173914,0.8015267175572519,0.7806691449814126,131.0
rank,inlegalbert,32,64,iltur_it,role_adapter,42,rank__inlegalbert__r32a64__iltur_it__role_adapter__seed42,PRE,0.7211538461538461,0.528169014084507,0.6097560975609756,142.0
rank,inlegalbert,32,64,iltur_it,role_adapter,42,rank__inlegalbert__r32a64__iltur_it__role_adapter__seed42,RATIO,0.5079365079365079,0.7619047619047619,0.6095238095238096,168.0
rank,inlegalbert,32,64,iltur_it,role_adapter,42,rank__inlegalbert__r32a64__iltur_it__role_adapter__seed42,RLC,0.7560975609756098,0.3229166666666667,0.45255474452554745,96.0
rank,inlegalbert,32,64,iltur_it,role_adapter,42,rank__inlegalbert__r32a64__iltur_it__role_adapter__seed42,RPC,0.47058823529411764,0.7619047619047619,0.5818181818181818,21.0
rank,inlegalbert,32,64,iltur_it,role_adapter,42,rank__inlegalbert__r32a64__iltur_it__role_adapter__seed42,STA,0.7864077669902912,0.8350515463917526,0.81,97.0
rank,inlegalbert,32,64,iltur_it,shared_lora,42,rank__inlegalbert__r32a64__iltur_it__shared_lora__seed42,ARG,0.7045454545454546,0.5794392523364486,0.6358974358974359,107.0
rank,inlegalbert,32,64,iltur_it,shared_lora,42,rank__inlegalbert__r32a64__iltur_it__shared_lora__seed42,FAC,0.6627218934911243,0.8549618320610687,0.7466666666666667,131.0
rank,inlegalbert,32,64,iltur_it,shared_lora,42,rank__inlegalbert__r32a64__iltur_it__shared_lora__seed42,PRE,0.7738095238095238,0.45774647887323944,0.5752212389380531,142.0
rank,inlegalbert,32,64,iltur_it,shared_lora,42,rank__inlegalbert__r32a64__iltur_it__shared_lora__seed42,RATIO,0.4897119341563786,0.7083333333333334,0.5790754257907542,168.0
rank,inlegalbert,32,64,iltur_it,shared_lora,42,rank__inlegalbert__r32a64__iltur_it__shared_lora__seed42,RLC,0.875,0.3645833333333333,0.5147058823529411,96.0
rank,inlegalbert,32,64,iltur_it,shared_lora,42,rank__inlegalbert__r32a64__iltur_it__shared_lora__seed42,RPC,0.46875,0.7142857142857143,0.5660377358490566,21.0
rank,inlegalbert,32,64,iltur_it,shared_lora,42,rank__inlegalbert__r32a64__iltur_it__shared_lora__seed42,STA,0.7547169811320755,0.8247422680412371,0.7881773399014779,97.0
rank,inlegalbert,32,64,legaleval,category_lora,42,rank__inlegalbert__r32a64__legaleval__category_lora__seed42,ARG,0.7590361445783133,0.7522388059701492,0.7556221889055472,335.0
rank,inlegalbert,32,64,legaleval,category_lora,42,rank__inlegalbert__r32a64__legaleval__category_lora__seed42,FAC,0.8781014023732471,0.8905908096280087,0.8843020097772949,914.0
rank,inlegalbert,32,64,legaleval,category_lora,42,rank__inlegalbert__r32a64__legaleval__category_lora__seed42,PRE,0.6900584795321637,0.8309859154929577,0.7539936102236422,142.0
rank,inlegalbert,32,64,legaleval,category_lora,42,rank__inlegalbert__r32a64__legaleval__category_lora__seed42,RATIO,0.7064220183486238,0.5968992248062015,0.6470588235294118,129.0
rank,inlegalbert,32,64,legaleval,category_lora,42,rank__inlegalbert__r32a64__legaleval__category_lora__seed42,RLC,0.6043956043956044,0.632183908045977,0.6179775280898876,87.0
rank,inlegalbert,32,64,legaleval,category_lora,42,rank__inlegalbert__r32a64__legaleval__category_lora__seed42,RPC,0.8895027624309392,0.8341968911917098,0.8609625668449198,193.0
rank,inlegalbert,32,64,legaleval,category_lora,42,rank__inlegalbert__r32a64__legaleval__category_lora__seed42,STA,0.9166666666666666,0.7457627118644068,0.822429906542056,59.0
rank,inlegalbert,32,64,legaleval,role_adapter,42,rank__inlegalbert__r32a64__legaleval__role_adapter__seed42,ARG,0.7388724035608308,0.7432835820895523,0.7410714285714286,335.0
rank,inlegalbert,32,64,legaleval,role_adapter,42,rank__inlegalbert__r32a64__legaleval__role_adapter__seed42,FAC,0.8850828729281768,0.8763676148796499,0.8807036833424958,914.0
rank,inlegalbert,32,64,legaleval,role_adapter,42,rank__inlegalbert__r32a64__legaleval__role_adapter__seed42,PRE,0.6781609195402298,0.8309859154929577,0.7468354430379747,142.0
rank,inlegalbert,32,64,legaleval,role_adapter,42,rank__inlegalbert__r32a64__legaleval__role_adapter__seed42,RATIO,0.6846846846846847,0.5891472868217055,0.6333333333333333,129.0
rank,inlegalbert,32,64,legaleval,role_adapter,42,rank__inlegalbert__r32a64__legaleval__role_adapter__seed42,RLC,0.5841584158415841,0.6781609195402298,0.6276595744680851,87.0
rank,inlegalbert,32,64,legaleval,role_adapter,42,rank__inlegalbert__r32a64__legaleval__role_adapter__seed42,RPC,0.8722222222222222,0.8134715025906736,0.8418230563002681,193.0
rank,inlegalbert,32,64,legaleval,role_adapter,42,rank__inlegalbert__r32a64__legaleval__role_adapter__seed42,STA,0.8627450980392157,0.7457627118644068,0.8,59.0
rank,inlegalbert,32,64,legaleval,shared_lora,42,rank__inlegalbert__r32a64__legaleval__shared_lora__seed42,ARG,0.7420289855072464,0.764179104477612,0.7529411764705882,335.0
rank,inlegalbert,32,64,legaleval,shared_lora,42,rank__inlegalbert__r32a64__legaleval__shared_lora__seed42,FAC,0.8731343283582089,0.8960612691466083,0.8844492440604752,914.0
rank,inlegalbert,32,64,legaleval,shared_lora,42,rank__inlegalbert__r32a64__legaleval__shared_lora__seed42,PRE,0.7083333333333334,0.8380281690140845,0.7677419354838709,142.0
rank,inlegalbert,32,64,legaleval,shared_lora,42,rank__inlegalbert__r32a64__legaleval__shared_lora__seed42,RATIO,0.7471264367816092,0.5038759689922481,0.6018518518518519,129.0
rank,inlegalbert,32,64,legaleval,shared_lora,42,rank__inlegalbert__r32a64__legaleval__shared_lora__seed42,RLC,0.632183908045977,0.632183908045977,0.632183908045977,87.0
rank,inlegalbert,32,64,legaleval,shared_lora,42,rank__inlegalbert__r32a64__legaleval__shared_lora__seed42,RPC,0.8688524590163934,0.8238341968911918,0.8457446808510638,193.0
rank,inlegalbert,32,64,legaleval,shared_lora,42,rank__inlegalbert__r32a64__legaleval__shared_lora__seed42,STA,0.8823529411764706,0.7627118644067796,0.8181818181818182,59.0
rank,inlegalbert,32,64,marro_india,category_lora,42,rank__inlegalbert__r32a64__marro_india__category_lora__seed42,ARG,0.7297297297297297,0.72,0.7248322147651006,150.0
rank,inlegalbert,32,64,marro_india,category_lora,42,rank__inlegalbert__r32a64__marro_india__category_lora__seed42,FAC,0.6706484641638225,0.7081081081081081,0.6888694127957932,555.0
rank,inlegalbert,32,64,marro_india,category_lora,42,rank__inlegalbert__r32a64__marro_india__category_lora__seed42,PRE,0.8095238095238095,0.30670103092783507,0.44485981308411215,388.0
rank,inlegalbert,32,64,marro_india,category_lora,42,rank__inlegalbert__r32a64__marro_india__category_lora__seed42,RATIO,0.5619116582186822,0.8631813125695217,0.6807017543859649,899.0
rank,inlegalbert,32,64,marro_india,category_lora,42,rank__inlegalbert__r32a64__marro_india__category_lora__seed42,RLC,0.9545454545454546,0.1099476439790576,0.19718309859154928,191.0
rank,inlegalbert,32,64,marro_india,category_lora,42,rank__inlegalbert__r32a64__marro_india__category_lora__seed42,RPC,0.8163265306122449,0.3883495145631068,0.5263157894736842,103.0
rank,inlegalbert,32,64,marro_india,category_lora,42,rank__inlegalbert__r32a64__marro_india__category_lora__seed42,STA,0.8369098712446352,0.6964285714285714,0.7602339181286549,280.0
rank,inlegalbert,32,64,marro_india,role_adapter,42,rank__inlegalbert__r32a64__marro_india__role_adapter__seed42,ARG,0.7697841726618705,0.7133333333333334,0.740484429065744,150.0
rank,inlegalbert,32,64,marro_india,role_adapter,42,rank__inlegalbert__r32a64__marro_india__role_adapter__seed42,FAC,0.6666666666666666,0.7207207207207207,0.6926406926406926,555.0
rank,inlegalbert,32,64,marro_india,role_adapter,42,rank__inlegalbert__r32a64__marro_india__role_adapter__seed42,PRE,0.7559523809523809,0.327319587628866,0.4568345323741007,388.0
rank,inlegalbert,32,64,marro_india,role_adapter,42,rank__inlegalbert__r32a64__marro_india__role_adapter__seed42,RATIO,0.5838926174496645,0.8709677419354839,0.6991071428571428,899.0
rank,inlegalbert,32,64,marro_india,role_adapter,42,rank__inlegalbert__r32a64__marro_india__role_adapter__seed42,RLC,0.85,0.08900523560209424,0.16113744075829384,191.0
rank,inlegalbert,32,64,marro_india,role_adapter,42,rank__inlegalbert__r32a64__marro_india__role_adapter__seed42,RPC,0.8148148148148148,0.42718446601941745,0.5605095541401274,103.0
rank,inlegalbert,32,64,marro_india,role_adapter,42,rank__inlegalbert__r32a64__marro_india__role_adapter__seed42,STA,0.8319672131147541,0.725,0.7748091603053435,280.0
rank,inlegalbert,32,64,marro_india,shared_lora,42,rank__inlegalbert__r32a64__marro_india__shared_lora__seed42,ARG,0.7583892617449665,0.7533333333333333,0.7558528428093646,150.0
rank,inlegalbert,32,64,marro_india,shared_lora,42,rank__inlegalbert__r32a64__marro_india__shared_lora__seed42,FAC,0.6613756613756614,0.6756756756756757,0.6684491978609626,555.0
rank,inlegalbert,32,64,marro_india,shared_lora,42,rank__inlegalbert__r32a64__marro_india__shared_lora__seed42,PRE,0.7238805970149254,0.25,0.3716475095785441,388.0
rank,inlegalbert,32,64,marro_india,shared_lora,42,rank__inlegalbert__r32a64__marro_india__shared_lora__seed42,RATIO,0.5631349782293179,0.8631813125695217,0.681598594642073,899.0
rank,inlegalbert,32,64,marro_india,shared_lora,42,rank__inlegalbert__r32a64__marro_india__shared_lora__seed42,RLC,0.8823529411764706,0.07853403141361257,0.14423076923076922,191.0
rank,inlegalbert,32,64,marro_india,shared_lora,42,rank__inlegalbert__r32a64__marro_india__shared_lora__seed42,RPC,0.7586206896551724,0.42718446601941745,0.546583850931677,103.0
rank,inlegalbert,32,64,marro_india,shared_lora,42,rank__inlegalbert__r32a64__marro_india__shared_lora__seed42,STA,0.8212927756653993,0.7714285714285715,0.7955801104972375,280.0
rank,inlegalbert,32,64,marro_uk,category_lora,42,rank__inlegalbert__r32a64__marro_uk__category_lora__seed42,ARG,0.42857142857142855,0.375,0.4,40.0
rank,inlegalbert,32,64,marro_uk,category_lora,42,rank__inlegalbert__r32a64__marro_uk__category_lora__seed42,FAC,0.4817073170731707,0.7821782178217822,0.5962264150943396,303.0
rank,inlegalbert,32,64,marro_uk,category_lora,42,rank__inlegalbert__r32a64__marro_uk__category_lora__seed42,PRE,0.35714285714285715,0.41420118343195267,0.3835616438356164,169.0
rank,inlegalbert,32,64,marro_uk,category_lora,42,rank__inlegalbert__r32a64__marro_uk__category_lora__seed42,RATIO,0.8754988028731046,0.7141927083333334,0.7866618859806382,1536.0
rank,inlegalbert,32,64,marro_uk,category_lora,42,rank__inlegalbert__r32a64__marro_uk__category_lora__seed42,RLC,0.2777777777777778,0.125,0.1724137931034483,40.0
rank,inlegalbert,32,64,marro_uk,category_lora,42,rank__inlegalbert__r32a64__marro_uk__category_lora__seed42,RPC,0.5,0.36363636363636365,0.42105263157894735,11.0
rank,inlegalbert,32,64,marro_uk,category_lora,42,rank__inlegalbert__r32a64__marro_uk__category_lora__seed42,STA,0.3160919540229885,0.7142857142857143,0.43824701195219123,77.0
rank,inlegalbert,32,64,marro_uk,role_adapter,42,rank__inlegalbert__r32a64__marro_uk__role_adapter__seed42,ARG,0.4444444444444444,0.3,0.3582089552238806,40.0
rank,inlegalbert,32,64,marro_uk,role_adapter,42,rank__inlegalbert__r32a64__marro_uk__role_adapter__seed42,FAC,0.4888888888888889,0.6534653465346535,0.559322033898305,303.0
rank,inlegalbert,32,64,marro_uk,role_adapter,42,rank__inlegalbert__r32a64__marro_uk__role_adapter__seed42,PRE,0.36428571428571427,0.30177514792899407,0.3300970873786408,169.0
rank,inlegalbert,32,64,marro_uk,role_adapter,42,rank__inlegalbert__r32a64__marro_uk__role_adapter__seed42,RATIO,0.8398856325947105,0.7649739583333334,0.8006814310051107,1536.0
rank,inlegalbert,32,64,marro_uk,role_adapter,42,rank__inlegalbert__r32a64__marro_uk__role_adapter__seed42,RLC,0.2631578947368421,0.25,0.2564102564102564,40.0
rank,inlegalbert,32,64,marro_uk,role_adapter,42,rank__inlegalbert__r32a64__marro_uk__role_adapter__seed42,RPC,0.4166666666666667,0.45454545454545453,0.43478260869565216,11.0
rank,inlegalbert,32,64,marro_uk,role_adapter,42,rank__inlegalbert__r32a64__marro_uk__role_adapter__seed42,STA,0.33548387096774196,0.6753246753246753,0.4482758620689655,77.0
rank,inlegalbert,32,64,marro_uk,shared_lora,42,rank__inlegalbert__r32a64__marro_uk__shared_lora__seed42,ARG,0.4482758620689655,0.325,0.37681159420289856,40.0
rank,inlegalbert,32,64,marro_uk,shared_lora,42,rank__inlegalbert__r32a64__marro_uk__shared_lora__seed42,FAC,0.5107913669064749,0.7029702970297029,0.5916666666666667,303.0
rank,inlegalbert,32,64,marro_uk,shared_lora,42,rank__inlegalbert__r32a64__marro_uk__shared_lora__seed42,PRE,0.3795620437956204,0.3076923076923077,0.33986928104575165,169.0
rank,inlegalbert,32,64,marro_uk,shared_lora,42,rank__inlegalbert__r32a64__marro_uk__shared_lora__seed42,RATIO,0.8468271334792122,0.755859375,0.7987616099071208,1536.0
rank,inlegalbert,32,64,marro_uk,shared_lora,42,rank__inlegalbert__r32a64__marro_uk__shared_lora__seed42,RLC,0.23255813953488372,0.25,0.24096385542168675,40.0
rank,inlegalbert,32,64,marro_uk,shared_lora,42,rank__inlegalbert__r32a64__marro_uk__shared_lora__seed42,RPC,0.38461538461538464,0.45454545454545453,0.4166666666666667,11.0
rank,inlegalbert,32,64,marro_uk,shared_lora,42,rank__inlegalbert__r32a64__marro_uk__shared_lora__seed42,STA,0.3373493975903614,0.7272727272727273,0.4609053497942387,77.0
rank,inlegalbert,4,8,iltur_cl,category_lora,42,rank__inlegalbert__r4a8__iltur_cl__category_lora__seed42,ARG,0.6712962962962963,0.7323232323232324,0.7004830917874396,198.0
rank,inlegalbert,4,8,iltur_cl,category_lora,42,rank__inlegalbert__r4a8__iltur_cl__category_lora__seed42,FAC,0.571830985915493,0.8285714285714286,0.6766666666666666,245.0
rank,inlegalbert,4,8,iltur_cl,category_lora,42,rank__inlegalbert__r4a8__iltur_cl__category_lora__seed42,PRE,0.6029411764705882,0.4939759036144578,0.543046357615894,249.0
rank,inlegalbert,4,8,iltur_cl,category_lora,42,rank__inlegalbert__r4a8__iltur_cl__category_lora__seed42,RATIO,0.6432432432432432,0.5496535796766744,0.5927770859277709,433.0
rank,inlegalbert,4,8,iltur_cl,category_lora,42,rank__inlegalbert__r4a8__iltur_cl__category_lora__seed42,RLC,0.0,0.0,0.0,23.0
rank,inlegalbert,4,8,iltur_cl,category_lora,42,rank__inlegalbert__r4a8__iltur_cl__category_lora__seed42,RPC,0.4,0.8333333333333334,0.5405405405405406,12.0
rank,inlegalbert,4,8,iltur_cl,category_lora,42,rank__inlegalbert__r4a8__iltur_cl__category_lora__seed42,STA,0.8387096774193549,0.611764705882353,0.7074829931972789,85.0
rank,inlegalbert,4,8,iltur_cl,role_adapter,42,rank__inlegalbert__r4a8__iltur_cl__role_adapter__seed42,ARG,0.677570093457944,0.7323232323232324,0.7038834951456311,198.0
rank,inlegalbert,4,8,iltur_cl,role_adapter,42,rank__inlegalbert__r4a8__iltur_cl__role_adapter__seed42,FAC,0.5714285714285714,0.8326530612244898,0.6777408637873754,245.0
rank,inlegalbert,4,8,iltur_cl,role_adapter,42,rank__inlegalbert__r4a8__iltur_cl__role_adapter__seed42,PRE,0.6019900497512438,0.4859437751004016,0.5377777777777778,249.0
rank,inlegalbert,4,8,iltur_cl,role_adapter,42,rank__inlegalbert__r4a8__iltur_cl__role_adapter__seed42,RATIO,0.651595744680851,0.5658198614318707,0.6056860321384425,433.0
rank,inlegalbert,4,8,iltur_cl,role_adapter,42,rank__inlegalbert__r4a8__iltur_cl__role_adapter__seed42,RLC,0.0,0.0,0.0,23.0
rank,inlegalbert,4,8,iltur_cl,role_adapter,42,rank__inlegalbert__r4a8__iltur_cl__role_adapter__seed42,RPC,0.38461538461538464,0.8333333333333334,0.5263157894736842,12.0
rank,inlegalbert,4,8,iltur_cl,role_adapter,42,rank__inlegalbert__r4a8__iltur_cl__role_adapter__seed42,STA,0.828125,0.6235294117647059,0.7114093959731543,85.0
rank,inlegalbert,4,8,iltur_cl,shared_lora,42,rank__inlegalbert__r4a8__iltur_cl__shared_lora__seed42,ARG,0.6981132075471698,0.7474747474747475,0.7219512195121951,198.0
rank,inlegalbert,4,8,iltur_cl,shared_lora,42,rank__inlegalbert__r4a8__iltur_cl__shared_lora__seed42,FAC,0.5766016713091922,0.8448979591836735,0.6854304635761589,245.0
rank,inlegalbert,4,8,iltur_cl,shared_lora,42,rank__inlegalbert__r4a8__iltur_cl__shared_lora__seed42,PRE,0.6135265700483091,0.5100401606425703,0.5570175438596491,249.0
rank,inlegalbert,4,8,iltur_cl,shared_lora,42,rank__inlegalbert__r4a8__iltur_cl__shared_lora__seed42,RATIO,0.649616368286445,0.5866050808314087,0.616504854368932,433.0
rank,inlegalbert,4,8,iltur_cl,shared_lora,42,rank__inlegalbert__r4a8__iltur_cl__shared_lora__seed42,RLC,0.0,0.0,0.0,23.0
rank,inlegalbert,4,8,iltur_cl,shared_lora,42,rank__inlegalbert__r4a8__iltur_cl__shared_lora__seed42,RPC,0.2,0.16666666666666666,0.18181818181818182,12.0
rank,inlegalbert,4,8,iltur_cl,shared_lora,42,rank__inlegalbert__r4a8__iltur_cl__shared_lora__seed42,STA,0.7878787878787878,0.611764705882353,0.6887417218543046,85.0
rank,inlegalbert,4,8,iltur_it,category_lora,42,rank__inlegalbert__r4a8__iltur_it__category_lora__seed42,ARG,0.7032967032967034,0.5981308411214953,0.6464646464646465,107.0
rank,inlegalbert,4,8,iltur_it,category_lora,42,rank__inlegalbert__r4a8__iltur_it__category_lora__seed42,FAC,0.7482014388489209,0.7938931297709924,0.7703703703703704,131.0
rank,inlegalbert,4,8,iltur_it,category_lora,42,rank__inlegalbert__r4a8__iltur_it__category_lora__seed42,PRE,0.7395833333333334,0.5,0.5966386554621849,142.0
rank,inlegalbert,4,8,iltur_it,category_lora,42,rank__inlegalbert__r4a8__iltur_it__category_lora__seed42,RATIO,0.46691176470588236,0.7559523809523809,0.5772727272727273,168.0
rank,inlegalbert,4,8,iltur_it,category_lora,42,rank__inlegalbert__r4a8__iltur_it__category_lora__seed42,RLC,0.7631578947368421,0.3020833333333333,0.43283582089552236,96.0
rank,inlegalbert,4,8,iltur_it,category_lora,42,rank__inlegalbert__r4a8__iltur_it__category_lora__seed42,RPC,0.5151515151515151,0.8095238095238095,0.6296296296296297,21.0
rank,inlegalbert,4,8,iltur_it,category_lora,42,rank__inlegalbert__r4a8__iltur_it__category_lora__seed42,STA,0.8064516129032258,0.7731958762886598,0.7894736842105263,97.0
rank,inlegalbert,4,8,iltur_it,role_adapter,42,rank__inlegalbert__r4a8__iltur_it__role_adapter__seed42,ARG,0.7564102564102564,0.5514018691588785,0.6378378378378379,107.0
rank,inlegalbert,4,8,iltur_it,role_adapter,42,rank__inlegalbert__r4a8__iltur_it__role_adapter__seed42,FAC,0.7703703703703704,0.7938931297709924,0.7819548872180451,131.0
rank,inlegalbert,4,8,iltur_it,role_adapter,42,rank__inlegalbert__r4a8__iltur_it__role_adapter__seed42,PRE,0.7238095238095238,0.5352112676056338,0.6153846153846154,142.0
rank,inlegalbert,4,8,iltur_it,role_adapter,42,rank__inlegalbert__r4a8__iltur_it__role_adapter__seed42,RATIO,0.4742647058823529,0.7678571428571429,0.5863636363636363,168.0
rank,inlegalbert,4,8,iltur_it,role_adapter,42,rank__inlegalbert__r4a8__iltur_it__role_adapter__seed42,RLC,0.7837837837837838,0.3020833333333333,0.43609022556390975,96.0
rank,inlegalbert,4,8,iltur_it,role_adapter,42,rank__inlegalbert__r4a8__iltur_it__role_adapter__seed42,RPC,0.5151515151515151,0.8095238095238095,0.6296296296296297,21.0
rank,inlegalbert,4,8,iltur_it,role_adapter,42,rank__inlegalbert__r4a8__iltur_it__role_adapter__seed42,STA,0.7941176470588235,0.8350515463917526,0.8140703517587939,97.0
rank,inlegalbert,4,8,iltur_it,shared_lora,42,rank__inlegalbert__r4a8__iltur_it__shared_lora__seed42,ARG,0.7714285714285715,0.5046728971962616,0.6101694915254238,107.0
rank,inlegalbert,4,8,iltur_it,shared_lora,42,rank__inlegalbert__r4a8__iltur_it__shared_lora__seed42,FAC,0.6923076923076923,0.8244274809160306,0.7526132404181185,131.0
rank,inlegalbert,4,8,iltur_it,shared_lora,42,rank__inlegalbert__r4a8__iltur_it__shared_lora__seed42,PRE,0.6310679611650486,0.45774647887323944,0.5306122448979592,142.0
rank,inlegalbert,4,8,iltur_it,shared_lora,42,rank__inlegalbert__r4a8__iltur_it__shared_lora__seed42,RATIO,0.45484949832775917,0.8095238095238095,0.582441113490364,168.0
rank,inlegalbert,4,8,iltur_it,shared_lora,42,rank__inlegalbert__r4a8__iltur_it__shared_lora__seed42,RLC,0.9,0.09375,0.16981132075471697,96.0
rank,inlegalbert,4,8,iltur_it,shared_lora,42,rank__inlegalbert__r4a8__iltur_it__shared_lora__seed42,RPC,0.5,0.42857142857142855,0.46153846153846156,21.0
rank,inlegalbert,4,8,iltur_it,shared_lora,42,rank__inlegalbert__r4a8__iltur_it__shared_lora__seed42,STA,0.7641509433962265,0.8350515463917526,0.7980295566502463,97.0
rank,inlegalbert,4,8,legaleval,category_lora,42,rank__inlegalbert__r4a8__legaleval__category_lora__seed42,ARG,0.7554858934169278,0.7194029850746269,0.7370030581039755,335.0
rank,inlegalbert,4,8,legaleval,category_lora,42,rank__inlegalbert__r4a8__legaleval__category_lora__seed42,FAC,0.8688699360341151,0.8916849015317286,0.8801295896328294,914.0
rank,inlegalbert,4,8,legaleval,category_lora,42,rank__inlegalbert__r4a8__legaleval__category_lora__seed42,PRE,0.6809815950920245,0.7816901408450704,0.7278688524590164,142.0
rank,inlegalbert,4,8,legaleval,category_lora,42,rank__inlegalbert__r4a8__legaleval__category_lora__seed42,RATIO,0.6181818181818182,0.5271317829457365,0.5690376569037657,129.0
rank,inlegalbert,4,8,legaleval,category_lora,42,rank__inlegalbert__r4a8__legaleval__category_lora__seed42,RLC,0.5913978494623656,0.632183908045977,0.6111111111111112,87.0
rank,inlegalbert,4,8,legaleval,category_lora,42,rank__inlegalbert__r4a8__legaleval__category_lora__seed42,RPC,0.8611111111111112,0.8031088082901554,0.8310991957104558,193.0
rank,inlegalbert,4,8,legaleval,category_lora,42,rank__inlegalbert__r4a8__legaleval__category_lora__seed42,STA,0.8035714285714286,0.7627118644067796,0.782608695652174,59.0
rank,inlegalbert,4,8,legaleval,role_adapter,42,rank__inlegalbert__r4a8__legaleval__role_adapter__seed42,ARG,0.7545454545454545,0.7432835820895523,0.7488721804511278,335.0
rank,inlegalbert,4,8,legaleval,role_adapter,42,rank__inlegalbert__r4a8__legaleval__role_adapter__seed42,FAC,0.8777895855472901,0.9037199124726477,0.8905660377358491,914.0
rank,inlegalbert,4,8,legaleval,role_adapter,42,rank__inlegalbert__r4a8__legaleval__role_adapter__seed42,PRE,0.6845238095238095,0.8098591549295775,0.7419354838709677,142.0
rank,inlegalbert,4,8,legaleval,role_adapter,42,rank__inlegalbert__r4a8__legaleval__role_adapter__seed42,RATIO,0.6574074074074074,0.5503875968992248,0.5991561181434599,129.0
rank,inlegalbert,4,8,legaleval,role_adapter,42,rank__inlegalbert__r4a8__legaleval__role_adapter__seed42,RLC,0.7236842105263158,0.632183908045977,0.6748466257668712,87.0
rank,inlegalbert,4,8,legaleval,role_adapter,42,rank__inlegalbert__r4a8__legaleval__role_adapter__seed42,RPC,0.8722222222222222,0.8134715025906736,0.8418230563002681,193.0
rank,inlegalbert,4,8,legaleval,role_adapter,42,rank__inlegalbert__r4a8__legaleval__role_adapter__seed42,STA,0.8392857142857143,0.7966101694915254,0.8173913043478261,59.0
rank,inlegalbert,4,8,legaleval,shared_lora,42,rank__inlegalbert__r4a8__legaleval__shared_lora__seed42,ARG,0.7253731343283583,0.7253731343283583,0.7253731343283583,335.0
rank,inlegalbert,4,8,legaleval,shared_lora,42,rank__inlegalbert__r4a8__legaleval__shared_lora__seed42,FAC,0.8650627615062761,0.9048140043763676,0.8844919786096257,914.0
rank,inlegalbert,4,8,legaleval,shared_lora,42,rank__inlegalbert__r4a8__legaleval__shared_lora__seed42,PRE,0.6627906976744186,0.8028169014084507,0.7261146496815286,142.0
rank,inlegalbert,4,8,legaleval,shared_lora,42,rank__inlegalbert__r4a8__legaleval__shared_lora__seed42,RATIO,0.6451612903225806,0.46511627906976744,0.5405405405405406,129.0
rank,inlegalbert,4,8,legaleval,shared_lora,42,rank__inlegalbert__r4a8__legaleval__shared_lora__seed42,RLC,0.6857142857142857,0.5517241379310345,0.6114649681528662,87.0
rank,inlegalbert,4,8,legaleval,shared_lora,42,rank__inlegalbert__r4a8__legaleval__shared_lora__seed42,RPC,0.851063829787234,0.8290155440414507,0.8398950131233596,193.0
rank,inlegalbert,4,8,legaleval,shared_lora,42,rank__inlegalbert__r4a8__legaleval__shared_lora__seed42,STA,0.8666666666666667,0.6610169491525424,0.75,59.0
rank,inlegalbert,4,8,marro_india,category_lora,42,rank__inlegalbert__r4a8__marro_india__category_lora__seed42,ARG,0.7761194029850746,0.6933333333333334,0.7323943661971831,150.0
rank,inlegalbert,4,8,marro_india,category_lora,42,rank__inlegalbert__r4a8__marro_india__category_lora__seed42,FAC,0.667779632721202,0.7207207207207207,0.6932409012131716,555.0
rank,inlegalbert,4,8,marro_india,category_lora,42,rank__inlegalbert__r4a8__marro_india__category_lora__seed42,PRE,0.7716535433070866,0.25257731958762886,0.38058252427184464,388.0
rank,inlegalbert,4,8,marro_india,category_lora,42,rank__inlegalbert__r4a8__marro_india__category_lora__seed42,RATIO,0.5496129486277269,0.8687430478309233,0.6732758620689655,899.0
rank,inlegalbert,4,8,marro_india,category_lora,42,rank__inlegalbert__r4a8__marro_india__category_lora__seed42,RLC,0.8,0.041884816753926704,0.07960199004975124,191.0
rank,inlegalbert,4,8,marro_india,category_lora,42,rank__inlegalbert__r4a8__marro_india__category_lora__seed42,RPC,0.86,0.4174757281553398,0.5620915032679739,103.0
rank,inlegalbert,4,8,marro_india,category_lora,42,rank__inlegalbert__r4a8__marro_india__category_lora__seed42,STA,0.8755555555555555,0.7035714285714286,0.7801980198019802,280.0
rank,inlegalbert,4,8,marro_india,role_adapter,42,rank__inlegalbert__r4a8__marro_india__role_adapter__seed42,ARG,0.8015267175572519,0.7,0.7473309608540926,150.0
rank,inlegalbert,4,8,marro_india,role_adapter,42,rank__inlegalbert__r4a8__marro_india__role_adapter__seed42,FAC,0.6682926829268293,0.7405405405405405,0.7025641025641025,555.0
rank,inlegalbert,4,8,marro_india,role_adapter,42,rank__inlegalbert__r4a8__marro_india__role_adapter__seed42,PRE,0.7857142857142857,0.2551546391752577,0.3852140077821012,388.0
rank,inlegalbert,4,8,marro_india,role_adapter,42,rank__inlegalbert__r4a8__marro_india__role_adapter__seed42,RATIO,0.5627240143369175,0.8731924360400445,0.6843940714908456,899.0
rank,inlegalbert,4,8,marro_india,role_adapter,42,rank__inlegalbert__r4a8__marro_india__role_adapter__seed42,RLC,0.7692307692307693,0.05235602094240838,0.09803921568627451,191.0
rank,inlegalbert,4,8,marro_india,role_adapter,42,rank__inlegalbert__r4a8__marro_india__role_adapter__seed42,RPC,0.86,0.4174757281553398,0.5620915032679739,103.0
rank,inlegalbert,4,8,marro_india,role_adapter,42,rank__inlegalbert__r4a8__marro_india__role_adapter__seed42,STA,0.8728813559322034,0.7357142857142858,0.7984496124031008,280.0
rank,inlegalbert,4,8,marro_india,shared_lora,42,rank__inlegalbert__r4a8__marro_india__shared_lora__seed42,ARG,0.7482014388489209,0.6933333333333334,0.7197231833910035,150.0
rank,inlegalbert,4,8,marro_india,shared_lora,42,rank__inlegalbert__r4a8__marro_india__shared_lora__seed42,FAC,0.6626916524701874,0.7009009009009008,0.681260945709282,555.0
rank,inlegalbert,4,8,marro_india,shared_lora,42,rank__inlegalbert__r4a8__marro_india__shared_lora__seed42,PRE,0.7196969696969697,0.24484536082474226,0.36538461538461536,388.0
rank,inlegalbert,4,8,marro_india,shared_lora,42,rank__inlegalbert__r4a8__marro_india__shared_lora__seed42,RATIO,0.5506329113924051,0.8709677419354839,0.6747091770788454,899.0
rank,inlegalbert,4,8,marro_india,shared_lora,42,rank__inlegalbert__r4a8__marro_india__shared_lora__seed42,RLC,1.0,0.010471204188481676,0.02072538860103627,191.0
rank,inlegalbert,4,8,marro_india,shared_lora,42,rank__inlegalbert__r4a8__marro_india__shared_lora__seed42,RPC,0.8181818181818182,0.4368932038834951,0.569620253164557,103.0
rank,inlegalbert,4,8,marro_india,shared_lora,42,rank__inlegalbert__r4a8__marro_india__shared_lora__seed42,STA,0.851528384279476,0.6964285714285714,0.7662082514734774,280.0
rank,inlegalbert,4,8,marro_uk,category_lora,42,rank__inlegalbert__r4a8__marro_uk__category_lora__seed42,ARG,0.43333333333333335,0.325,0.37142857142857144,40.0
rank,inlegalbert,4,8,marro_uk,category_lora,42,rank__inlegalbert__r4a8__marro_uk__category_lora__seed42,FAC,0.4821002386634845,0.6666666666666666,0.5595567867036011,303.0
rank,inlegalbert,4,8,marro_uk,category_lora,42,rank__inlegalbert__r4a8__marro_uk__category_lora__seed42,PRE,0.38524590163934425,0.2781065088757396,0.3230240549828179,169.0
rank,inlegalbert,4,8,marro_uk,category_lora,42,rank__inlegalbert__r4a8__marro_uk__category_lora__seed42,RATIO,0.8342736248236954,0.7701822916666666,0.8009478672985783,1536.0
rank,inlegalbert,4,8,marro_uk,category_lora,42,rank__inlegalbert__r4a8__marro_uk__category_lora__seed42,RLC,0.18518518518518517,0.125,0.14925373134328357,40.0
rank,inlegalbert,4,8,marro_uk,category_lora,42,rank__inlegalbert__r4a8__marro_uk__category_lora__seed42,RPC,0.6666666666666666,0.5454545454545454,0.6,11.0
rank,inlegalbert,4,8,marro_uk,category_lora,42,rank__inlegalbert__r4a8__marro_uk__category_lora__seed42,STA,0.3576158940397351,0.7012987012987013,0.47368421052631576,77.0
rank,inlegalbert,4,8,marro_uk,role_adapter,42,rank__inlegalbert__r4a8__marro_uk__role_adapter__seed42,ARG,0.41935483870967744,0.325,0.36619718309859156,40.0
rank,inlegalbert,4,8,marro_uk,role_adapter,42,rank__inlegalbert__r4a8__marro_uk__role_adapter__seed42,FAC,0.5,0.6732673267326733,0.5738396624472574,303.0
rank,inlegalbert,4,8,marro_uk,role_adapter,42,rank__inlegalbert__r4a8__marro_uk__role_adapter__seed42,PRE,0.4214876033057851,0.30177514792899407,0.35172413793103446,169.0
rank,inlegalbert,4,8,marro_uk,role_adapter,42,rank__inlegalbert__r4a8__marro_uk__role_adapter__seed42,RATIO,0.84,0.779296875,0.8085106382978723,1536.0
rank,inlegalbert,4,8,marro_uk,role_adapter,42,rank__inlegalbert__r4a8__marro_uk__role_adapter__seed42,RLC,0.28,0.175,0.2153846153846154,40.0
rank,inlegalbert,4,8,marro_uk,role_adapter,42,rank__inlegalbert__r4a8__marro_uk__role_adapter__seed42,RPC,0.5,0.5454545454545454,0.5217391304347826,11.0
rank,inlegalbert,4,8,marro_uk,role_adapter,42,rank__inlegalbert__r4a8__marro_uk__role_adapter__seed42,STA,0.34415584415584416,0.6883116883116883,0.4588744588744589,77.0
rank,inlegalbert,4,8,marro_uk,shared_lora,42,rank__inlegalbert__r4a8__marro_uk__shared_lora__seed42,ARG,0.75,0.075,0.13636363636363635,40.0
rank,inlegalbert,4,8,marro_uk,shared_lora,42,rank__inlegalbert__r4a8__marro_uk__shared_lora__seed42,FAC,0.4856512141280353,0.7260726072607261,0.582010582010582,303.0
rank,inlegalbert,4,8,marro_uk,shared_lora,42,rank__inlegalbert__r4a8__marro_uk__shared_lora__seed42,PRE,0.4177215189873418,0.1952662721893491,0.2661290322580645,169.0
rank,inlegalbert,4,8,marro_uk,shared_lora,42,rank__inlegalbert__r4a8__marro_uk__shared_lora__seed42,RATIO,0.8348062542488104,0.7994791666666666,0.8167608912537413,1536.0
rank,inlegalbert,4,8,marro_uk,shared_lora,42,rank__inlegalbert__r4a8__marro_uk__shared_lora__seed42,RLC,0.21052631578947367,0.1,0.13559322033898305,40.0
rank,inlegalbert,4,8,marro_uk,shared_lora,42,rank__inlegalbert__r4a8__marro_uk__shared_lora__seed42,RPC,0.5,0.18181818181818182,0.26666666666666666,11.0
rank,inlegalbert,4,8,marro_uk,shared_lora,42,rank__inlegalbert__r4a8__marro_uk__shared_lora__seed42,STA,0.3835616438356164,0.7272727272727273,0.5022421524663677,77.0
