path,bytes,possible_lfs_pointer
data/raw/DATASETS.txt,1145,False
data/raw/build_public/dev.json,1265870,False
data/raw/build_public/train.json,13645789,False
data/raw/cuad/.cache/huggingface/.gitignore,1,False
data/raw/cuad/.cache/huggingface/CACHEDIR.TAG,191,False
data/raw/cuad/.cache/huggingface/download/.gitattributes.lock,0,False
data/raw/cuad/.cache/huggingface/download/.gitattributes.metadata,101,False
data/raw/cuad/.cache/huggingface/download/CUAD_v1/CUAD v1 ReadMe _ Datasheet/CUAD_v1_README.txt.lock,0,False
data/raw/cuad/.cache/huggingface/download/CUAD_v1/CUAD v1 ReadMe _ Datasheet/CUAD_v1_README.txt.metadata,101,False
data/raw/cuad/.cache/huggingface/download/CUAD_v1/CUAD v1 ReadMe _ Datasheet/Datasheet_for_Contract_Understanding_Atticus_Dataset_(CUAD)_v1.pdf.lock,0,False
data/raw/cuad/.cache/huggingface/download/CUAD_v1/CUAD v1 ReadMe _ Datasheet/Datasheet_for_Contract_Understanding_Atticus_Dataset_(CUAD)_v1.pdf.metadata,101,False
data/raw/cuad/.cache/huggingface/download/CUAD_v1/CUAD_v1.json.lock,0,False
data/raw/cuad/.cache/huggingface/download/CUAD_v1/CUAD_v1.json.metadata,125,False
data/raw/cuad/.cache/huggingface/download/CUAD_v1/full_contract_pdf/Part_I/Affiliate_Agreements/CreditcardscomInc_20070810_S-1_EX-10.33_362297_EX-10.33_Affiliate Agreement.pdf.lock,0,False
data/raw/cuad/.cache/huggingface/download/CUAD_v1/full_contract_pdf/Part_I/Affiliate_Agreements/CreditcardscomInc_20070810_S-1_EX-10.33_362297_EX-10.33_Affiliate Agreement.pdf.metadata,101,False
data/raw/cuad/.cache/huggingface/download/CUAD_v1/full_contract_pdf/Part_I/Affiliate_Agreements/CybergyHoldingsInc_20140520_10-Q_EX-10.27_8605784_EX-10.27_Affiliate Agreement.pdf.lock,0,False
data/raw/cuad/.cache/huggingface/download/CUAD_v1/full_contract_pdf/Part_I/Affiliate_Agreements/CybergyHoldingsInc_20140520_10-Q_EX-10.27_8605784_EX-10.27_Affiliate Agreement.pdf.metadata,101,False
data/raw/cuad/.cache/huggingface/download/CUAD_v1/full_contract_pdf/Part_I/Affiliate_Agreements/DigitalCinemaDestinationsCorp_20111220_S-1_EX-10.10_7346719_EX-10.10_Affiliate Agreement.pdf.lock,0,False
data/raw/cuad/.cache/huggingface/download/CUAD_v1/full_contract_pdf/Part_I/Affiliate_Agreements/DigitalCinemaDestinationsCorp_20111220_S-1_EX-10.10_7346719_EX-10.10_Affiliate Agreement.pdf.metadata,101,False
data/raw/cuad/.cache/huggingface/download/CUAD_v1/full_contract_pdf/Part_I/Affiliate_Agreements/LinkPlusCorp_20050802_8-K_EX-10_3240252_EX-10_Affiliate Agreement.pdf.lock,0,False
data/raw/cuad/.cache/huggingface/download/CUAD_v1/full_contract_pdf/Part_I/Affiliate_Agreements/LinkPlusCorp_20050802_8-K_EX-10_3240252_EX-10_Affiliate Agreement.pdf.metadata,101,False
data/raw/cuad/.cache/huggingface/download/CUAD_v1/full_contract_pdf/Part_I/Affiliate_Agreements/SouthernStarEnergyInc_20051202_SB-2A_EX-9_801890_EX-9_Affiliate Agreement.pdf.lock,0,False
data/raw/cuad/.cache/huggingface/download/CUAD_v1/full_contract_pdf/Part_I/Affiliate_Agreements/SouthernStarEnergyInc_20051202_SB-2A_EX-9_801890_EX-9_Affiliate Agreement.pdf.metadata,101,False
data/raw/cuad/.cache/huggingface/download/CUAD_v1/full_contract_pdf/Part_I/Affiliate_Agreements/SteelVaultCorp_20081224_10-K_EX-10.16_3074935_EX-10.16_Affiliate Agreement.pdf.lock,0,False
data/raw/cuad/.cache/huggingface/download/CUAD_v1/full_contract_pdf/Part_I/Affiliate_Agreements/SteelVaultCorp_20081224_10-K_EX-10.16_3074935_EX-10.16_Affiliate Agreement.pdf.metadata,101,False
data/raw/cuad/.cache/huggingface/download/CUAD_v1/full_contract_pdf/Part_I/Affiliate_Agreements/TubeMediaCorp_20060310_8-K_EX-10.1_513921_EX-10.1_Affiliate Agreement.pdf.lock,0,False
data/raw/cuad/.cache/huggingface/download/CUAD_v1/full_contract_pdf/Part_I/Affiliate_Agreements/TubeMediaCorp_20060310_8-K_EX-10.1_513921_EX-10.1_Affiliate Agreement.pdf.metadata,101,False
data/raw/cuad/.cache/huggingface/download/CUAD_v1/full_contract_pdf/Part_I/Affiliate_Agreements/UnionDentalHoldingsInc_20050204_8-KA_EX-10_3345577_EX-10_Affiliate Agreement.pdf.lock,0,False
data/raw/cuad/.cache/huggingface/download/CUAD_v1/full_contract_pdf/Part_I/Affiliate_Agreements/UnionDentalHoldingsInc_20050204_8-KA_EX-10_3345577_EX-10_Affiliate Agreement.pdf.metadata,101,False
data/raw/cuad/.cache/huggingface/download/CUAD_v1/full_contract_pdf/Part_I/Affiliate_Agreements/UsioInc_20040428_SB-2_EX-10.11_1723988_EX-10.11_Affiliate Agreement 2.pdf.lock,0,False
data/raw/cuad/.cache/huggingface/download/CUAD_v1/full_contract_pdf/Part_I/Affiliate_Agreements/UsioInc_20040428_SB-2_EX-10.11_1723988_EX-10.11_Affiliate Agreement 2.pdf.metadata,101,False
data/raw/cuad/.cache/huggingface/download/CUAD_v1/full_contract_pdf/Part_I/Co_Branding/2ThemartComInc_19990826_10-12G_EX-10.10_6700288_EX-10.10_Co-Branding Agreement_ Agency Agreement.pdf.lock,0,False
data/raw/cuad/.cache/huggingface/download/CUAD_v1/full_contract_pdf/Part_I/Co_Branding/2ThemartComInc_19990826_10-12G_EX-10.10_6700288_EX-10.10_Co-Branding Agreement_ Agency Agreement.pdf.metadata,101,False
data/raw/cuad/.cache/huggingface/download/CUAD_v1/full_contract_pdf/Part_I/Co_Branding/DeltathreeInc_19991102_S-1A_EX-10.19_6227850_EX-10.19_Co-Branding Agreement_ Service Agreement.pdf.lock,0,False
data/raw/cuad/.cache/huggingface/download/CUAD_v1/full_contract_pdf/Part_I/Co_Branding/DeltathreeInc_19991102_S-1A_EX-10.19_6227850_EX-10.19_Co-Branding Agreement_ Service Agreement.pdf.metadata,101,False
data/raw/cuad/.cache/huggingface/download/CUAD_v1/full_contract_pdf/Part_I/Co_Branding/EbixInc_20010515_10-Q_EX-10.3_4049767_EX-10.3_Co-Branding Agreement.pdf.lock,0,False
data/raw/cuad/.cache/huggingface/download/CUAD_v1/full_contract_pdf/Part_I/Co_Branding/EbixInc_20010515_10-Q_EX-10.3_4049767_EX-10.3_Co-Branding Agreement.pdf.metadata,100,False
data/raw/cuad/.cache/huggingface/download/CUAD_v1/full_contract_pdf/Part_I/Co_Branding/EdietsComInc_20001030_10QSB_EX-10.4_2606646_EX-10.4_Co-Branding Agreement.pdf.lock,0,False
data/raw/cuad/.cache/huggingface/download/CUAD_v1/full_contract_pdf/Part_I/Co_Branding/EdietsComInc_20001030_10QSB_EX-10.4_2606646_EX-10.4_Co-Branding Agreement.pdf.metadata,101,False
data/raw/cuad/.cache/huggingface/download/CUAD_v1/full_contract_pdf/Part_I/Co_Branding/EmbarkComInc_19991008_S-1A_EX-10.10_6487661_EX-10.10_Co-Branding Agreement.pdf.lock,0,False
data/raw/cuad/.cache/huggingface/download/CUAD_v1/full_contract_pdf/Part_I/Co_Branding/EmbarkComInc_19991008_S-1A_EX-10.10_6487661_EX-10.10_Co-Branding Agreement.pdf.metadata,101,False
data/raw/cuad/.cache/huggingface/download/CUAD_v1/full_contract_pdf/Part_I/Co_Branding/HealthcentralCom_19991108_S-1A_EX-10.27_6623292_EX-10.27_Co-Branding Agreement.pdf.lock,0,False
data/raw/cuad/.cache/huggingface/download/CUAD_v1/full_contract_pdf/Part_I/Co_Branding/HealthcentralCom_19991108_S-1A_EX-10.27_6623292_EX-10.27_Co-Branding Agreement.pdf.metadata,100,False
data/raw/cuad/.cache/huggingface/download/CUAD_v1/full_contract_pdf/Part_I/Co_Branding/ImpresseCorp_20000322_S-1A_EX-10.11_5199234_EX-10.11_Co-Branding Agreement.pdf.lock,0,False
data/raw/cuad/.cache/huggingface/download/CUAD_v1/full_contract_pdf/Part_I/Co_Branding/ImpresseCorp_20000322_S-1A_EX-10.11_5199234_EX-10.11_Co-Branding Agreement.pdf.metadata,101,False
data/raw/cuad/.cache/huggingface/download/CUAD_v1/full_contract_pdf/Part_I/Co_Branding/IntegrityMediaInc_20010329_10-K405_EX-10.17_2373875_EX-10.17_Co-Branding Agreement.pdf.lock,0,False
data/raw/cuad/.cache/huggingface/download/CUAD_v1/full_contract_pdf/Part_I/Co_Branding/IntegrityMediaInc_20010329_10-K405_EX-10.17_2373875_EX-10.17_Co-Branding Agreement.pdf.metadata,101,False
data/raw/cuad/.cache/huggingface/download/CUAD_v1/full_contract_pdf/Part_I/Co_Branding/InvendaCorp_20000828_S-1A_EX-10.2_2588206_EX-10.2_Co-Branding Agreement.pdf.lock,0,False
data/raw/cuad/.cache/huggingface/download/CUAD_v1/full_contract_pdf/Part_I/Co_Branding/InvendaCorp_20000828_S-1A_EX-10.2_2588206_EX-10.2_Co-Branding Agreement.pdf.metadata,100,False
data/raw/cuad/.cache/huggingface/download/CUAD_v1/full_contract_pdf/Part_I/Co_Branding/LeadersonlineInc_20000427_S-1A_EX-10.8_4991089_EX-10.8_Co-Branding Agreement.pdf.lock,0,False
data/raw/cuad/.cache/huggingface/download/CUAD_v1/full_contract_pdf/Part_I/Co_Branding/LeadersonlineInc_20000427_S-1A_EX-10.8_4991089_EX-10.8_Co-Branding Agreement.pdf.metadata,101,False
data/raw/cuad/.cache/huggingface/download/CUAD_v1/full_contract_pdf/Part_I/Co_Branding/MphaseTechnologiesInc_20030911_10-K_EX-10.15_1560667_EX-10.15_Co-Branding Agreement.pdf.lock,0,False
data/raw/cuad/.cache/huggingface/download/CUAD_v1/full_contract_pdf/Part_I/Co_Branding/MphaseTechnologiesInc_20030911_10-K_EX-10.15_1560667_EX-10.15_Co-Branding Agreement.pdf.metadata,101,False
data/raw/cuad/.cache/huggingface/download/CUAD_v1/full_contract_pdf/Part_I/Co_Branding/MusclepharmCorp_20170208_10-KA_EX-10.38_9893581_EX-10.38_Co-Branding Agreement.pdf.lock,0,False
data/raw/cuad/.cache/huggingface/download/CUAD_v1/full_contract_pdf/Part_I/Co_Branding/MusclepharmCorp_20170208_10-KA_EX-10.38_9893581_EX-10.38_Co-Branding Agreement.pdf.metadata,101,False
data/raw/cuad/.cache/huggingface/download/CUAD_v1/full_contract_pdf/Part_I/Co_Branding/NeoformaInc_19991202_S-1A_EX-10.26_5224521_EX-10.26_Co-Branding Agreement.pdf.lock,0,False
data/raw/cuad/.cache/huggingface/download/CUAD_v1/full_contract_pdf/Part_I/Co_Branding/NeoformaInc_19991202_S-1A_EX-10.26_5224521_EX-10.26_Co-Branding Agreement.pdf.metadata,101,False
data/raw/cuad/.cache/huggingface/download/CUAD_v1/full_contract_pdf/Part_I/Co_Branding/PaperexchangeComInc_20000322_S-1A_EX-10.4_5202103_EX-10.4_Co-Branding Agreement.pdf.lock,0,False
data/raw/cuad/.cache/huggingface/download/CUAD_v1/full_contract_pdf/Part_I/Co_Branding/PaperexchangeComInc_20000322_S-1A_EX-10.4_5202103_EX-10.4_Co-Branding Agreement.pdf.metadata,100,False
data/raw/cuad/.cache/huggingface/download/CUAD_v1/full_contract_pdf/Part_I/Co_Branding/PcquoteComInc_19990721_S-1A_EX-10.11_6377149_EX-10.11_Co-Branding Agreement1.pdf.lock,0,False
data/raw/cuad/.cache/huggingface/download/CUAD_v1/full_contract_pdf/Part_I/Co_Branding/PcquoteComInc_19990721_S-1A_EX-10.11_6377149_EX-10.11_Co-Branding Agreement1.pdf.metadata,101,False
data/raw/cuad/.cache/huggingface/download/CUAD_v1/full_contract_pdf/Part_I/Co_Branding/PcquoteComInc_19990721_S-1A_EX-10.11_6377149_EX-10.11_Co-Branding Agreement2.pdf.lock,0,False
data/raw/cuad/.cache/huggingface/download/CUAD_v1/full_contract_pdf/Part_I/Co_Branding/PcquoteComInc_19990721_S-1A_EX-10.11_6377149_EX-10.11_Co-Branding Agreement2.pdf.metadata,101,False
data/raw/cuad/.cache/huggingface/download/CUAD_v1/full_contract_pdf/Part_I/Co_Branding/PcquoteComInc_19990721_S-1A_EX-10.11_6377149_EX-10.11_Co-Branding Agreement3.pdf.lock,0,False
data/raw/cuad/.cache/huggingface/download/CUAD_v1/full_contract_pdf/Part_I/Co_Branding/PcquoteComInc_19990721_S-1A_EX-10.11_6377149_EX-10.11_Co-Branding Agreement3.pdf.metadata,100,False
data/raw/cuad/.cache/huggingface/download/CUAD_v1/full_contract_pdf/Part_I/Co_Branding/RaeSystemsInc_20001114_10-Q_EX-10.57_2631790_EX-10.57_Co-Branding Agreement.pdf.lock,0,False
data/raw/cuad/.cache/huggingface/download/CUAD_v1/full_contract_pdf/Part_I/Co_Branding/RaeSystemsInc_20001114_10-Q_EX-10.57_2631790_EX-10.57_Co-Branding Agreement.pdf.metadata,100,False
data/raw/cuad/.cache/huggingface/download/CUAD_v1/full_contract_pdf/Part_I/Co_Branding/RandWorldwideInc_20010402_8-KA_EX-10.2_2102464_EX-10.2_Co-Branding Agreement.pdf.lock,0,False
data/raw/cuad/.cache/huggingface/download/CUAD_v1/full_contract_pdf/Part_I/Co_Branding/RandWorldwideInc_20010402_8-KA_EX-10.2_2102464_EX-10.2_Co-Branding Agreement.pdf.metadata,101,False
data/raw/cuad/.cache/huggingface/download/CUAD_v1/full_contract_pdf/Part_I/Co_Branding/StampscomInc_20001114_10-Q_EX-10.47_2631630_EX-10.47_Co-Branding Agreement.pdf.lock,0,False
data/raw/cuad/.cache/huggingface/download/CUAD_v1/full_contract_pdf/Part_I/Co_Branding/StampscomInc_20001114_10-Q_EX-10.47_2631630_EX-10.47_Co-Branding Agreement.pdf.metadata,100,False
data/raw/cuad/.cache/huggingface/download/CUAD_v1/full_contract_pdf/Part_I/Co_Branding/TheglobeComInc_19990503_S-1A_EX-10.20_5416126_EX-10.20_Co-Branding Agreement.pdf.lock,0,False
data/raw/cuad/.cache/huggingface/download/CUAD_v1/full_contract_pdf/Part_I/Co_Branding/TheglobeComInc_19990503_S-1A_EX-10.20_5416126_EX-10.20_Co-Branding Agreement.pdf.metadata,101,False
data/raw/cuad/.cache/huggingface/download/CUAD_v1/full_contract_pdf/Part_I/Co_Branding/TomOnlineInc_20060501_20-F_EX-4.46_749700_EX-4.46_Co-Branding Agreement.pdf.lock,0,False
data/raw/cuad/.cache/huggingface/download/CUAD_v1/full_contract_pdf/Part_I/Co_Branding/TomOnlineInc_20060501_20-F_EX-4.46_749700_EX-4.46_Co-Branding Agreement.pdf.metadata,101,False
data/raw/cuad/.cache/huggingface/download/CUAD_v1/full_contract_pdf/Part_I/Development/AimmuneTherapeuticsInc_20200205_8-K_EX-10.3_11967170_EX-10.3_Development Agreement.pdf.lock,0,False
data/raw/cuad/.cache/huggingface/download/CUAD_v1/full_contract_pdf/Part_I/Development/AimmuneTherapeuticsInc_20200205_8-K_EX-10.3_11967170_EX-10.3_Development Agreement.pdf.metadata,101,False
data/raw/cuad/.cache/huggingface/download/CUAD_v1/full_contract_pdf/Part_I/Development/ArcaUsTreasuryFund_20200207_N-2_EX-99.K5_11971930_EX-99.K5_Development Agreement.pdf.lock,0,False
data/raw/cuad/.cache/huggingface/download/CUAD_v1/full_contract_pdf/Part_I/Development/ArcaUsTreasuryFund_20200207_N-2_EX-99.K5_11971930_EX-99.K5_Development Agreement.pdf.metadata,101,False
data/raw/cuad/.cache/huggingface/download/CUAD_v1/full_contract_pdf/Part_I/Development/ClickstreamCorp_20200330_1-A_EX1A-6 MAT CTRCT_12089935_EX1A-6 MAT CTRCT_Development Agreement.pdf.lock,0,False
data/raw/cuad/.cache/huggingface/download/CUAD_v1/full_contract_pdf/Part_I/Development/ClickstreamCorp_20200330_1-A_EX1A-6 MAT CTRCT_12089935_EX1A-6 MAT CTRCT_Development Agreement.pdf.metadata,101,False
data/raw/cuad/.cache/huggingface/download/CUAD_v1/full_contract_pdf/Part_I/Development/CnsPharmaceuticalsInc_20200326_8-K_EX-10.1_12079626_EX-10.1_Development Agreement.pdf.lock,0,False
data/raw/cuad/.cache/huggingface/download/CUAD_v1/full_contract_pdf/Part_I/Development/CnsPharmaceuticalsInc_20200326_8-K_EX-10.1_12079626_EX-10.1_Development Agreement.pdf.metadata,99,False
data/raw/cuad/.cache/huggingface/download/CUAD_v1/full_contract_pdf/Part_I/Development/CoherusBiosciencesInc_20200227_10-K_EX-10.29_12021376_EX-10.29_Development Agreement.pdf.lock,0,False
data/raw/cuad/.cache/huggingface/download/CUAD_v1/full_contract_pdf/Part_I/Development/CoherusBiosciencesInc_20200227_10-K_EX-10.29_12021376_EX-10.29_Development Agreement.pdf.metadata,101,False
data/raw/cuad/.cache/huggingface/download/CUAD_v1/full_contract_pdf/Part_I/Development/ConformisInc_20191101_10-Q_EX-10.6_11861402_EX-10.6_Development Agreement.pdf.lock,0,False
data/raw/cuad/.cache/huggingface/download/CUAD_v1/full_contract_pdf/Part_I/Development/ConformisInc_20191101_10-Q_EX-10.6_11861402_EX-10.6_Development Agreement.pdf.metadata,101,False
data/raw/cuad/.cache/huggingface/download/CUAD_v1/full_contract_pdf/Part_I/Development/ElPolloLocoHoldingsInc_20200306_10-K_EX-10.16_12041700_EX-10.16_Development Agreement.pdf.lock,0,False
data/raw/cuad/.cache/huggingface/download/CUAD_v1/full_contract_pdf/Part_I/Development/ElPolloLocoHoldingsInc_20200306_10-K_EX-10.16_12041700_EX-10.16_Development Agreement.pdf.metadata,101,False
data/raw/cuad/.cache/huggingface/download/CUAD_v1/full_contract_pdf/Part_I/Development/EmeraldHealthBioceuticalsInc_20200218_1-A_EX1A-6 MAT CTRCT_11987205_EX1A-6 MAT CTRCT_Development Agreement.pdf.lock,0,False
data/raw/cuad/.cache/huggingface/download/CUAD_v1/full_contract_pdf/Part_I/Development/EmeraldHealthBioceuticalsInc_20200218_1-A_EX1A-6 MAT CTRCT_11987205_EX1A-6 MAT CTRCT_Development Agreement.pdf.metadata,100,False
data/raw/cuad/.cache/huggingface/download/CUAD_v1/full_contract_pdf/Part_I/Development/EtonPharmaceuticalsInc_20191114_10-Q_EX-10.1_11893941_EX-10.1_Development Agreement.pdf.lock,0,False
data/raw/cuad/.cache/huggingface/download/CUAD_v1/full_contract_pdf/Part_I/Development/EtonPharmaceuticalsInc_20191114_10-Q_EX-10.1_11893941_EX-10.1_Development Agreement.pdf.metadata,100,False
data/raw/cuad/.cache/huggingface/download/CUAD_v1/full_contract_pdf/Part_I/Development/FuelcellEnergyInc_20191106_8-K_EX-10.1_11868007_EX-10.1_Development Agreement.pdf.lock,0,False
data/raw/cuad/.cache/huggingface/download/CUAD_v1/full_contract_pdf/Part_I/Development/FuelcellEnergyInc_20191106_8-K_EX-10.1_11868007_EX-10.1_Development Agreement.pdf.metadata,101,False
data/raw/cuad/.cache/huggingface/download/CUAD_v1/full_contract_pdf/Part_I/Development/HarpoonTherapeuticsInc_20200312_10-K_EX-10.18_12051356_EX-10.18_Development Agreement_Option Agreement.pdf.lock,0,False
data/raw/cuad/.cache/huggingface/download/CUAD_v1/full_contract_pdf/Part_I/Development/HarpoonTherapeuticsInc_20200312_10-K_EX-10.18_12051356_EX-10.18_Development Agreement_Option Agreement.pdf.metadata,100,False
data/raw/cuad/.cache/huggingface/download/CUAD_v1/full_contract_pdf/Part_I/Development/HfEnterprisesInc_20191223_S-1_EX-10.22_11931299_EX-10.22_Development Agreement.pdf.lock,0,False
data/raw/cuad/.cache/huggingface/download/CUAD_v1/full_contract_pdf/Part_I/Development/HfEnterprisesInc_20191223_S-1_EX-10.22_11931299_EX-10.22_Development Agreement.pdf.metadata,101,False
data/raw/cuad/.cache/huggingface/download/CUAD_v1/full_contract_pdf/Part_I/Development/IbioInc_20200313_8-K_EX-10.1_12052678_EX-10.1_Development Agreement.pdf.lock,0,False
data/raw/cuad/.cache/huggingface/download/CUAD_v1/full_contract_pdf/Part_I/Development/IbioInc_20200313_8-K_EX-10.1_12052678_EX-10.1_Development Agreement.pdf.metadata,100,False
data/raw/cuad/.cache/huggingface/download/CUAD_v1/full_contract_pdf/Part_I/Development/LegacyEducationAllianceInc_20200330_10-K_EX-10.18_12090678_EX-10.18_Development Agreement.pdf.lock,0,False
data/raw/cuad/.cache/huggingface/download/CUAD_v1/full_contract_pdf/Part_I/Development/LegacyEducationAllianceInc_20200330_10-K_EX-10.18_12090678_EX-10.18_Development Agreement.pdf.metadata,100,False
data/raw/cuad/.cache/huggingface/download/CUAD_v1/full_contract_pdf/Part_I/Development/LiquidmetalTechnologiesInc_20200205_8-K_EX-10.1_11968198_EX-10.1_Development Agreement.pdf.lock,0,False
data/raw/cuad/.cache/huggingface/download/CUAD_v1/full_contract_pdf/Part_I/Development/LiquidmetalTechnologiesInc_20200205_8-K_EX-10.1_11968198_EX-10.1_Development Agreement.pdf.metadata,101,False
data/raw/cuad/.cache/huggingface/download/CUAD_v1/full_contract_pdf/Part_I/Development/NlsPharmaceuticsLtd_20200228_F-1_EX-10.14_12029046_EX-10.14_Development Agreement.pdf.lock,0,False
data/raw/cuad/.cache/huggingface/download/CUAD_v1/full_contract_pdf/Part_I/Development/NlsPharmaceuticsLtd_20200228_F-1_EX-10.14_12029046_EX-10.14_Development Agreement.pdf.metadata,101,False
data/raw/cuad/.cache/huggingface/download/CUAD_v1/full_contract_pdf/Part_I/Development/PelicanDeliversInc_20200211_S-1_EX-10.3_11975895_EX-10.3_Development Agreement1.pdf.lock,0,False
data/raw/cuad/.cache/huggingface/download/CUAD_v1/full_contract_pdf/Part_I/Development/PelicanDeliversInc_20200211_S-1_EX-10.3_11975895_EX-10.3_Development Agreement1.pdf.metadata,101,False
data/raw/cuad/.cache/huggingface/download/CUAD_v1/full_contract_pdf/Part_I/Development/PelicanDeliversInc_20200211_S-1_EX-10.3_11975895_EX-10.3_Development Agreement2.pdf.lock,0,False
data/raw/cuad/.cache/huggingface/download/CUAD_v1/full_contract_pdf/Part_I/Development/PelicanDeliversInc_20200211_S-1_EX-10.3_11975895_EX-10.3_Development Agreement2.pdf.metadata,100,False
data/raw/cuad/.cache/huggingface/download/CUAD_v1/full_contract_pdf/Part_I/Development/PhasebioPharmaceuticalsInc_20200330_10-K_EX-10.21_12086810_EX-10.21_Development Agreement.pdf.lock,0,False
data/raw/cuad/.cache/huggingface/download/CUAD_v1/full_contract_pdf/Part_I/Development/PhasebioPharmaceuticalsInc_20200330_10-K_EX-10.21_12086810_EX-10.21_Development Agreement.pdf.metadata,100,False
data/raw/cuad/.cache/huggingface/download/CUAD_v1/full_contract_pdf/Part_I/Development/ReedsInc_20191113_10-Q_EX-10.4_11888303_EX-10.4_Development Agreement.pdf.lock,0,False
data/raw/cuad/.cache/huggingface/download/CUAD_v1/full_contract_pdf/Part_I/Development/ReedsInc_20191113_10-Q_EX-10.4_11888303_EX-10.4_Development Agreement.pdf.metadata,101,False
data/raw/cuad/.cache/huggingface/download/CUAD_v1/full_contract_pdf/Part_I/Development/RevolutionMedicinesInc_20200117_S-1_EX-10.1_11948417_EX-10.1_Development Agreement.pdf.lock,0,False
data/raw/cuad/.cache/huggingface/download/CUAD_v1/full_contract_pdf/Part_I/Development/RevolutionMedicinesInc_20200117_S-1_EX-10.1_11948417_EX-10.1_Development Agreement.pdf.metadata,101,False
data/raw/cuad/.cache/huggingface/download/CUAD_v1/full_contract_pdf/Part_I/Development/RitterPharmaceuticalsInc_20200313_S-4A_EX-10.54_12055220_EX-10.54_Development Agreement.pdf.lock,0,False
data/raw/cuad/.cache/huggingface/download/CUAD_v1/full_contract_pdf/Part_I/Development/RitterPharmaceuticalsInc_20200313_S-4A_EX-10.54_12055220_EX-10.54_Development Agreement.pdf.metadata,125,False
data/raw/cuad/.cache/huggingface/download/CUAD_v1/full_contract_pdf/Part_I/Development/VgrabCommunicationsInc_20200129_10-K_EX-10.33_11958828_EX-10.33_Development Agreement.pdf.lock,0,False
data/raw/cuad/.cache/huggingface/download/CUAD_v1/full_contract_pdf/Part_I/Development/VgrabCommunicationsInc_20200129_10-K_EX-10.33_11958828_EX-10.33_Development Agreement.pdf.metadata,101,False
data/raw/cuad/.cache/huggingface/download/CUAD_v1/full_contract_pdf/Part_I/Distributor/FuseMedicalInc_20190321_10-K_EX-10.43_11575454_EX-10.43_Distributor Agreement.pdf.lock,0,False
data/raw/cuad/.cache/huggingface/download/CUAD_v1/full_contract_pdf/Part_I/Distributor/FuseMedicalInc_20190321_10-K_EX-10.43_11575454_EX-10.43_Distributor Agreement.pdf.metadata,101,False
data/raw/cuad/.cache/huggingface/download/CUAD_v1/full_contract_pdf/Part_I/Distributor/GentechHoldingsInc_20190808_1-A_EX1A-6 MAT CTRCT_11776814_EX1A-6 MAT CTRCT_Distributor Agreement.pdf.lock,0,False
data/raw/cuad/.cache/huggingface/download/CUAD_v1/full_contract_pdf/Part_I/Distributor/GentechHoldingsInc_20190808_1-A_EX1A-6 MAT CTRCT_11776814_EX1A-6 MAT CTRCT_Distributor Agreement.pdf.metadata,101,False
data/raw/cuad/.cache/huggingface/download/CUAD_v1/full_contract_pdf/Part_I/Distributor/ImineCorp_20180725_S-1_EX-10.5_11275970_EX-10.5_Distributor Agreement.pdf.lock,0,False
data/raw/cuad/.cache/huggingface/download/CUAD_v1/full_contract_pdf/Part_I/Distributor/ImineCorp_20180725_S-1_EX-10.5_11275970_EX-10.5_Distributor Agreement.pdf.metadata,100,False
data/raw/cuad/.cache/huggingface/download/CUAD_v1/full_contract_pdf/Part_I/Distributor/InnerscopeHearingTechnologiesInc_20181109_8-K_EX-10.6_11419704_EX-10.6_Distributor Agreement.pdf.lock,0,False
data/raw/cuad/.cache/huggingface/download/CUAD_v1/full_contract_pdf/Part_I/Distributor/InnerscopeHearingTechnologiesInc_20181109_8-K_EX-10.6_11419704_EX-10.6_Distributor Agreement.pdf.metadata,100,False
data/raw/cuad/.cache/huggingface/download/CUAD_v1/full_contract_pdf/Part_I/Distributor/PrecheckHealthServicesInc_20200320_8-K_EX-99.2_12070169_EX-99.2_Distributor Agreement.pdf.lock,0,False
data/raw/cuad/.cache/huggingface/download/CUAD_v1/full_contract_pdf/Part_I/Distributor/PrecheckHealthServicesInc_20200320_8-K_EX-99.2_12070169_EX-99.2_Distributor Agreement.pdf.metadata,101,False
data/raw/cuad/.cache/huggingface/download/CUAD_v1/full_contract_pdf/Part_I/Distributor/ScansourceInc_20190509_10-Q_EX-10.2_11661422_EX-10.2_Distributor Agreement.pdf.lock,0,False
data/raw/cuad/.cache/huggingface/download/CUAD_v1/full_contract_pdf/Part_I/Distributor/ScansourceInc_20190509_10-Q_EX-10.2_11661422_EX-10.2_Distributor Agreement.pdf.metadata,101,False
data/raw/cuad/.cache/huggingface/download/CUAD_v1/full_contract_pdf/Part_I/Distributor/ScansourceInc_20190822_10-K_EX-10.38_11793958_EX-10.38_Distributor Agreement1.pdf.lock,0,False
data/raw/cuad/.cache/huggingface/download/CUAD_v1/full_contract_pdf/Part_I/Distributor/ScansourceInc_20190822_10-K_EX-10.38_11793958_EX-10.38_Distributor Agreement1.pdf.metadata,101,False
data/raw/cuad/.cache/huggingface/download/CUAD_v1/full_contract_pdf/Part_I/Distributor/ScansourceInc_20190822_10-K_EX-10.38_11793958_EX-10.38_Distributor Agreement2.pdf.lock,0,False
data/raw/cuad/.cache/huggingface/download/CUAD_v1/full_contract_pdf/Part_I/Distributor/ScansourceInc_20190822_10-K_EX-10.38_11793958_EX-10.38_Distributor Agreement2.pdf.metadata,101,False
data/raw/cuad/.cache/huggingface/download/CUAD_v1/full_contract_pdf/Part_I/Distributor/ScansourceInc_20190822_10-K_EX-10.39_11793959_EX-10.39_Distributor Agreement.pdf.lock,0,False
data/raw/cuad/.cache/huggingface/download/CUAD_v1/full_contract_pdf/Part_I/Distributor/ScansourceInc_20190822_10-K_EX-10.39_11793959_EX-10.39_Distributor Agreement.pdf.metadata,101,False
data/raw/cuad/.cache/huggingface/download/CUAD_v1/full_contract_pdf/Part_I/Distributor/SmartRxSystemsInc_20180914_1-A_EX1A-6 MAT CTRCT_11351705_EX1A-6 MAT CTRCT_Distributor Agreement.pdf.lock,0,False
data/raw/cuad/.cache/huggingface/download/CUAD_v1/full_contract_pdf/Part_I/Distributor/SmartRxSystemsInc_20180914_1-A_EX1A-6 MAT CTRCT_11351705_EX1A-6 MAT CTRCT_Distributor Agreement.pdf.metadata,101,False
data/raw/cuad/.cache/huggingface/download/CUAD_v1/full_contract_pdf/Part_I/Distributor/StaarSurgicalCompany_20180801_10-Q_EX-10.37_11289449_EX-10.37_Distributor Agreement.pdf.lock,0,False
data/raw/cuad/.cache/huggingface/download/CUAD_v1/full_contract_pdf/Part_I/Distributor/StaarSurgicalCompany_20180801_10-Q_EX-10.37_11289449_EX-10.37_Distributor Agreement.pdf.metadata,100,False
data/raw/cuad/.cache/huggingface/download/CUAD_v1/full_contract_pdf/Part_I/Distributor/WaterNowInc_20191120_10-Q_EX-10.12_11900227_EX-10.12_Distributor Agreement.pdf.lock,0,False
data/raw/cuad/.cache/huggingface/download/CUAD_v1/full_contract_pdf/Part_I/Distributor/WaterNowInc_20191120_10-Q_EX-10.12_11900227_EX-10.12_Distributor Agreement.pdf.metadata,101,False
data/raw/cuad/.cache/huggingface/download/CUAD_v1/full_contract_pdf/Part_I/Distributor/ZogenixInc_20190509_10-Q_EX-10.2_11663313_EX-10.2_Distributor Agreement.pdf.lock,0,False
data/raw/cuad/.cache/huggingface/download/CUAD_v1/full_contract_pdf/Part_I/Distributor/ZogenixInc_20190509_10-Q_EX-10.2_11663313_EX-10.2_Distributor Agreement.pdf.metadata,100,False
data/raw/cuad/.cache/huggingface/download/CUAD_v1/full_contract_pdf/Part_I/Endorsement/BerkshireHillsBancorpInc_20120809_10-Q_EX-10.16_7708169_EX-10.16_Endorsement Agreement.pdf.lock,0,False
data/raw/cuad/.cache/huggingface/download/CUAD_v1/full_contract_pdf/Part_I/Endorsement/BerkshireHillsBancorpInc_20120809_10-Q_EX-10.16_7708169_EX-10.16_Endorsement Agreement.pdf.metadata,101,False
data/raw/cuad/.cache/huggingface/download/CUAD_v1/full_contract_pdf/Part_I/Endorsement/BizzingoInc_20120322_8-K_EX-10.17_7504499_EX-10.17_Endorsement Agreement.pdf.lock,0,False
data/raw/cuad/.cache/huggingface/download/CUAD_v1/full_contract_pdf/Part_I/Endorsement/BizzingoInc_20120322_8-K_EX-10.17_7504499_EX-10.17_Endorsement Agreement.pdf.metadata,101,False
data/raw/cuad/.cache/huggingface/download/CUAD_v1/full_contract_pdf/Part_I/Endorsement/EcoScienceSolutionsInc_20171117_8-K_EX-10.1_10956472_EX-10.1_Endorsement Agreement.pdf.lock,0,False
data/raw/cuad/.cache/huggingface/download/CUAD_v1/full_contract_pdf/Part_I/Endorsement/EcoScienceSolutionsInc_20171117_8-K_EX-10.1_10956472_EX-10.1_Endorsement Agreement.pdf.metadata,101,False
data/raw/cuad/.cache/huggingface/download/CUAD_v1/full_contract_pdf/Part_I/Endorsement/GridironBionutrientsInc_20171206_8-K_EX-10.1_10972555_EX-10.1_Endorsement Agreement.pdf.lock,0,False
data/raw/cuad/.cache/huggingface/download/CUAD_v1/full_contract_pdf/Part_I/Endorsement/GridironBionutrientsInc_20171206_8-K_EX-10.1_10972555_EX-10.1_Endorsement Agreement.pdf.metadata,100,False
data/raw/cuad/.cache/huggingface/download/CUAD_v1/full_contract_pdf/Part_I/Endorsement/GridironBionutrientsInc_20171206_8-K_EX-10.2_10972556_EX-10.2_Endorsement Agreement.pdf.lock,0,False
data/raw/cuad/.cache/huggingface/download/CUAD_v1/full_contract_pdf/Part_I/Endorsement/GridironBionutrientsInc_20171206_8-K_EX-10.2_10972556_EX-10.2_Endorsement Agreement.pdf.metadata,101,False
data/raw/cuad/.cache/huggingface/download/CUAD_v1/full_contract_pdf/Part_I/Endorsement/LegacyEducationAllianceInc_20141110_8-K_EX-10.9_8828866_EX-10.9_Endorsement Agreement.pdf.lock,0,False
data/raw/cuad/.cache/huggingface/download/CUAD_v1/full_contract_pdf/Part_I/Endorsement/LegacyEducationAllianceInc_20141110_8-K_EX-10.9_8828866_EX-10.9_Endorsement Agreement.pdf.metadata,101,False
data/raw/cuad/.cache/huggingface/download/CUAD_v1/full_contract_pdf/Part_I/Endorsement/LifewayFoodsInc_20160316_10-K_EX-10.24_9489766_EX-10.24_Endorsement Agreement.pdf.lock,0,False
data/raw/cuad/.cache/huggingface/download/CUAD_v1/full_contract_pdf/Part_I/Endorsement/LifewayFoodsInc_20160316_10-K_EX-10.24_9489766_EX-10.24_Endorsement Agreement.pdf.metadata,101,False
data/raw/cuad/.cache/huggingface/download/CUAD_v1/full_contract_pdf/Part_I/Endorsement/NakedBrandGroupInc_20150731_POS AM (on S-1)_EX-10.75_9196027_EX-10.75_Endorsement Agreement.pdf.lock,0,False
data/raw/cuad/.cache/huggingface/download/CUAD_v1/full_contract_pdf/Part_I/Endorsement/NakedBrandGroupInc_20150731_POS AM (on S-1)_EX-10.75_9196027_EX-10.75_Endorsement Agreement.pdf.metadata,101,False
data/raw/cuad/.cache/huggingface/download/CUAD_v1/full_contract_pdf/Part_I/Endorsement/PapaJohnsInternationalInc_20190617_8-K_EX-10.1_11707365_EX-10.1_Endorsement Agreement.pdf.lock,0,False
data/raw/cuad/.cache/huggingface/download/CUAD_v1/full_contract_pdf/Part_I/Endorsement/PapaJohnsInternationalInc_20190617_8-K_EX-10.1_11707365_EX-10.1_Endorsement Agreement.pdf.metadata,100,False
data/raw/cuad/.cache/huggingface/download/CUAD_v1/full_contract_pdf/Part_I/Endorsement/PerformanceSportsBrandsInc_20110909_S-1_EX-10.10_7220214_EX-10.10_Endorsement Agreement.pdf.lock,0,False
data/raw/cuad/.cache/huggingface/download/CUAD_v1/full_contract_pdf/Part_I/Endorsement/PerformanceSportsBrandsInc_20110909_S-1_EX-10.10_7220214_EX-10.10_Endorsement Agreement.pdf.metadata,101,False
data/raw/cuad/.cache/huggingface/download/CUAD_v1/full_contract_pdf/Part_I/Endorsement/PharmagenInc_20120803_8-KA_EX-10.1_7693204_EX-10.1_Endorsement Agreement.pdf.lock,0,False
data/raw/cuad/.cache/huggingface/download/CUAD_v1/full_contract_pdf/Part_I/Endorsement/PharmagenInc_20120803_8-KA_EX-10.1_7693204_EX-10.1_Endorsement Agreement.pdf.metadata,101,False
data/raw/cuad/.cache/huggingface/download/CUAD_v1/full_contract_pdf/Part_I/Endorsement/PrudentialBancorpInc_20170606_8-K_EX-10.4_10474434_EX-10.4_Endorsement Agreement.pdf.lock,0,False
data/raw/cuad/.cache/huggingface/download/CUAD_v1/full_contract_pdf/Part_I/Endorsement/PrudentialBancorpInc_20170606_8-K_EX-10.4_10474434_EX-10.4_Endorsement Agreement.pdf.metadata,101,False
data/raw/cuad/.cache/huggingface/download/CUAD_v1/full_contract_pdf/Part_I/Endorsement/ThriventVariableInsuranceAccountB_20190701_N-6_EX-99.D(IV)_11720968_EX-99.D(IV)_Endorsement Agreement.pdf.lock,0,False
data/raw/cuad/.cache/huggingface/download/CUAD_v1/full_contract_pdf/Part_I/Endorsement/ThriventVariableInsuranceAccountB_20190701_N-6_EX-99.D(IV)_11720968_EX-99.D(IV)_Endorsement Agreement.pdf.metadata,101,False
data/raw/cuad/.cache/huggingface/download/CUAD_v1/full_contract_pdf/Part_I/Franchise/PfHospitalityGroupInc_20150923_10-12G_EX-10.1_9266710_EX-10.1_Franchise Agreement1.pdf.lock,0,False
data/raw/cuad/.cache/huggingface/download/CUAD_v1/full_contract_pdf/Part_I/Franchise/PfHospitalityGroupInc_20150923_10-12G_EX-10.1_9266710_EX-10.1_Franchise Agreement1.pdf.metadata,101,False
data/raw/cuad/.cache/huggingface/download/CUAD_v1/full_contract_pdf/Part_I/Franchise/PfHospitalityGroupInc_20150923_10-12G_EX-10.1_9266710_EX-10.1_Franchise Agreement3.pdf.lock,0,False
data/raw/cuad/.cache/huggingface/download/CUAD_v1/full_contract_pdf/Part_I/Franchise/PfHospitalityGroupInc_20150923_10-12G_EX-10.1_9266710_EX-10.1_Franchise Agreement3.pdf.metadata,100,False
data/raw/cuad/.cache/huggingface/download/CUAD_v1/full_contract_pdf/Part_I/Franchise/RgcResourcesInc_20151216_8-K_EX-10.3_9372751_EX-10.3_Franchise Agreement.pdf.lock,0,False
data/raw/cuad/.cache/huggingface/download/CUAD_v1/full_contract_pdf/Part_I/Franchise/RgcResourcesInc_20151216_8-K_EX-10.3_9372751_EX-10.3_Franchise Agreement.pdf.metadata,101,False
data/raw/cuad/.cache/huggingface/download/CUAD_v1/full_contract_pdf/Part_I/Franchise/SimplicityEsportsGamingCompany_20181130_8-K_EX-10.1_11444071_EX-10.1_Franchise Agreement.pdf.lock,0,False
data/raw/cuad/.cache/huggingface/download/CUAD_v1/full_contract_pdf/Part_I/Franchise/SimplicityEsportsGamingCompany_20181130_8-K_EX-10.1_11444071_EX-10.1_Franchise Agreement.pdf.metadata,101,False
data/raw/cuad/.cache/huggingface/download/CUAD_v1/full_contract_pdf/Part_I/Franchise/SoupmanInc_20150814_8-K_EX-10.1_9230148_EX-10.1_Franchise Agreement1.pdf.lock,0,False
data/raw/cuad/.cache/huggingface/download/CUAD_v1/full_contract_pdf/Part_I/Franchise/SoupmanInc_20150814_8-K_EX-10.1_9230148_EX-10.1_Franchise Agreement1.pdf.metadata,101,False
data/raw/cuad/.cache/huggingface/download/CUAD_v1/full_contract_pdf/Part_I/Franchise/SoupmanInc_20150814_8-K_EX-10.1_9230148_EX-10.1_Franchise Agreement2.pdf.lock,0,False
data/raw/cuad/.cache/huggingface/download/CUAD_v1/full_contract_pdf/Part_I/Franchise/SoupmanInc_20150814_8-K_EX-10.1_9230148_EX-10.1_Franchise Agreement2.pdf.metadata,101,False
data/raw/cuad/.cache/huggingface/download/CUAD_v1/full_contract_pdf/Part_I/Franchise/SoupmanInc_20150814_8-K_EX-10.1_9230148_EX-10.1_Franchise Agreement3.pdf.lock,0,False
data/raw/cuad/.cache/huggingface/download/CUAD_v1/full_contract_pdf/Part_I/Franchise/SoupmanInc_20150814_8-K_EX-10.1_9230148_EX-10.1_Franchise Agreement3.pdf.metadata,101,False
data/raw/cuad/.cache/huggingface/download/CUAD_v1/full_contract_pdf/Part_I/Franchise/SoupmanInc_20150814_8-K_EX-10.1_9230148_EX-10.1_Franchise Agreement4.pdf.lock,0,False
data/raw/cuad/.cache/huggingface/download/CUAD_v1/full_contract_pdf/Part_I/Franchise/SoupmanInc_20150814_8-K_EX-10.1_9230148_EX-10.1_Franchise Agreement4.pdf.metadata,101,False
data/raw/cuad/.cache/huggingface/download/CUAD_v1/full_contract_pdf/Part_I/Hosting/Freecook_20180605_S-1_EX-10.3_11233807_EX-10.3_Hosting Agreement.pdf.lock,0,False
data/raw/cuad/.cache/huggingface/download/CUAD_v1/full_contract_pdf/Part_I/Hosting/Freecook_20180605_S-1_EX-10.3_11233807_EX-10.3_Hosting Agreement.pdf.metadata,101,False
data/raw/cuad/.cache/huggingface/download/CUAD_v1/full_contract_pdf/Part_I/Hosting/PareteumCorp_20081001_8-K_EX-99.1_2654808_EX-99.1_Hosting Agreement.pdf.lock,0,False
data/raw/cuad/.cache/huggingface/download/CUAD_v1/full_contract_pdf/Part_I/Hosting/PareteumCorp_20081001_8-K_EX-99.1_2654808_EX-99.1_Hosting Agreement.pdf.metadata,101,False
data/raw/cuad/.cache/huggingface/download/CUAD_v1/full_contract_pdf/Part_I/Hosting/QuantumGroupIncFl_20090120_8-K_EX-99.2_3672910_EX-99.2_Hosting Agreement.pdf.lock,0,False
data/raw/cuad/.cache/huggingface/download/CUAD_v1/full_contract_pdf/Part_I/Hosting/QuantumGroupIncFl_20090120_8-K_EX-99.2_3672910_EX-99.2_Hosting Agreement.pdf.metadata,100,False
data/raw/cuad/.cache/huggingface/download/CUAD_v1/full_contract_pdf/Part_I/Hosting/VitalibisInc_20180316_8-K_EX-10.2_11100168_EX-10.2_Hosting Agreement.pdf.lock,0,False
data/raw/cuad/.cache/huggingface/download/CUAD_v1/full_contract_pdf/Part_I/Hosting/VitalibisInc_20180316_8-K_EX-10.2_11100168_EX-10.2_Hosting Agreement.pdf.metadata,101,False
data/raw/cuad/.cache/huggingface/download/CUAD_v1/full_contract_pdf/Part_I/IP/ArmstrongFlooringInc_20190107_8-K_EX-10.2_11471795_EX-10.2_Intellectual Property Agreement.pdf.lock,0,False
data/raw/cuad/.cache/huggingface/download/CUAD_v1/full_contract_pdf/Part_I/IP/ArmstrongFlooringInc_20190107_8-K_EX-10.2_11471795_EX-10.2_Intellectual Property Agreement.pdf.metadata,100,False
data/raw/cuad/.cache/huggingface/download/CUAD_v1/full_contract_pdf/Part_I/IP/CerenceInc_20191002_8-K_EX-10.4_11827494_EX-10.4_Intellectual Property Agreement.pdf.lock,0,False
data/raw/cuad/.cache/huggingface/download/CUAD_v1/full_contract_pdf/Part_I/IP/CerenceInc_20191002_8-K_EX-10.4_11827494_EX-10.4_Intellectual Property Agreement.pdf.metadata,101,False
data/raw/cuad/.cache/huggingface/download/CUAD_v1/full_contract_pdf/Part_I/IP/GarrettMotionInc_20181001_8-K_EX-2.4_11364532_EX-2.4_Intellectual Property Agreement.pdf.lock,0,False
data/raw/cuad/.cache/huggingface/download/CUAD_v1/full_contract_pdf/Part_I/IP/GarrettMotionInc_20181001_8-K_EX-2.4_11364532_EX-2.4_Intellectual Property Agreement.pdf.metadata,100,False
data/raw/cuad/.cache/huggingface/download/CUAD_v1/full_contract_pdf/Part_I/IP/RareElementResourcesLtd_20171019_SC 13D_EX-99.4_10897534_EX-99.4_Intellectual Property Agreement.pdf.lock,0,False
data/raw/cuad/.cache/huggingface/download/CUAD_v1/full_contract_pdf/Part_I/IP/RareElementResourcesLtd_20171019_SC 13D_EX-99.4_10897534_EX-99.4_Intellectual Property Agreement.pdf.metadata,101,False
data/raw/cuad/.cache/huggingface/download/CUAD_v1/full_contract_pdf/Part_I/Joint Venture/ACCELERATEDTECHNOLOGIESHOLDINGCORP_04_24_2003-EX-10.13-JOINT VENTURE AGREEMENT.PDF.lock,0,False
data/raw/cuad/.cache/huggingface/download/CUAD_v1/full_contract_pdf/Part_I/Joint Venture/ACCELERATEDTECHNOLOGIESHOLDINGCORP_04_24_2003-EX-10.13-JOINT VENTURE AGREEMENT.PDF.metadata,101,False
"data/raw/cuad/.cache/huggingface/download/CUAD_v1/full_contract_pdf/Part_I/Joint Venture/BORROWMONEYCOM,INC_06_11_2020-EX-10.1-JOINT VENTURE AGREEMENT.PDF.lock",0,False
"data/raw/cuad/.cache/huggingface/download/CUAD_v1/full_contract_pdf/Part_I/Joint Venture/BORROWMONEYCOM,INC_06_11_2020-EX-10.1-JOINT VENTURE AGREEMENT.PDF.metadata",99,False
"data/raw/cuad/.cache/huggingface/download/CUAD_v1/full_contract_pdf/Part_I/Joint Venture/GALERATHERAPEUTICS,INC_02_14_2020-EX-99.A-JOINT FILING AGREEMENT.PDF.lock",0,False
"data/raw/cuad/.cache/huggingface/download/CUAD_v1/full_contract_pdf/Part_I/Joint Venture/GALERATHERAPEUTICS,INC_02_14_2020-EX-99.A-JOINT FILING AGREEMENT.PDF.metadata",101,False
data/raw/cuad/.cache/huggingface/download/CUAD_v1/full_contract_pdf/Part_I/Joint Venture/IMPCOTECHNOLOGIESINC_04_15_2003-EX-10.65-JOINT VENTURE AGREEMENT.PDF.lock,0,False
data/raw/cuad/.cache/huggingface/download/CUAD_v1/full_contract_pdf/Part_I/Joint Venture/IMPCOTECHNOLOGIESINC_04_15_2003-EX-10.65-JOINT VENTURE AGREEMENT.PDF.metadata,101,False
"data/raw/cuad/.cache/huggingface/download/CUAD_v1/full_contract_pdf/Part_I/Joint Venture/KIROMICBIOPHARMA,INC_04_08_2020-EX-10.28-JOINT VENTURE AGREEMENT.PDF.lock",0,False
"data/raw/cuad/.cache/huggingface/download/CUAD_v1/full_contract_pdf/Part_I/Joint Venture/KIROMICBIOPHARMA,INC_04_08_2020-EX-10.28-JOINT VENTURE AGREEMENT.PDF.metadata",100,False
"data/raw/cuad/.cache/huggingface/download/CUAD_v1/full_contract_pdf/Part_I/Joint Venture/NOVOINTEGRATEDSCIENCES,INC_12_23_2019-EX-10.1-JOINT VENTURE AGREEMENT.PDF.lock",0,False
"data/raw/cuad/.cache/huggingface/download/CUAD_v1/full_contract_pdf/Part_I/Joint Venture/NOVOINTEGRATEDSCIENCES,INC_12_23_2019-EX-10.1-JOINT VENTURE AGREEMENT.PDF.metadata",101,False
"data/raw/cuad/.cache/huggingface/download/CUAD_v1/full_contract_pdf/Part_I/Joint Venture/TRANSPHORM,INC_02_14_2020-EX-10.12(1)-JOINT VENTURE AGREEMENT.PDF.lock",0,False
"data/raw/cuad/.cache/huggingface/download/CUAD_v1/full_contract_pdf/Part_I/Joint Venture/TRANSPHORM,INC_02_14_2020-EX-10.12(1)-JOINT VENTURE AGREEMENT.PDF.metadata",101,False
data/raw/cuad/.cache/huggingface/download/CUAD_v1/full_contract_pdf/Part_I/Joint Venture/VALENCETECHNOLOGYINC_02_14_2003-EX-10-JOINT VENTURE CONTRACT.PDF.lock,0,False
data/raw/cuad/.cache/huggingface/download/CUAD_v1/full_contract_pdf/Part_I/Joint Venture/VALENCETECHNOLOGYINC_02_14_2003-EX-10-JOINT VENTURE CONTRACT.PDF.metadata,101,False
"data/raw/cuad/.cache/huggingface/download/CUAD_v1/full_contract_pdf/Part_I/Joint Venture/VEONEER,INC_02_21_2020-EX-10.11-JOINT VENTURE AGREEMENT.PDF.lock",0,False
"data/raw/cuad/.cache/huggingface/download/CUAD_v1/full_contract_pdf/Part_I/Joint Venture/VEONEER,INC_02_21_2020-EX-10.11-JOINT VENTURE AGREEMENT.PDF.metadata",101,False
data/raw/cuad/.cache/huggingface/download/CUAD_v1/full_contract_pdf/Part_I/License_Agreements/AlliedEsportsEntertainmentInc_20190815_8-K_EX-10.19_11788293_EX-10.19_Content License Agreement.pdf.lock,0,False
data/raw/cuad/.cache/huggingface/download/CUAD_v1/full_contract_pdf/Part_I/License_Agreements/AlliedEsportsEntertainmentInc_20190815_8-K_EX-10.19_11788293_EX-10.19_Content License Agreement.pdf.metadata,101,False
data/raw/cuad/.cache/huggingface/download/CUAD_v1/full_contract_pdf/Part_I/License_Agreements/ArconicRolledProductsCorp_20191217_10-12B_EX-2.7_11923804_EX-2.7_Trademark License Agreement.pdf.lock,0,False
data/raw/cuad/.cache/huggingface/download/CUAD_v1/full_contract_pdf/Part_I/License_Agreements/ArconicRolledProductsCorp_20191217_10-12B_EX-2.7_11923804_EX-2.7_Trademark License Agreement.pdf.metadata,101,False
data/raw/cuad/.cache/huggingface/download/CUAD_v1/full_contract_pdf/Part_I/License_Agreements/ArtaraTherapeuticsInc_20200110_8-K_EX-10.5_11943350_EX-10.5_License Agreement.pdf.lock,0,False
data/raw/cuad/.cache/huggingface/download/CUAD_v1/full_contract_pdf/Part_I/License_Agreements/ArtaraTherapeuticsInc_20200110_8-K_EX-10.5_11943350_EX-10.5_License Agreement.pdf.metadata,100,False
data/raw/cuad/.cache/huggingface/download/CUAD_v1/full_contract_pdf/Part_I/License_Agreements/ChinaRealEstateInformationCorp_20090929_F-1_EX-10.32_4771615_EX-10.32_Content License Agreement.pdf.lock,0,False
data/raw/cuad/.cache/huggingface/download/CUAD_v1/full_contract_pdf/Part_I/License_Agreements/ChinaRealEstateInformationCorp_20090929_F-1_EX-10.32_4771615_EX-10.32_Content License Agreement.pdf.metadata,100,False
data/raw/cuad/.cache/huggingface/download/CUAD_v1/full_contract_pdf/Part_I/License_Agreements/CytodynInc_20200109_10-Q_EX-10.5_11941634_EX-10.5_License Agreement.pdf.lock,0,False
data/raw/cuad/.cache/huggingface/download/CUAD_v1/full_contract_pdf/Part_I/License_Agreements/CytodynInc_20200109_10-Q_EX-10.5_11941634_EX-10.5_License Agreement.pdf.metadata,101,False
data/raw/cuad/.cache/huggingface/download/CUAD_v1/full_contract_pdf/Part_I/License_Agreements/DataCallTechnologies_20060918_SB-2A_EX-10.9_944510_EX-10.9_Content License Agreement.pdf.lock,0,False
data/raw/cuad/.cache/huggingface/download/CUAD_v1/full_contract_pdf/Part_I/License_Agreements/DataCallTechnologies_20060918_SB-2A_EX-10.9_944510_EX-10.9_Content License Agreement.pdf.metadata,101,False
data/raw/cuad/.cache/huggingface/download/CUAD_v1/full_contract_pdf/Part_I/License_Agreements/EuromediaHoldingsCorp_20070215_10SB12G_EX-10.B(01)_525118_EX-10.B(01)_Content License Agreement.pdf.lock,0,False
data/raw/cuad/.cache/huggingface/download/CUAD_v1/full_contract_pdf/Part_I/License_Agreements/EuromediaHoldingsCorp_20070215_10SB12G_EX-10.B(01)_525118_EX-10.B(01)_Content License Agreement.pdf.metadata,101,False
data/raw/cuad/.cache/huggingface/download/CUAD_v1/full_contract_pdf/Part_I/License_Agreements/FulucaiProductionsLtd_20131223_10-Q_EX-10.9_8368347_EX-10.9_Content License Agreement.pdf.lock,0,False
data/raw/cuad/.cache/huggingface/download/CUAD_v1/full_contract_pdf/Part_I/License_Agreements/FulucaiProductionsLtd_20131223_10-Q_EX-10.9_8368347_EX-10.9_Content License Agreement.pdf.metadata,101,False
data/raw/cuad/.cache/huggingface/download/CUAD_v1/full_contract_pdf/Part_I/License_Agreements/GlobalTechnologiesGroupInc_20050928_10KSB_EX-10.9_4148808_EX-10.9_Content License Agreement.pdf.lock,0,False
data/raw/cuad/.cache/huggingface/download/CUAD_v1/full_contract_pdf/Part_I/License_Agreements/GlobalTechnologiesGroupInc_20050928_10KSB_EX-10.9_4148808_EX-10.9_Content License Agreement.pdf.metadata,101,False
data/raw/cuad/.cache/huggingface/download/CUAD_v1/full_contract_pdf/Part_I/License_Agreements/GluMobileInc_20070319_S-1A_EX-10.09_436630_EX-10.09_Content License Agreement1.pdf.lock,0,False
data/raw/cuad/.cache/huggingface/download/CUAD_v1/full_contract_pdf/Part_I/License_Agreements/GluMobileInc_20070319_S-1A_EX-10.09_436630_EX-10.09_Content License Agreement1.pdf.metadata,100,False
data/raw/cuad/.cache/huggingface/download/CUAD_v1/full_contract_pdf/Part_I/License_Agreements/GluMobileInc_20070319_S-1A_EX-10.09_436630_EX-10.09_Content License Agreement2.pdf.lock,0,False
data/raw/cuad/.cache/huggingface/download/CUAD_v1/full_contract_pdf/Part_I/License_Agreements/GluMobileInc_20070319_S-1A_EX-10.09_436630_EX-10.09_Content License Agreement2.pdf.metadata,101,False
data/raw/cuad/.cache/huggingface/download/CUAD_v1/full_contract_pdf/Part_I/License_Agreements/GluMobileInc_20070319_S-1A_EX-10.09_436630_EX-10.09_Content License Agreement3.pdf.lock,0,False
data/raw/cuad/.cache/huggingface/download/CUAD_v1/full_contract_pdf/Part_I/License_Agreements/GluMobileInc_20070319_S-1A_EX-10.09_436630_EX-10.09_Content License Agreement3.pdf.metadata,101,False
data/raw/cuad/.cache/huggingface/download/CUAD_v1/full_contract_pdf/Part_I/License_Agreements/GluMobileInc_20070319_S-1A_EX-10.09_436630_EX-10.09_Content License Agreement4.pdf.lock,0,False
data/raw/cuad/.cache/huggingface/download/CUAD_v1/full_contract_pdf/Part_I/License_Agreements/GluMobileInc_20070319_S-1A_EX-10.09_436630_EX-10.09_Content License Agreement4.pdf.metadata,100,False
data/raw/cuad/.cache/huggingface/download/CUAD_v1/full_contract_pdf/Part_I/License_Agreements/GopageCorp_20140221_10-K_EX-10.1_8432966_EX-10.1_Content License Agreement.pdf.lock,0,False
data/raw/cuad/.cache/huggingface/download/CUAD_v1/full_contract_pdf/Part_I/License_Agreements/GopageCorp_20140221_10-K_EX-10.1_8432966_EX-10.1_Content License Agreement.pdf.metadata,101,False
data/raw/cuad/.cache/huggingface/download/CUAD_v1/full_contract_pdf/Part_I/License_Agreements/GpaqAcquisitionHoldingsInc_20200123_S-4A_EX-10.6_11951677_EX-10.6_License Agreement.pdf.lock,0,False
data/raw/cuad/.cache/huggingface/download/CUAD_v1/full_contract_pdf/Part_I/License_Agreements/GpaqAcquisitionHoldingsInc_20200123_S-4A_EX-10.6_11951677_EX-10.6_License Agreement.pdf.metadata,101,False
data/raw/cuad/.cache/huggingface/download/CUAD_v1/full_contract_pdf/Part_I/License_Agreements/HertzGroupRealtyTrustInc_20190920_S-11A_EX-10.8_11816941_EX-10.8_Trademark License Agreement.pdf.lock,0,False
data/raw/cuad/.cache/huggingface/download/CUAD_v1/full_contract_pdf/Part_I/License_Agreements/HertzGroupRealtyTrustInc_20190920_S-11A_EX-10.8_11816941_EX-10.8_Trademark License Agreement.pdf.metadata,101,False
data/raw/cuad/.cache/huggingface/download/CUAD_v1/full_contract_pdf/Part_I/License_Agreements/IdeanomicsInc_20151124_8-K_EX-10.2_9354744_EX-10.2_Content License Agreement.pdf.lock,0,False
data/raw/cuad/.cache/huggingface/download/CUAD_v1/full_contract_pdf/Part_I/License_Agreements/IdeanomicsInc_20151124_8-K_EX-10.2_9354744_EX-10.2_Content License Agreement.pdf.metadata,101,False
data/raw/cuad/.cache/huggingface/download/CUAD_v1/full_contract_pdf/Part_I/License_Agreements/IdeanomicsInc_20160330_10-K_EX-10.26_9512211_EX-10.26_Content License Agreement.pdf.lock,0,False
data/raw/cuad/.cache/huggingface/download/CUAD_v1/full_contract_pdf/Part_I/License_Agreements/IdeanomicsInc_20160330_10-K_EX-10.26_9512211_EX-10.26_Content License Agreement.pdf.metadata,101,False
data/raw/cuad/.cache/huggingface/download/CUAD_v1/full_contract_pdf/Part_I/License_Agreements/LejuHoldingsLtd_20140121_DRS (on F-1)_EX-10.26_8473102_EX-10.26_Content License Agreement1.pdf.lock,0,False
data/raw/cuad/.cache/huggingface/download/CUAD_v1/full_contract_pdf/Part_I/License_Agreements/LejuHoldingsLtd_20140121_DRS (on F-1)_EX-10.26_8473102_EX-10.26_Content License Agreement1.pdf.metadata,100,False
data/raw/cuad/.cache/huggingface/download/CUAD_v1/full_contract_pdf/Part_I/License_Agreements/LejuHoldingsLtd_20140121_DRS (on F-1)_EX-10.26_8473102_EX-10.26_Content License Agreement2.pdf.lock,0,False
data/raw/cuad/.cache/huggingface/download/CUAD_v1/full_contract_pdf/Part_I/License_Agreements/LejuHoldingsLtd_20140121_DRS (on F-1)_EX-10.26_8473102_EX-10.26_Content License Agreement2.pdf.metadata,101,False
data/raw/cuad/.cache/huggingface/download/CUAD_v1/full_contract_pdf/Part_I/License_Agreements/MidwestEnergyEmissionsCorp_20080604_8-K_EX-10.2_3093976_EX-10.2_Content License Agreement.pdf.lock,0,False
data/raw/cuad/.cache/huggingface/download/CUAD_v1/full_contract_pdf/Part_I/License_Agreements/MidwestEnergyEmissionsCorp_20080604_8-K_EX-10.2_3093976_EX-10.2_Content License Agreement.pdf.metadata,101,False
data/raw/cuad/.cache/huggingface/download/CUAD_v1/full_contract_pdf/Part_I/License_Agreements/MorganStanleyDirectLendingFund_20191119_10-12GA_EX-10.5_11898508_EX-10.5_Trademark License Agreement.pdf.lock,0,False
data/raw/cuad/.cache/huggingface/download/CUAD_v1/full_contract_pdf/Part_I/License_Agreements/MorganStanleyDirectLendingFund_20191119_10-12GA_EX-10.5_11898508_EX-10.5_Trademark License Agreement.pdf.metadata,101,False
data/raw/cuad/.cache/huggingface/download/CUAD_v1/full_contract_pdf/Part_I/License_Agreements/NmfSlfIInc_20200115_10-12GA_EX-10.5_11946987_EX-10.5_Trademark License Agreement.pdf.lock,0,False
data/raw/cuad/.cache/huggingface/download/CUAD_v1/full_contract_pdf/Part_I/License_Agreements/NmfSlfIInc_20200115_10-12GA_EX-10.5_11946987_EX-10.5_Trademark License Agreement.pdf.metadata,101,False
data/raw/cuad/.cache/huggingface/download/CUAD_v1/full_contract_pdf/Part_I/License_Agreements/PacificapEntertainmentHoldingsInc_20051115_8-KA_EX-1.01_4300894_EX-1.01_Content License Agreement.pdf.lock,0,False
data/raw/cuad/.cache/huggingface/download/CUAD_v1/full_contract_pdf/Part_I/License_Agreements/PacificapEntertainmentHoldingsInc_20051115_8-KA_EX-1.01_4300894_EX-1.01_Content License Agreement.pdf.metadata,101,False
data/raw/cuad/.cache/huggingface/download/CUAD_v1/full_contract_pdf/Part_I/License_Agreements/PalmerSquareCapitalBdcInc_20200116_10-12GA_EX-10.6_11949289_EX-10.6_Trademark License Agreement.pdf.lock,0,False
data/raw/cuad/.cache/huggingface/download/CUAD_v1/full_contract_pdf/Part_I/License_Agreements/PalmerSquareCapitalBdcInc_20200116_10-12GA_EX-10.6_11949289_EX-10.6_Trademark License Agreement.pdf.metadata,101,False
data/raw/cuad/.cache/huggingface/download/CUAD_v1/full_contract_pdf/Part_I/License_Agreements/PhoenixNewMediaLtd_20110421_F-1_EX-10.17_6958322_EX-10.17_Content License Agreement.pdf.lock,0,False
data/raw/cuad/.cache/huggingface/download/CUAD_v1/full_contract_pdf/Part_I/License_Agreements/PhoenixNewMediaLtd_20110421_F-1_EX-10.17_6958322_EX-10.17_Content License Agreement.pdf.metadata,101,False
data/raw/cuad/.cache/huggingface/download/CUAD_v1/full_contract_pdf/Part_I/License_Agreements/PlayboyEnterprisesInc_20090220_10-QA_EX-10.2_4091580_EX-10.2_Content License Agreement_ Marketing Agreement_ Sales-Purchase Agreement1.pdf.lock,0,False
data/raw/cuad/.cache/huggingface/download/CUAD_v1/full_contract_pdf/Part_I/License_Agreements/PlayboyEnterprisesInc_20090220_10-QA_EX-10.2_4091580_EX-10.2_Content License Agreement_ Marketing Agreement_ Sales-Purchase Agreement1.pdf.metadata,99,False
data/raw/cuad/.cache/huggingface/download/CUAD_v1/full_contract_pdf/Part_I/License_Agreements/PlayboyEnterprisesInc_20090220_10-QA_EX-10.2_4091580_EX-10.2_Content License Agreement_ Marketing Agreement_ Sales-Purchase Agreement2.pdf.lock,0,False
data/raw/cuad/.cache/huggingface/download/CUAD_v1/full_contract_pdf/Part_I/License_Agreements/PlayboyEnterprisesInc_20090220_10-QA_EX-10.2_4091580_EX-10.2_Content License Agreement_ Marketing Agreement_ Sales-Purchase Agreement2.pdf.metadata,101,False
data/raw/cuad/.cache/huggingface/download/CUAD_v1/full_contract_pdf/Part_I/License_Agreements/RemarkHoldingsInc_20081114_10-Q_EX-10.24_2895649_EX-10.24_Content License Agreement.pdf.lock,0,False
data/raw/cuad/.cache/huggingface/download/CUAD_v1/full_contract_pdf/Part_I/License_Agreements/RemarkHoldingsInc_20081114_10-Q_EX-10.24_2895649_EX-10.24_Content License Agreement.pdf.metadata,101,False
data/raw/cuad/.cache/huggingface/download/CUAD_v1/full_contract_pdf/Part_I/License_Agreements/VirtuosoSurgicalInc_20191227_1-A_EX1A-6 MAT CTRCT_11933379_EX1A-6 MAT CTRCT_License Agreement.pdf.lock,0,False
data/raw/cuad/.cache/huggingface/download/CUAD_v1/full_contract_pdf/Part_I/License_Agreements/VirtuosoSurgicalInc_20191227_1-A_EX1A-6 MAT CTRCT_11933379_EX1A-6 MAT CTRCT_License Agreement.pdf.metadata,101,False
data/raw/cuad/.cache/huggingface/download/CUAD_v1/full_contract_pdf/Part_I/License_Agreements/WatchitMediaInc_20061201_8-K_EX-10.1_4148672_EX-10.1_Content License Agreement.pdf.lock,0,False
data/raw/cuad/.cache/huggingface/download/CUAD_v1/full_contract_pdf/Part_I/License_Agreements/WatchitMediaInc_20061201_8-K_EX-10.1_4148672_EX-10.1_Content License Agreement.pdf.metadata,101,False
data/raw/cuad/.cache/huggingface/download/CUAD_v1/full_contract_pdf/Part_I/License_Agreements/WebmdHealthCorp_20050908_S-1A_EX-10.7_1027007_EX-10.7_Content License Agreement.pdf.lock,0,False
data/raw/cuad/.cache/huggingface/download/CUAD_v1/full_contract_pdf/Part_I/License_Agreements/WebmdHealthCorp_20050908_S-1A_EX-10.7_1027007_EX-10.7_Content License Agreement.pdf.metadata,101,False
data/raw/cuad/.cache/huggingface/download/CUAD_v1/full_contract_pdf/Part_I/License_Agreements/XinhuaSportsEntertainmentLtd_20070221_F-1_EX-99.4_645553_EX-99.4_Content License Agreement.pdf.lock,0,False
data/raw/cuad/.cache/huggingface/download/CUAD_v1/full_contract_pdf/Part_I/License_Agreements/XinhuaSportsEntertainmentLtd_20070221_F-1_EX-99.4_645553_EX-99.4_Content License Agreement.pdf.metadata,101,False
data/raw/cuad/.cache/huggingface/download/CUAD_v1/full_contract_pdf/Part_I/Maintenance/AtnInternationalInc_20191108_10-Q_EX-10.1_11878541_EX-10.1_Maintenance Agreement.pdf.lock,0,False
data/raw/cuad/.cache/huggingface/download/CUAD_v1/full_contract_pdf/Part_I/Maintenance/AtnInternationalInc_20191108_10-Q_EX-10.1_11878541_EX-10.1_Maintenance Agreement.pdf.metadata,101,False
data/raw/cuad/.cache/huggingface/download/CUAD_v1/full_contract_pdf/Part_I/Maintenance/AzulSa_20170303_F-1A_EX-10.3_9943903_EX-10.3_Maintenance Agreement1.pdf.lock,0,False
data/raw/cuad/.cache/huggingface/download/CUAD_v1/full_contract_pdf/Part_I/Maintenance/AzulSa_20170303_F-1A_EX-10.3_9943903_EX-10.3_Maintenance Agreement1.pdf.metadata,100,False
data/raw/cuad/.cache/huggingface/download/CUAD_v1/full_contract_pdf/Part_I/Maintenance/AzulSa_20170303_F-1A_EX-10.3_9943903_EX-10.3_Maintenance Agreement2.pdf.lock,0,False
data/raw/cuad/.cache/huggingface/download/CUAD_v1/full_contract_pdf/Part_I/Maintenance/AzulSa_20170303_F-1A_EX-10.3_9943903_EX-10.3_Maintenance Agreement2.pdf.metadata,101,False
data/raw/cuad/.cache/huggingface/download/CUAD_v1/full_contract_pdf/Part_I/Maintenance/BloomEnergyCorp_20180321_DRSA (on S-1)_EX-10_11240356_EX-10_Maintenance Agreement.pdf.lock,0,False
data/raw/cuad/.cache/huggingface/download/CUAD_v1/full_contract_pdf/Part_I/Maintenance/BloomEnergyCorp_20180321_DRSA (on S-1)_EX-10_11240356_EX-10_Maintenance Agreement.pdf.metadata,100,False
data/raw/cuad/.cache/huggingface/download/CUAD_v1/full_contract_pdf/Part_I/Maintenance/CardlyticsInc_20180112_S-1_EX-10.16_11002987_EX-10.16_Maintenance Agreement1.pdf.lock,0,False
data/raw/cuad/.cache/huggingface/download/CUAD_v1/full_contract_pdf/Part_I/Maintenance/CardlyticsInc_20180112_S-1_EX-10.16_11002987_EX-10.16_Maintenance Agreement1.pdf.metadata,101,False
data/raw/cuad/.cache/huggingface/download/CUAD_v1/full_contract_pdf/Part_I/Maintenance/CardlyticsInc_20180112_S-1_EX-10.16_11002987_EX-10.16_Maintenance Agreement2.pdf.lock,0,False
data/raw/cuad/.cache/huggingface/download/CUAD_v1/full_contract_pdf/Part_I/Maintenance/CardlyticsInc_20180112_S-1_EX-10.16_11002987_EX-10.16_Maintenance Agreement2.pdf.metadata,100,False
data/raw/cuad/.cache/huggingface/download/CUAD_v1/full_contract_pdf/Part_I/Maintenance/CardlyticsInc_20180112_S-1_EX-10.16_11002987_EX-10.16_Maintenance Agreement3.pdf.lock,0,False
data/raw/cuad/.cache/huggingface/download/CUAD_v1/full_contract_pdf/Part_I/Maintenance/CardlyticsInc_20180112_S-1_EX-10.16_11002987_EX-10.16_Maintenance Agreement3.pdf.metadata,101,False
data/raw/cuad/.cache/huggingface/download/CUAD_v1/full_contract_pdf/Part_I/Maintenance/CardlyticsInc_20180112_S-1_EX-10.16_11002987_EX-10.16_Maintenance Agreement4.pdf.lock,0,False
data/raw/cuad/.cache/huggingface/download/CUAD_v1/full_contract_pdf/Part_I/Maintenance/CardlyticsInc_20180112_S-1_EX-10.16_11002987_EX-10.16_Maintenance Agreement4.pdf.metadata,101,False
data/raw/cuad/.cache/huggingface/download/CUAD_v1/full_contract_pdf/Part_I/Maintenance/HerImports_20161018_8-KA_EX-10.14_9765707_EX-10.14_Maintenance Agreement.pdf.lock,0,False
data/raw/cuad/.cache/huggingface/download/CUAD_v1/full_contract_pdf/Part_I/Maintenance/HerImports_20161018_8-KA_EX-10.14_9765707_EX-10.14_Maintenance Agreement.pdf.metadata,101,False
data/raw/cuad/.cache/huggingface/download/CUAD_v1/full_contract_pdf/Part_I/Manufacturing/BellringBrandsInc_20190920_S-1_EX-10.12_11817081_EX-10.12_Manufacturing Agreement1.pdf.lock,0,False
data/raw/cuad/.cache/huggingface/download/CUAD_v1/full_contract_pdf/Part_I/Manufacturing/BellringBrandsInc_20190920_S-1_EX-10.12_11817081_EX-10.12_Manufacturing Agreement1.pdf.metadata,101,False
data/raw/cuad/.cache/huggingface/download/CUAD_v1/full_contract_pdf/Part_I/Manufacturing/BellringBrandsInc_20190920_S-1_EX-10.12_11817081_EX-10.12_Manufacturing Agreement2.pdf.lock,0,False
data/raw/cuad/.cache/huggingface/download/CUAD_v1/full_contract_pdf/Part_I/Manufacturing/BellringBrandsInc_20190920_S-1_EX-10.12_11817081_EX-10.12_Manufacturing Agreement2.pdf.metadata,101,False
data/raw/cuad/.cache/huggingface/download/CUAD_v1/full_contract_pdf/Part_I/Manufacturing/BellringBrandsInc_20190920_S-1_EX-10.12_11817081_EX-10.12_Manufacturing Agreement3.pdf.lock,0,False
data/raw/cuad/.cache/huggingface/download/CUAD_v1/full_contract_pdf/Part_I/Manufacturing/BellringBrandsInc_20190920_S-1_EX-10.12_11817081_EX-10.12_Manufacturing Agreement3.pdf.metadata,101,False
data/raw/cuad/.cache/huggingface/download/CUAD_v1/full_contract_pdf/Part_I/Manufacturing/BellringBrandsInc_20190920_S-1_EX-10.12_11817081_EX-10.12_Manufacturing Agreement4.pdf.lock,0,False
data/raw/cuad/.cache/huggingface/download/CUAD_v1/full_contract_pdf/Part_I/Manufacturing/BellringBrandsInc_20190920_S-1_EX-10.12_11817081_EX-10.12_Manufacturing Agreement4.pdf.metadata,101,False
data/raw/cuad/.cache/huggingface/download/CUAD_v1/full_contract_pdf/Part_I/Manufacturing/InmodeLtd_20190729_F-1A_EX-10.9_11743243_EX-10.9_Manufacturing Agreement.pdf.lock,0,False
data/raw/cuad/.cache/huggingface/download/CUAD_v1/full_contract_pdf/Part_I/Manufacturing/InmodeLtd_20190729_F-1A_EX-10.9_11743243_EX-10.9_Manufacturing Agreement.pdf.metadata,101,False
data/raw/cuad/.cache/huggingface/download/CUAD_v1/full_contract_pdf/Part_I/Manufacturing/KitovPharmaLtd_20190326_20-F_EX-4.15_11584449_EX-4.15_Manufacturing Agreement.pdf.lock,0,False
data/raw/cuad/.cache/huggingface/download/CUAD_v1/full_contract_pdf/Part_I/Manufacturing/KitovPharmaLtd_20190326_20-F_EX-4.15_11584449_EX-4.15_Manufacturing Agreement.pdf.metadata,99,False
data/raw/cuad/.cache/huggingface/download/CUAD_v1/full_contract_pdf/Part_I/Manufacturing/NeuroboPharmaceuticalsInc_20190903_S-4_EX-10.36_11802165_EX-10.36_Manufacturing Agreement_ Supply Agreement.pdf.lock,0,False
data/raw/cuad/.cache/huggingface/download/CUAD_v1/full_contract_pdf/Part_I/Manufacturing/NeuroboPharmaceuticalsInc_20190903_S-4_EX-10.36_11802165_EX-10.36_Manufacturing Agreement_ Supply Agreement.pdf.metadata,100,False
data/raw/cuad/.cache/huggingface/download/CUAD_v1/full_contract_pdf/Part_I/Manufacturing/UpjohnInc_20200121_10-12G_EX-2.6_11948692_EX-2.6_Manufacturing Agreement_ Supply Agreement.pdf.lock,0,False
data/raw/cuad/.cache/huggingface/download/CUAD_v1/full_contract_pdf/Part_I/Manufacturing/UpjohnInc_20200121_10-12G_EX-2.6_11948692_EX-2.6_Manufacturing Agreement_ Supply Agreement.pdf.metadata,101,False
data/raw/cuad/.cache/huggingface/download/CUAD_v1/full_contract_pdf/Part_I/Marketing/AudibleInc_20001113_10-Q_EX-10.32_2599586_EX-10.32_Co-Branding Agreement_ Marketing Agreement_ Investment Distribution Agreement.pdf.lock,0,False
data/raw/cuad/.cache/huggingface/download/CUAD_v1/full_contract_pdf/Part_I/Marketing/AudibleInc_20001113_10-Q_EX-10.32_2599586_EX-10.32_Co-Branding Agreement_ Marketing Agreement_ Investment Distribution Agreement.pdf.metadata,101,False
data/raw/cuad/.cache/huggingface/download/CUAD_v1/full_contract_pdf/Part_I/Marketing/CcRealEstateIncomeFundadv_20181205_POS 8C_EX-99.(H)(3)_11447739_EX-99.(H)(3)_Marketing Agreement.pdf.lock,0,False
data/raw/cuad/.cache/huggingface/download/CUAD_v1/full_contract_pdf/Part_I/Marketing/CcRealEstateIncomeFundadv_20181205_POS 8C_EX-99.(H)(3)_11447739_EX-99.(H)(3)_Marketing Agreement.pdf.metadata,101,False
data/raw/cuad/.cache/huggingface/download/CUAD_v1/full_contract_pdf/Part_I/Marketing/EmmisCommunicationsCorp_20191125_8-K_EX-10.6_11906433_EX-10.6_Marketing Agreement.pdf.lock,0,False
data/raw/cuad/.cache/huggingface/download/CUAD_v1/full_contract_pdf/Part_I/Marketing/EmmisCommunicationsCorp_20191125_8-K_EX-10.6_11906433_EX-10.6_Marketing Agreement.pdf.metadata,101,False
data/raw/cuad/.cache/huggingface/download/CUAD_v1/full_contract_pdf/Part_I/Marketing/TodosMedicalLtd_20190328_20-F_EX-4.10_11587157_EX-4.10_Marketing Agreement_ Reseller Agreement.pdf.lock,0,False
data/raw/cuad/.cache/huggingface/download/CUAD_v1/full_contract_pdf/Part_I/Marketing/TodosMedicalLtd_20190328_20-F_EX-4.10_11587157_EX-4.10_Marketing Agreement_ Reseller Agreement.pdf.metadata,100,False
data/raw/cuad/.cache/huggingface/download/CUAD_v1/full_contract_pdf/Part_I/Marketing/VertexEnergyInc_20200113_8-K_EX-10.1_11943624_EX-10.1_Marketing Agreement.pdf.lock,0,False
data/raw/cuad/.cache/huggingface/download/CUAD_v1/full_contract_pdf/Part_I/Marketing/VertexEnergyInc_20200113_8-K_EX-10.1_11943624_EX-10.1_Marketing Agreement.pdf.metadata,101,False
data/raw/cuad/.cache/huggingface/download/CUAD_v1/full_contract_pdf/Part_I/Marketing/XpresspaGroupInc_20190401_10-K_EX-10.28_11599457_EX-10.28_Marketing Agreement.pdf.lock,0,False
data/raw/cuad/.cache/huggingface/download/CUAD_v1/full_contract_pdf/Part_I/Marketing/XpresspaGroupInc_20190401_10-K_EX-10.28_11599457_EX-10.28_Marketing Agreement.pdf.metadata,101,False
data/raw/cuad/.cache/huggingface/download/CUAD_v1/full_contract_pdf/Part_I/Non_Compete_Non_Solicit/Quaker Chemical Corporation - NON COMPETITION AND NON SOLICITATION AGREEMENT.PDF.lock,0,False
data/raw/cuad/.cache/huggingface/download/CUAD_v1/full_contract_pdf/Part_I/Non_Compete_Non_Solicit/Quaker Chemical Corporation - NON COMPETITION AND NON SOLICITATION AGREEMENT.PDF.metadata,100,False
"data/raw/cuad/.cache/huggingface/download/CUAD_v1/full_contract_pdf/Part_I/Non_Compete_Non_Solicit/VIVINT SOLAR, INC. - NON-COMPETITION AGREEMENT.PDF.lock",0,False
"data/raw/cuad/.cache/huggingface/download/CUAD_v1/full_contract_pdf/Part_I/Non_Compete_Non_Solicit/VIVINT SOLAR, INC. - NON-COMPETITION AGREEMENT.PDF.metadata",101,False
data/raw/cuad/.cache/huggingface/download/CUAD_v1/full_contract_pdf/Part_I/Non_Compete_Non_Solicit/WESTERN COPPER - NON-COMPETITION AGREEMENT.PDF.lock,0,False
data/raw/cuad/.cache/huggingface/download/CUAD_v1/full_contract_pdf/Part_I/Non_Compete_Non_Solicit/WESTERN COPPER - NON-COMPETITION AGREEMENT.PDF.metadata,125,False
data/raw/cuad/.cache/huggingface/download/CUAD_v1/full_contract_pdf/Part_I/Outsourcing/FerroglobePlc_20150624_F-4A_EX-10.20_9154746_EX-10.20_Outsourcing Agreement.pdf.lock,0,False
data/raw/cuad/.cache/huggingface/download/CUAD_v1/full_contract_pdf/Part_I/Outsourcing/FerroglobePlc_20150624_F-4A_EX-10.20_9154746_EX-10.20_Outsourcing Agreement.pdf.metadata,100,False
data/raw/cuad/.cache/huggingface/download/CUAD_v1/full_contract_pdf/Part_I/Outsourcing/ImperialGardenResortInc_20161028_DRS (on F-1)_EX-10.13_9963189_EX-10.13_Outsourcing Agreement.pdf.lock,0,False
data/raw/cuad/.cache/huggingface/download/CUAD_v1/full_contract_pdf/Part_I/Outsourcing/ImperialGardenResortInc_20161028_DRS (on F-1)_EX-10.13_9963189_EX-10.13_Outsourcing Agreement.pdf.metadata,99,False
data/raw/cuad/.cache/huggingface/download/CUAD_v1/full_contract_pdf/Part_I/Outsourcing/ParatekPharmaceuticalsInc_20170505_10-KA_EX-10.29_10323872_EX-10.29_Outsourcing Agreement.pdf.lock,0,False
data/raw/cuad/.cache/huggingface/download/CUAD_v1/full_contract_pdf/Part_I/Outsourcing/ParatekPharmaceuticalsInc_20170505_10-KA_EX-10.29_10323872_EX-10.29_Outsourcing Agreement.pdf.metadata,101,False
data/raw/cuad/.cache/huggingface/download/CUAD_v1/full_contract_pdf/Part_I/Outsourcing/PhotronicsInc_20171219_10-QA_EX-10.28_10982650_EX-10.28_Outsourcing Agreement.pdf.lock,0,False
data/raw/cuad/.cache/huggingface/download/CUAD_v1/full_contract_pdf/Part_I/Outsourcing/PhotronicsInc_20171219_10-QA_EX-10.28_10982650_EX-10.28_Outsourcing Agreement.pdf.metadata,100,False
data/raw/cuad/.cache/huggingface/download/CUAD_v1/full_contract_pdf/Part_I/Promotion/DovaPharmaceuticalsInc_20181108_10-Q_EX-10.2_11414857_EX-10.2_Promotion Agreement.pdf.lock,0,False
data/raw/cuad/.cache/huggingface/download/CUAD_v1/full_contract_pdf/Part_I/Promotion/DovaPharmaceuticalsInc_20181108_10-Q_EX-10.2_11414857_EX-10.2_Promotion Agreement.pdf.metadata,100,False
data/raw/cuad/.cache/huggingface/download/CUAD_v1/full_contract_pdf/Part_I/Promotion/ExactSciencesCorp_20180822_8-K_EX-10.1_11331629_EX-10.1_Promotion Agreement.pdf.lock,0,False
data/raw/cuad/.cache/huggingface/download/CUAD_v1/full_contract_pdf/Part_I/Promotion/ExactSciencesCorp_20180822_8-K_EX-10.1_11331629_EX-10.1_Promotion Agreement.pdf.metadata,100,False
data/raw/cuad/.cache/huggingface/download/CUAD_v1/full_contract_pdf/Part_I/Promotion/SigaTechnologiesInc_20190603_8-K_EX-10.1_11695818_EX-10.1_Promotion Agreement.pdf.lock,0,False
data/raw/cuad/.cache/huggingface/download/CUAD_v1/full_contract_pdf/Part_I/Promotion/SigaTechnologiesInc_20190603_8-K_EX-10.1_11695818_EX-10.1_Promotion Agreement.pdf.metadata,100,False
data/raw/cuad/.cache/huggingface/download/CUAD_v1/full_contract_pdf/Part_I/Promotion/VnueInc_20150914_8-K_EX-10.1_9259571_EX-10.1_Promotion Agreement.pdf.lock,0,False
data/raw/cuad/.cache/huggingface/download/CUAD_v1/full_contract_pdf/Part_I/Promotion/VnueInc_20150914_8-K_EX-10.1_9259571_EX-10.1_Promotion Agreement.pdf.metadata,101,False
data/raw/cuad/.cache/huggingface/download/CUAD_v1/full_contract_pdf/Part_I/Reseller/BravatekSolutionsInc_20170418_8-K_EX-10.1_10205739_EX-10.1_Reseller Agreement.pdf.lock,0,False
data/raw/cuad/.cache/huggingface/download/CUAD_v1/full_contract_pdf/Part_I/Reseller/BravatekSolutionsInc_20170418_8-K_EX-10.1_10205739_EX-10.1_Reseller Agreement.pdf.metadata,100,False
data/raw/cuad/.cache/huggingface/download/CUAD_v1/full_contract_pdf/Part_I/Reseller/EhaveInc_20190515_20-F_EX-4.44_11678816_EX-4.44_License Agreement_ Reseller Agreement.pdf.lock,0,False
data/raw/cuad/.cache/huggingface/download/CUAD_v1/full_contract_pdf/Part_I/Reseller/EhaveInc_20190515_20-F_EX-4.44_11678816_EX-4.44_License Agreement_ Reseller Agreement.pdf.metadata,101,False
data/raw/cuad/.cache/huggingface/download/CUAD_v1/full_contract_pdf/Part_I/Reseller/HealthcareIntegratedTechnologiesInc_20190812_8-K_EX-10.1_11776966_EX-10.1_Reseller Agreement.pdf.lock,0,False
data/raw/cuad/.cache/huggingface/download/CUAD_v1/full_contract_pdf/Part_I/Reseller/HealthcareIntegratedTechnologiesInc_20190812_8-K_EX-10.1_11776966_EX-10.1_Reseller Agreement.pdf.metadata,100,False
data/raw/cuad/.cache/huggingface/download/CUAD_v1/full_contract_pdf/Part_I/Reseller/IpassInc_20181203_8-K_EX-99.1_11445874_EX-99.1_Reseller Agreement.pdf.lock,0,False
data/raw/cuad/.cache/huggingface/download/CUAD_v1/full_contract_pdf/Part_I/Reseller/IpassInc_20181203_8-K_EX-99.1_11445874_EX-99.1_Reseller Agreement.pdf.metadata,101,False
data/raw/cuad/.cache/huggingface/download/CUAD_v1/full_contract_pdf/Part_I/Reseller/SalesforcecomInc_20171122_10-Q_EX-10.1_10961535_EX-10.1_Reseller Agreement.pdf.lock,0,False
data/raw/cuad/.cache/huggingface/download/CUAD_v1/full_contract_pdf/Part_I/Reseller/SalesforcecomInc_20171122_10-Q_EX-10.1_10961535_EX-10.1_Reseller Agreement.pdf.metadata,101,False
data/raw/cuad/.cache/huggingface/download/CUAD_v1/full_contract_pdf/Part_I/Service/GpaqAcquisitionHoldingsInc_20200123_S-4A_EX-10.8_11951679_EX-10.8_Service Agreement.pdf.lock,0,False
data/raw/cuad/.cache/huggingface/download/CUAD_v1/full_contract_pdf/Part_I/Service/GpaqAcquisitionHoldingsInc_20200123_S-4A_EX-10.8_11951679_EX-10.8_Service Agreement.pdf.metadata,101,False
data/raw/cuad/.cache/huggingface/download/CUAD_v1/full_contract_pdf/Part_I/Service/IntegrityFunds_20200121_485BPOS_EX-99.E UNDR CONTR_11948727_EX-99.E UNDR CONTR_Service Agreement.pdf.lock,0,False
data/raw/cuad/.cache/huggingface/download/CUAD_v1/full_contract_pdf/Part_I/Service/IntegrityFunds_20200121_485BPOS_EX-99.E UNDR CONTR_11948727_EX-99.E UNDR CONTR_Service Agreement.pdf.metadata,101,False
data/raw/cuad/.cache/huggingface/download/CUAD_v1/full_contract_pdf/Part_I/Service/ReynoldsConsumerProductsInc_20200121_S-1A_EX-10.22_11948918_EX-10.22_Service Agreement.pdf.lock,0,False
data/raw/cuad/.cache/huggingface/download/CUAD_v1/full_contract_pdf/Part_I/Service/ReynoldsConsumerProductsInc_20200121_S-1A_EX-10.22_11948918_EX-10.22_Service Agreement.pdf.metadata,101,False
data/raw/cuad/.cache/huggingface/download/CUAD_v1/full_contract_pdf/Part_I/Service/VerizonAbsLlc_20200123_8-K_EX-10.4_11952335_EX-10.4_Service Agreement.pdf.lock,0,False
data/raw/cuad/.cache/huggingface/download/CUAD_v1/full_contract_pdf/Part_I/Service/VerizonAbsLlc_20200123_8-K_EX-10.4_11952335_EX-10.4_Service Agreement.pdf.metadata,100,False
data/raw/cuad/.cache/huggingface/download/CUAD_v1/full_contract_pdf/Part_I/Sponsorship/AlliedEsportsEntertainmentInc_20190815_8-K_EX-10.34_11788308_EX-10.34_Sponsorship Agreement.pdf.lock,0,False
data/raw/cuad/.cache/huggingface/download/CUAD_v1/full_contract_pdf/Part_I/Sponsorship/AlliedEsportsEntertainmentInc_20190815_8-K_EX-10.34_11788308_EX-10.34_Sponsorship Agreement.pdf.metadata,101,False
data/raw/cuad/.cache/huggingface/download/CUAD_v1/full_contract_pdf/Part_I/Sponsorship/ArcGroupInc_20171211_8-K_EX-10.1_10976103_EX-10.1_Sponsorship Agreement.pdf.lock,0,False
data/raw/cuad/.cache/huggingface/download/CUAD_v1/full_contract_pdf/Part_I/Sponsorship/ArcGroupInc_20171211_8-K_EX-10.1_10976103_EX-10.1_Sponsorship Agreement.pdf.metadata,101,False
data/raw/cuad/.cache/huggingface/download/CUAD_v1/full_contract_pdf/Part_I/Sponsorship/EcoScienceSolutionsInc_20180406_8-K_EX-10.1_11135398_EX-10.1_Sponsorship Agreement.pdf.lock,0,False
data/raw/cuad/.cache/huggingface/download/CUAD_v1/full_contract_pdf/Part_I/Sponsorship/EcoScienceSolutionsInc_20180406_8-K_EX-10.1_11135398_EX-10.1_Sponsorship Agreement.pdf.metadata,101,False
data/raw/cuad/.cache/huggingface/download/CUAD_v1/full_contract_pdf/Part_I/Sponsorship/FreezeTagInc_20180411_8-K_EX-10.1_11139603_EX-10.1_Sponsorship Agreement.pdf.lock,0,False
data/raw/cuad/.cache/huggingface/download/CUAD_v1/full_contract_pdf/Part_I/Sponsorship/FreezeTagInc_20180411_8-K_EX-10.1_11139603_EX-10.1_Sponsorship Agreement.pdf.metadata,101,False
data/raw/cuad/.cache/huggingface/download/CUAD_v1/full_contract_pdf/Part_I/Strategic Alliance/CHIPMOSTECHNOLOGIESBERMUDALTD_04_18_2016-EX-4.72-Strategic Alliance Agreement.PDF.lock,0,False
data/raw/cuad/.cache/huggingface/download/CUAD_v1/full_contract_pdf/Part_I/Strategic Alliance/CHIPMOSTECHNOLOGIESBERMUDALTD_04_18_2016-EX-4.72-Strategic Alliance Agreement.PDF.metadata,101,False
data/raw/cuad/.cache/huggingface/download/CUAD_v1/full_contract_pdf/Part_I/Strategic Alliance/ENERGOUSCORP_03_16_2017-EX-10.24-STRATEGIC ALLIANCE AGREEMENT.PDF.lock,0,False
data/raw/cuad/.cache/huggingface/download/CUAD_v1/full_contract_pdf/Part_I/Strategic Alliance/ENERGOUSCORP_03_16_2017-EX-10.24-STRATEGIC ALLIANCE AGREEMENT.PDF.metadata,101,False
data/raw/cuad/.cache/huggingface/download/CUAD_v1/full_contract_pdf/Part_I/Strategic Alliance/MOELIS_CO_03_24_2014-EX-10.19-STRATEGIC ALLIANCE AGREEMENT.PDF.lock,0,False
data/raw/cuad/.cache/huggingface/download/CUAD_v1/full_contract_pdf/Part_I/Strategic Alliance/MOELIS_CO_03_24_2014-EX-10.19-STRATEGIC ALLIANCE AGREEMENT.PDF.metadata,101,False
data/raw/cuad/.cache/huggingface/download/CUAD_v1/full_contract_pdf/Part_I/Strategic Alliance/PLAYAHOTELS_RESORTSNV_03_14_2017-EX-10.22-STRATEGIC ALLIANCE AGREEMENT (Hyatt Ziva Cancun).PDF.lock,0,False
data/raw/cuad/.cache/huggingface/download/CUAD_v1/full_contract_pdf/Part_I/Strategic Alliance/PLAYAHOTELS_RESORTSNV_03_14_2017-EX-10.22-STRATEGIC ALLIANCE AGREEMENT (Hyatt Ziva Cancun).PDF.metadata,99,False
"data/raw/cuad/.cache/huggingface/download/CUAD_v1/full_contract_pdf/Part_I/Strategic Alliance/SIBANNAC,INC_12_04_2017-EX-2.1-Strategic Alliance Agreement.PDF.lock",0,False
"data/raw/cuad/.cache/huggingface/download/CUAD_v1/full_contract_pdf/Part_I/Strategic Alliance/SIBANNAC,INC_12_04_2017-EX-2.1-Strategic Alliance Agreement.PDF.metadata",99,False
data/raw/cuad/.cache/huggingface/download/CUAD_v1/full_contract_pdf/Part_I/Supply/AgapeAtpCorp_20191202_10-KA_EX-10.1_11911128_EX-10.1_Supply Agreement.pdf.lock,0,False
data/raw/cuad/.cache/huggingface/download/CUAD_v1/full_contract_pdf/Part_I/Supply/AgapeAtpCorp_20191202_10-KA_EX-10.1_11911128_EX-10.1_Supply Agreement.pdf.metadata,101,False
data/raw/cuad/.cache/huggingface/download/CUAD_v1/full_contract_pdf/Part_I/Supply/LohaCompanyltd_20191209_F-1_EX-10.16_11917878_EX-10.16_Supply Agreement.pdf.lock,0,False
data/raw/cuad/.cache/huggingface/download/CUAD_v1/full_contract_pdf/Part_I/Supply/LohaCompanyltd_20191209_F-1_EX-10.16_11917878_EX-10.16_Supply Agreement.pdf.metadata,101,False
data/raw/cuad/.cache/huggingface/download/CUAD_v1/full_contract_pdf/Part_I/Supply/ReynoldsConsumerProductsInc_20191115_S-1_EX-10.18_11896469_EX-10.18_Supply Agreement.pdf.lock,0,False
data/raw/cuad/.cache/huggingface/download/CUAD_v1/full_contract_pdf/Part_I/Supply/ReynoldsConsumerProductsInc_20191115_S-1_EX-10.18_11896469_EX-10.18_Supply Agreement.pdf.metadata,100,False
data/raw/cuad/.cache/huggingface/download/CUAD_v1/full_contract_pdf/Part_I/Supply/WestPharmaceuticalServicesInc_20200116_8-K_EX-10.1_11947529_EX-10.1_Supply Agreement.pdf.lock,0,False
data/raw/cuad/.cache/huggingface/download/CUAD_v1/full_contract_pdf/Part_I/Supply/WestPharmaceuticalServicesInc_20200116_8-K_EX-10.1_11947529_EX-10.1_Supply Agreement.pdf.metadata,101,False
data/raw/cuad/.cache/huggingface/download/CUAD_v1/full_contract_pdf/Part_I/Transportation/PenntexMidstreamPartnersLp_20150416_S-1A_EX-10.4_9042833_EX-10.4_Transportation Agreement.pdf.lock,0,False
data/raw/cuad/.cache/huggingface/download/CUAD_v1/full_contract_pdf/Part_I/Transportation/PenntexMidstreamPartnersLp_20150416_S-1A_EX-10.4_9042833_EX-10.4_Transportation Agreement.pdf.metadata,101,False
data/raw/cuad/.cache/huggingface/download/CUAD_v1/full_contract_pdf/Part_I/Transportation/RangeResourcesLouisianaInc_20150417_8-K_EX-10.5_9045501_EX-10.5_Transportation Agreement.pdf.lock,0,False
data/raw/cuad/.cache/huggingface/download/CUAD_v1/full_contract_pdf/Part_I/Transportation/RangeResourcesLouisianaInc_20150417_8-K_EX-10.5_9045501_EX-10.5_Transportation Agreement.pdf.metadata,101,False
data/raw/cuad/.cache/huggingface/download/CUAD_v1/full_contract_pdf/Part_I/Transportation/TcPipelinesLp_20160226_10-K_EX-99.12_9454048_EX-99.12_Transportation Agreement.pdf.lock,0,False
data/raw/cuad/.cache/huggingface/download/CUAD_v1/full_contract_pdf/Part_I/Transportation/TcPipelinesLp_20160226_10-K_EX-99.12_9454048_EX-99.12_Transportation Agreement.pdf.metadata,100,False
data/raw/cuad/.cache/huggingface/download/CUAD_v1/full_contract_pdf/Part_I/Transportation/ZtoExpressCaymanInc_20160930_F-1_EX-10.10_9752871_EX-10.10_Transportation Agreement.pdf.lock,0,False
data/raw/cuad/.cache/huggingface/download/CUAD_v1/full_contract_pdf/Part_I/Transportation/ZtoExpressCaymanInc_20160930_F-1_EX-10.10_9752871_EX-10.10_Transportation Agreement.pdf.metadata,101,False
"data/raw/cuad/.cache/huggingface/download/CUAD_v1/full_contract_pdf/Part_II/Commercial Contracts (Part II-A)/Agency Agreements/ATHENSBANCSHARESCORP_11_02_2009-EX-1.2-AGENCY AGREEMENT , 2009.PDF.lock",0,False
"data/raw/cuad/.cache/huggingface/download/CUAD_v1/full_contract_pdf/Part_II/Commercial Contracts (Part II-A)/Agency Agreements/ATHENSBANCSHARESCORP_11_02_2009-EX-1.2-AGENCY AGREEMENT , 2009.PDF.metadata",101,False
data/raw/cuad/.cache/huggingface/download/CUAD_v1/full_contract_pdf/Part_II/Commercial Contracts (Part II-A)/Agency Agreements/BONTONSTORESINC_04_20_2018-EX-99.3-AGENCY AGREEMENT.PDF.lock,0,False
data/raw/cuad/.cache/huggingface/download/CUAD_v1/full_contract_pdf/Part_II/Commercial Contracts (Part II-A)/Agency Agreements/BONTONSTORESINC_04_20_2018-EX-99.3-AGENCY AGREEMENT.PDF.metadata,101,False
data/raw/cuad/.cache/huggingface/download/CUAD_v1/full_contract_pdf/Part_II/Commercial Contracts (Part II-A)/Agency Agreements/OLDAPIWIND-DOWNLTD_01_08_2016-EX-1.3-AGENCY AGREEMENT1.pdf.lock,0,False
data/raw/cuad/.cache/huggingface/download/CUAD_v1/full_contract_pdf/Part_II/Commercial Contracts (Part II-A)/Agency Agreements/OLDAPIWIND-DOWNLTD_01_08_2016-EX-1.3-AGENCY AGREEMENT1.pdf.metadata,101,False
data/raw/cuad/.cache/huggingface/download/CUAD_v1/full_contract_pdf/Part_II/Commercial Contracts (Part II-A)/Agency Agreements/OLDAPIWIND-DOWNLTD_01_08_2016-EX-1.3-AGENCY AGREEMENT2.pdf.lock,0,False
data/raw/cuad/.cache/huggingface/download/CUAD_v1/full_contract_pdf/Part_II/Commercial Contracts (Part II-A)/Agency Agreements/OLDAPIWIND-DOWNLTD_01_08_2016-EX-1.3-AGENCY AGREEMENT2.pdf.metadata,101,False
data/raw/cuad/.cache/huggingface/download/CUAD_v1/full_contract_pdf/Part_II/Commercial Contracts (Part II-A)/Collaboration/ALLISONTRANSMISSIONHOLDINGSINC_12_15_2014-EX-99.1-COOPERATION AGREEMENT.PDF.lock,0,False
data/raw/cuad/.cache/huggingface/download/CUAD_v1/full_contract_pdf/Part_II/Commercial Contracts (Part II-A)/Collaboration/ALLISONTRANSMISSIONHOLDINGSINC_12_15_2014-EX-99.1-COOPERATION AGREEMENT.PDF.metadata,100,False
"data/raw/cuad/.cache/huggingface/download/CUAD_v1/full_contract_pdf/Part_II/Commercial Contracts (Part II-A)/Collaboration/BERKELEYLIGHTS,INC_06_26_2020-EX-10.12-COLLABORATION AGREEMENT.PDF.lock",0,False
"data/raw/cuad/.cache/huggingface/download/CUAD_v1/full_contract_pdf/Part_II/Commercial Contracts (Part II-A)/Collaboration/BERKELEYLIGHTS,INC_06_26_2020-EX-10.12-COLLABORATION AGREEMENT.PDF.metadata",100,False
data/raw/cuad/.cache/huggingface/download/CUAD_v1/full_contract_pdf/Part_II/Commercial Contracts (Part II-A)/Collaboration/CHINARECYCLINGENERGYCORP_11_14_2013-EX-10.6-Cooperation Agreement.PDF.lock,0,False
data/raw/cuad/.cache/huggingface/download/CUAD_v1/full_contract_pdf/Part_II/Commercial Contracts (Part II-A)/Collaboration/CHINARECYCLINGENERGYCORP_11_14_2013-EX-10.6-Cooperation Agreement.PDF.metadata,101,False
data/raw/cuad/.cache/huggingface/download/CUAD_v1/full_contract_pdf/Part_II/Commercial Contracts (Part II-A)/Collaboration/IDREAMSKYTECHNOLOGYLTD_07_03_2014-EX-10.39-Cooperation Agreement on Mobile Game Business.PDF.lock,0,False
data/raw/cuad/.cache/huggingface/download/CUAD_v1/full_contract_pdf/Part_II/Commercial Contracts (Part II-A)/Collaboration/IDREAMSKYTECHNOLOGYLTD_07_03_2014-EX-10.39-Cooperation Agreement on Mobile Game Business.PDF.metadata,100,False
"data/raw/cuad/.cache/huggingface/download/CUAD_v1/full_contract_pdf/Part_II/Commercial Contracts (Part II-A)/Collaboration/INNOVIVA,INC_08_07_2014-EX-10.1-COLLABORATION AGREEMENT.PDF.lock",0,False
"data/raw/cuad/.cache/huggingface/download/CUAD_v1/full_contract_pdf/Part_II/Commercial Contracts (Part II-A)/Collaboration/INNOVIVA,INC_08_07_2014-EX-10.1-COLLABORATION AGREEMENT.PDF.metadata",101,False
data/raw/cuad/.cache/huggingface/download/CUAD_v1/full_contract_pdf/Part_II/Commercial Contracts (Part II-A)/Collaboration/MACROGENICSINC_08_02_2013-EX-10-COLLABORATION AGREEMENT.PDF.lock,0,False
data/raw/cuad/.cache/huggingface/download/CUAD_v1/full_contract_pdf/Part_II/Commercial Contracts (Part II-A)/Collaboration/MACROGENICSINC_08_02_2013-EX-10-COLLABORATION AGREEMENT.PDF.metadata,101,False
data/raw/cuad/.cache/huggingface/download/CUAD_v1/full_contract_pdf/Part_II/Commercial Contracts (Part II-A)/Collaboration/SENMIAOTECHNOLOGYLTD_02_19_2019-EX-10.5-Collaboration Agreement.PDF.lock,0,False
data/raw/cuad/.cache/huggingface/download/CUAD_v1/full_contract_pdf/Part_II/Commercial Contracts (Part II-A)/Collaboration/SENMIAOTECHNOLOGYLTD_02_19_2019-EX-10.5-Collaboration Agreement.PDF.metadata,101,False
data/raw/cuad/.cache/huggingface/download/CUAD_v1/full_contract_pdf/Part_II/Commercial Contracts (Part II-A)/Collaboration/TUNIUCORP_03_06_2014-EX-10-COOPERATION AGREEMENT.PDF.lock,0,False
data/raw/cuad/.cache/huggingface/download/CUAD_v1/full_contract_pdf/Part_II/Commercial Contracts (Part II-A)/Collaboration/TUNIUCORP_03_06_2014-EX-10-COOPERATION AGREEMENT.PDF.metadata,100,False
data/raw/cuad/.cache/huggingface/download/CUAD_v1/full_contract_pdf/Part_II/Commercial Contracts (Part II-A)/Collaboration/XENCORINC_10_25_2013-EX-10.24-COLLABORATION AGREEMENT (3).PDF.lock,0,False
data/raw/cuad/.cache/huggingface/download/CUAD_v1/full_contract_pdf/Part_II/Commercial Contracts (Part II-A)/Collaboration/XENCORINC_10_25_2013-EX-10.24-COLLABORATION AGREEMENT (3).PDF.metadata,101,False
"data/raw/cuad/.cache/huggingface/download/CUAD_v1/full_contract_pdf/Part_II/Commercial Contracts (Part II-A)/Consulting Agreements/ADUROBIOTECH,INC_06_02_2020-EX-10.7-CONSULTING AGREEMENT(1).PDF.lock",0,False
"data/raw/cuad/.cache/huggingface/download/CUAD_v1/full_contract_pdf/Part_II/Commercial Contracts (Part II-A)/Consulting Agreements/ADUROBIOTECH,INC_06_02_2020-EX-10.7-CONSULTING AGREEMENT(1).PDF.metadata",101,False
"data/raw/cuad/.cache/huggingface/download/CUAD_v1/full_contract_pdf/Part_II/Commercial Contracts (Part II-A)/Consulting Agreements/ADUROBIOTECH,INC_06_02_2020-EX-10.7-CONSULTING AGREEMENT.PDF.lock",0,False
"data/raw/cuad/.cache/huggingface/download/CUAD_v1/full_contract_pdf/Part_II/Commercial Contracts (Part II-A)/Consulting Agreements/ADUROBIOTECH,INC_06_02_2020-EX-10.7-CONSULTING AGREEMENT.PDF.metadata",100,False
"data/raw/cuad/.cache/huggingface/download/CUAD_v1/full_contract_pdf/Part_II/Commercial Contracts (Part II-A)/Consulting Agreements/CORALGOLDRESOURCES,LTD_05_28_2020-EX-4.1-CONSULTING AGREEMENT.PDF.lock",0,False
"data/raw/cuad/.cache/huggingface/download/CUAD_v1/full_contract_pdf/Part_II/Commercial Contracts (Part II-A)/Consulting Agreements/CORALGOLDRESOURCES,LTD_05_28_2020-EX-4.1-CONSULTING AGREEMENT.PDF.metadata",100,False
"data/raw/cuad/.cache/huggingface/download/CUAD_v1/full_contract_pdf/Part_II/Commercial Contracts (Part II-A)/Consulting Agreements/DRIVENDELIVERIES,INC_05_22_2020-EX-10.4-CONSULTING AGREEMENT.PDF.lock",0,False
"data/raw/cuad/.cache/huggingface/download/CUAD_v1/full_contract_pdf/Part_II/Commercial Contracts (Part II-A)/Consulting Agreements/DRIVENDELIVERIES,INC_05_22_2020-EX-10.4-CONSULTING AGREEMENT.PDF.metadata",101,False
data/raw/cuad/.cache/huggingface/download/CUAD_v1/full_contract_pdf/Part_II/Commercial Contracts (Part II-A)/Consulting Agreements/EMERALDHEALTHTHERAPEUTICSINC_06_10_2020-EX-4.5-CONSULTING AGREEMENT - DR. GAETANO MORELLO N.D. INC..PDF.lock,0,False
data/raw/cuad/.cache/huggingface/download/CUAD_v1/full_contract_pdf/Part_II/Commercial Contracts (Part II-A)/Consulting Agreements/EMERALDHEALTHTHERAPEUTICSINC_06_10_2020-EX-4.5-CONSULTING AGREEMENT - DR. GAETANO MORELLO N.D. INC..PDF.metadata,101,False
data/raw/cuad/.cache/huggingface/download/CUAD_v1/full_contract_pdf/Part_II/Commercial Contracts (Part II-A)/Consulting Agreements/GLOBALTECHNOLOGIESLTD_06_08_2020-EX-10.16-CONSULTING AGREEMENT.PDF.lock,0,False
data/raw/cuad/.cache/huggingface/download/CUAD_v1/full_contract_pdf/Part_II/Commercial Contracts (Part II-A)/Consulting Agreements/GLOBALTECHNOLOGIESLTD_06_08_2020-EX-10.16-CONSULTING AGREEMENT.PDF.metadata,101,False
"data/raw/cuad/.cache/huggingface/download/CUAD_v1/full_contract_pdf/Part_II/Commercial Contracts (Part II-A)/Consulting Agreements/KIROMICBIOPHARMA,INC_05_11_2020-EX-10.23-CONSULTING AGREEMENT.PDF.lock",0,False
"data/raw/cuad/.cache/huggingface/download/CUAD_v1/full_contract_pdf/Part_II/Commercial Contracts (Part II-A)/Consulting Agreements/KIROMICBIOPHARMA,INC_05_11_2020-EX-10.23-CONSULTING AGREEMENT.PDF.metadata",100,False
"data/raw/cuad/.cache/huggingface/download/CUAD_v1/full_contract_pdf/Part_II/Commercial Contracts (Part II-A)/Consulting Agreements/MEDALISTDIVERSIFIEDREIT,INC_05_18_2020-EX-10.1-CONSULTING AGREEMENT.PDF.lock",0,False
"data/raw/cuad/.cache/huggingface/download/CUAD_v1/full_contract_pdf/Part_II/Commercial Contracts (Part II-A)/Consulting Agreements/MEDALISTDIVERSIFIEDREIT,INC_05_18_2020-EX-10.1-CONSULTING AGREEMENT.PDF.metadata",101,False
data/raw/cuad/.cache/huggingface/download/CUAD_v1/full_contract_pdf/Part_II/Commercial Contracts (Part II-A)/Consulting Agreements/PANDIONTHERAPEUTICSHOLDCOLLC_05_22_2020-EX-10.17-CONSULTING AGREEMENT.PDF.lock,0,False
data/raw/cuad/.cache/huggingface/download/CUAD_v1/full_contract_pdf/Part_II/Commercial Contracts (Part II-A)/Consulting Agreements/PANDIONTHERAPEUTICSHOLDCOLLC_05_22_2020-EX-10.17-CONSULTING AGREEMENT.PDF.metadata,101,False
data/raw/cuad/.cache/huggingface/download/CUAD_v1/full_contract_pdf/Part_II/Commercial Contracts (Part II-A)/Consulting Agreements/SLINGERBAGINC_05_27_2020-EX-10.7-CONSULTING AGREEMENT.PDF.lock,0,False
data/raw/cuad/.cache/huggingface/download/CUAD_v1/full_contract_pdf/Part_II/Commercial Contracts (Part II-A)/Consulting Agreements/SLINGERBAGINC_05_27_2020-EX-10.7-CONSULTING AGREEMENT.PDF.metadata,101,False
data/raw/cuad/.cache/huggingface/download/CUAD_v1/full_contract_pdf/Part_II/Commercial Contracts (Part II-A)/Consulting Agreements/SPHERE3DCORP_06_24_2020-EX-10.12-CONSULTING AGREEMENT.PDF.lock,0,False
data/raw/cuad/.cache/huggingface/download/CUAD_v1/full_contract_pdf/Part_II/Commercial Contracts (Part II-A)/Consulting Agreements/SPHERE3DCORP_06_24_2020-EX-10.12-CONSULTING AGREEMENT.PDF.metadata,101,False
data/raw/cuad/.cache/huggingface/download/CUAD_v1/full_contract_pdf/Part_II/Commercial Contracts (Part II-A)/Development/BIOAMBERINC_04_10_2013-EX-10.34-DEVELOPMENT AGREEMENT (1).pdf.lock,0,False
data/raw/cuad/.cache/huggingface/download/CUAD_v1/full_contract_pdf/Part_II/Commercial Contracts (Part II-A)/Development/BIOAMBERINC_04_10_2013-EX-10.34-DEVELOPMENT AGREEMENT (1).pdf.metadata,99,False
data/raw/cuad/.cache/huggingface/download/CUAD_v1/full_contract_pdf/Part_II/Commercial Contracts (Part II-A)/Development/BIOAMBERINC_04_10_2013-EX-10.34-DEVELOPMENT AGREEMENT - First Amendment.pdf.lock,0,False
data/raw/cuad/.cache/huggingface/download/CUAD_v1/full_contract_pdf/Part_II/Commercial Contracts (Part II-A)/Development/BIOAMBERINC_04_10_2013-EX-10.34-DEVELOPMENT AGREEMENT - First Amendment.pdf.metadata,101,False
"data/raw/cuad/.cache/huggingface/download/CUAD_v1/full_contract_pdf/Part_II/Commercial Contracts (Part II-A)/Distributor/NETGEAR,INC_04_21_2003-EX-10.16- AMENDMENT #2 TO THE DISTRIBUTION AGREEMENT.pdf.lock",0,False
"data/raw/cuad/.cache/huggingface/download/CUAD_v1/full_contract_pdf/Part_II/Commercial Contracts (Part II-A)/Distributor/NETGEAR,INC_04_21_2003-EX-10.16- AMENDMENT #2 TO THE DISTRIBUTION AGREEMENT.pdf.metadata",101,False
"data/raw/cuad/.cache/huggingface/download/CUAD_v1/full_contract_pdf/Part_II/Commercial Contracts (Part II-A)/Distributor/NETGEAR,INC_04_21_2003-EX-10.16-AMENDMENT TO THE DISTRIBUTOR AGREEMENT BETWEEN INGRAM MICRO AND NETGEAR-.pdf.lock",0,False
"data/raw/cuad/.cache/huggingface/download/CUAD_v1/full_contract_pdf/Part_II/Commercial Contracts (Part II-A)/Distributor/NETGEAR,INC_04_21_2003-EX-10.16-AMENDMENT TO THE DISTRIBUTOR AGREEMENT BETWEEN INGRAM MICRO AND NETGEAR-.pdf.metadata",101,False
"data/raw/cuad/.cache/huggingface/download/CUAD_v1/full_contract_pdf/Part_II/Commercial Contracts (Part II-A)/Distributor/NETGEAR,INC_04_21_2003-EX-10.16-DISTRIBUTOR AGREEMENT.pdf.lock",0,False
"data/raw/cuad/.cache/huggingface/download/CUAD_v1/full_contract_pdf/Part_II/Commercial Contracts (Part II-A)/Distributor/NETGEAR,INC_04_21_2003-EX-10.16-DISTRIBUTOR AGREEMENT.pdf.metadata",101,False
data/raw/cuad/.cache/huggingface/download/CUAD_v1/full_contract_pdf/Part_II/Commercial Contracts (Part II-A)/Endorsement/WOMENSGOLFUNLIMITEDINC_03_29_2000-EX-10.13-ENDORSEMENT AGREEMENT - Intellectual Property Rights                 Confidentiality and Non-Use Obligations Agreement.pdf.lock,0,False
data/raw/cuad/.cache/huggingface/download/CUAD_v1/full_contract_pdf/Part_II/Commercial Contracts (Part II-A)/Endorsement/WOMENSGOLFUNLIMITEDINC_03_29_2000-EX-10.13-ENDORSEMENT AGREEMENT - Intellectual Property Rights                 Confidentiality and Non-Use Obligations Agreement.pdf.metadata,101,False
data/raw/cuad/.cache/huggingface/download/CUAD_v1/full_contract_pdf/Part_II/Commercial Contracts (Part II-A)/Endorsement/WOMENSGOLFUNLIMITEDINC_03_29_2000-EX-10.13-ENDORSEMENT AGREEMENT.PDF.lock,0,False
data/raw/cuad/.cache/huggingface/download/CUAD_v1/full_contract_pdf/Part_II/Commercial Contracts (Part II-A)/Endorsement/WOMENSGOLFUNLIMITEDINC_03_29_2000-EX-10.13-ENDORSEMENT AGREEMENT.PDF.metadata,101,False
data/raw/cuad/.cache/huggingface/download/CUAD_v1/full_contract_pdf/Part_II/Commercial Contracts (Part II-A)/Franchise/BUFFALOWILDWINGSINC_06_05_1998-EX-10.3-FRANCHISE AGREEMENT.PDF.lock,0,False
data/raw/cuad/.cache/huggingface/download/CUAD_v1/full_contract_pdf/Part_II/Commercial Contracts (Part II-A)/Franchise/BUFFALOWILDWINGSINC_06_05_1998-EX-10.3-FRANCHISE AGREEMENT.PDF.metadata,101,False
data/raw/cuad/.cache/huggingface/download/CUAD_v1/full_contract_pdf/Part_II/Commercial Contracts (Part II-A)/Franchise/MRSFIELDSORIGINALCOOKIESINC_01_29_1998-EX-10-FRANCHISE AGREEMENT.PDF.lock,0,False
data/raw/cuad/.cache/huggingface/download/CUAD_v1/full_contract_pdf/Part_II/Commercial Contracts (Part II-A)/Franchise/MRSFIELDSORIGINALCOOKIESINC_01_29_1998-EX-10-FRANCHISE AGREEMENT.PDF.metadata,101,False
data/raw/cuad/.cache/huggingface/download/CUAD_v1/full_contract_pdf/Part_II/Commercial Contracts (Part II-A)/Hosting/BANGIINC_05_25_2005-EX-10-Premium Managed Hosting Agreement.PDF.lock,0,False
data/raw/cuad/.cache/huggingface/download/CUAD_v1/full_contract_pdf/Part_II/Commercial Contracts (Part II-A)/Hosting/BANGIINC_05_25_2005-EX-10-Premium Managed Hosting Agreement.PDF.metadata,101,False
data/raw/cuad/.cache/huggingface/download/CUAD_v1/full_contract_pdf/Part_II/Commercial Contracts (Part II-A)/Hosting/CENTRACKINTERNATIONALINC_10_29_1999-EX-10.3-WEB SITE HOSTING AGREEMENT.PDF.lock,0,False
data/raw/cuad/.cache/huggingface/download/CUAD_v1/full_contract_pdf/Part_II/Commercial Contracts (Part II-A)/Hosting/CENTRACKINTERNATIONALINC_10_29_1999-EX-10.3-WEB SITE HOSTING AGREEMENT.PDF.metadata,101,False
data/raw/cuad/.cache/huggingface/download/CUAD_v1/full_contract_pdf/Part_II/Commercial Contracts (Part II-A)/Hosting/DYNTEKINC_07_30_1999-EX-10-ONLINE HOSTING AGREEMENT.PDF.lock,0,False
data/raw/cuad/.cache/huggingface/download/CUAD_v1/full_contract_pdf/Part_II/Commercial Contracts (Part II-A)/Hosting/DYNTEKINC_07_30_1999-EX-10-ONLINE HOSTING AGREEMENT.PDF.metadata,101,False
data/raw/cuad/.cache/huggingface/download/CUAD_v1/full_contract_pdf/Part_II/Commercial Contracts (Part II-A)/Hosting/HEALTHGATEDATACORP_11_24_1999-EX-10.1-HOSTING AND MANAGEMENT AGREEMENT (1).pdf.lock,0,False
data/raw/cuad/.cache/huggingface/download/CUAD_v1/full_contract_pdf/Part_II/Commercial Contracts (Part II-A)/Hosting/HEALTHGATEDATACORP_11_24_1999-EX-10.1-HOSTING AND MANAGEMENT AGREEMENT (1).pdf.metadata,100,False
data/raw/cuad/.cache/huggingface/download/CUAD_v1/full_contract_pdf/Part_II/Commercial Contracts (Part II-A)/Hosting/HEALTHGATEDATACORP_11_24_1999-EX-10.1-HOSTING AND MANAGEMENT AGREEMENT - Escrow Agreement.pdf.lock,0,False
data/raw/cuad/.cache/huggingface/download/CUAD_v1/full_contract_pdf/Part_II/Commercial Contracts (Part II-A)/Hosting/HEALTHGATEDATACORP_11_24_1999-EX-10.1-HOSTING AND MANAGEMENT AGREEMENT - Escrow Agreement.pdf.metadata,101,False
data/raw/cuad/.cache/huggingface/download/CUAD_v1/full_contract_pdf/Part_II/Commercial Contracts (Part II-A)/Hosting/REGANHOLDINGCORP_03_31_2008-EX-10-LICENSE AND HOSTING AGREEMENT.PDF.lock,0,False
data/raw/cuad/.cache/huggingface/download/CUAD_v1/full_contract_pdf/Part_II/Commercial Contracts (Part II-A)/Hosting/REGANHOLDINGCORP_03_31_2008-EX-10-LICENSE AND HOSTING AGREEMENT.PDF.metadata,101,False
data/raw/cuad/.cache/huggingface/download/CUAD_v1/full_contract_pdf/Part_II/Commercial Contracts (Part II-A)/Hosting/WEBHELPCOMINC_03_22_2000-EX-10.8-HOSTING AGREEMENT.PDF.lock,0,False
data/raw/cuad/.cache/huggingface/download/CUAD_v1/full_contract_pdf/Part_II/Commercial Contracts (Part II-A)/Hosting/WEBHELPCOMINC_03_22_2000-EX-10.8-HOSTING AGREEMENT.PDF.metadata,101,False
"data/raw/cuad/.cache/huggingface/download/CUAD_v1/full_contract_pdf/Part_II/Commercial Contracts (Part II-A)/IP/BABCOCK_WILCOXENTERPRISES,INC_08_04_2015-EX-10.17-INTELLECTUAL PROPERTY AGREEMENT between THE BABCOCK _ WILCOX COMPANY and BABCOCK _ WILCOX ENTERPRISES, INC..PDF.lock",0,False
"data/raw/cuad/.cache/huggingface/download/CUAD_v1/full_contract_pdf/Part_II/Commercial Contracts (Part II-A)/IP/BABCOCK_WILCOXENTERPRISES,INC_08_04_2015-EX-10.17-INTELLECTUAL PROPERTY AGREEMENT between THE BABCOCK _ WILCOX COMPANY and BABCOCK _ WILCOX ENTERPRISES, INC..PDF.metadata",101,False
data/raw/cuad/.cache/huggingface/download/CUAD_v1/full_contract_pdf/Part_II/Commercial Contracts (Part II-A)/IP/INGEVITYCORP_05_16_2016-EX-10.5-INTELLECTUAL PROPERTY AGREEMENT.PDF.lock,0,False
data/raw/cuad/.cache/huggingface/download/CUAD_v1/full_contract_pdf/Part_II/Commercial Contracts (Part II-A)/IP/INGEVITYCORP_05_16_2016-EX-10.5-INTELLECTUAL PROPERTY AGREEMENT.PDF.metadata,101,False
"data/raw/cuad/.cache/huggingface/download/CUAD_v1/full_contract_pdf/Part_II/Commercial Contracts (Part II-A)/IP/KNOWLABS,INC_08_15_2005-EX-10-INTELLECTUAL PROPERTY AGREEMENT.PDF.lock",0,False
"data/raw/cuad/.cache/huggingface/download/CUAD_v1/full_contract_pdf/Part_II/Commercial Contracts (Part II-A)/IP/KNOWLABS,INC_08_15_2005-EX-10-INTELLECTUAL PROPERTY AGREEMENT.PDF.metadata",101,False
data/raw/cuad/.cache/huggingface/download/CUAD_v1/full_contract_pdf/Part_II/Commercial Contracts (Part II-A)/IP/PREMIERBIOMEDICALINC_05_14_2020-EX-10.2-INTELLECTUAL PROPERTY AGREEMENT.PDF.lock,0,False
data/raw/cuad/.cache/huggingface/download/CUAD_v1/full_contract_pdf/Part_II/Commercial Contracts (Part II-A)/IP/PREMIERBIOMEDICALINC_05_14_2020-EX-10.2-INTELLECTUAL PROPERTY AGREEMENT.PDF.metadata,101,False
data/raw/cuad/.cache/huggingface/download/CUAD_v1/full_contract_pdf/Part_II/Commercial Contracts (Part II-A)/Maintenance/IMAGEWARESYSTEMSINC_12_20_1999-EX-10.22-MAINTENANCE AGREEMENT.PDF.lock,0,False
data/raw/cuad/.cache/huggingface/download/CUAD_v1/full_contract_pdf/Part_II/Commercial Contracts (Part II-A)/Maintenance/IMAGEWARESYSTEMSINC_12_20_1999-EX-10.22-MAINTENANCE AGREEMENT.PDF.metadata,99,False
data/raw/cuad/.cache/huggingface/download/CUAD_v1/full_contract_pdf/Part_II/Commercial Contracts (Part II-A)/Maintenance/NETZEEINC_11_14_2002-EX-10.3-MAINTENANCE AGREEMENT.PDF.lock,0,False
data/raw/cuad/.cache/huggingface/download/CUAD_v1/full_contract_pdf/Part_II/Commercial Contracts (Part II-A)/Maintenance/NETZEEINC_11_14_2002-EX-10.3-MAINTENANCE AGREEMENT.PDF.metadata,101,False
data/raw/cuad/.cache/huggingface/download/CUAD_v1/full_contract_pdf/Part_II/Commercial Contracts (Part II-A)/Maintenance/WELLSFARGOMORTGAGEBACKEDSECURITIES2006-6TRUST_05_11_2006-EX-10.3-Yield Maintenance Agreement.PDF.lock,0,False
data/raw/cuad/.cache/huggingface/download/CUAD_v1/full_contract_pdf/Part_II/Commercial Contracts (Part II-A)/Maintenance/WELLSFARGOMORTGAGEBACKEDSECURITIES2006-6TRUST_05_11_2006-EX-10.3-Yield Maintenance Agreement.PDF.metadata,101,False
"data/raw/cuad/.cache/huggingface/download/CUAD_v1/full_contract_pdf/Part_II/Commercial Contracts (Part II-A)/Maintenance/XACCT Technologies, Inc.SUPPORT AND MAINTENANCE AGREEMENT.PDF.lock",0,False
"data/raw/cuad/.cache/huggingface/download/CUAD_v1/full_contract_pdf/Part_II/Commercial Contracts (Part II-A)/Maintenance/XACCT Technologies, Inc.SUPPORT AND MAINTENANCE AGREEMENT.PDF.metadata",100,False
data/raw/cuad/.cache/huggingface/download/CUAD_v1/full_contract_pdf/Part_II/Commercial Contracts (Part II-A)/Outsourcing/ASPIRITYHOLDINGSLLC_05_07_2012-EX-10.6-OUTSOURCING AGREEMENT.PDF.lock,0,False
data/raw/cuad/.cache/huggingface/download/CUAD_v1/full_contract_pdf/Part_II/Commercial Contracts (Part II-A)/Outsourcing/ASPIRITYHOLDINGSLLC_05_07_2012-EX-10.6-OUTSOURCING AGREEMENT.PDF.metadata,100,False
data/raw/cuad/.cache/huggingface/download/CUAD_v1/full_contract_pdf/Part_II/Commercial Contracts (Part II-A)/Outsourcing/BNLFINANCIALCORP_03_30_2007-EX-10.8-OUTSOURCING AGREEMENT.PDF.lock,0,False
data/raw/cuad/.cache/huggingface/download/CUAD_v1/full_contract_pdf/Part_II/Commercial Contracts (Part II-A)/Outsourcing/BNLFINANCIALCORP_03_30_2007-EX-10.8-OUTSOURCING AGREEMENT.PDF.metadata,101,False
data/raw/cuad/.cache/huggingface/download/CUAD_v1/full_contract_pdf/Part_II/Commercial Contracts (Part II-A)/Outsourcing/CCAINDUSTRIESINC_04_14_2014-EX-10.1-OUTSOURCING AGREEMENT.PDF.lock,0,False
data/raw/cuad/.cache/huggingface/download/CUAD_v1/full_contract_pdf/Part_II/Commercial Contracts (Part II-A)/Outsourcing/CCAINDUSTRIESINC_04_14_2014-EX-10.1-OUTSOURCING AGREEMENT.PDF.metadata,101,False
data/raw/cuad/.cache/huggingface/download/CUAD_v1/full_contract_pdf/Part_II/Commercial Contracts (Part II-A)/Outsourcing/SYKESHEALTHPLANSERVICESINC_04_24_1998-EX-10.14-OUTSOURCING AGREEMENT.PDF.lock,0,False
data/raw/cuad/.cache/huggingface/download/CUAD_v1/full_contract_pdf/Part_II/Commercial Contracts (Part II-A)/Outsourcing/SYKESHEALTHPLANSERVICESINC_04_24_1998-EX-10.14-OUTSOURCING AGREEMENT.PDF.metadata,101,False
data/raw/cuad/.cache/huggingface/download/CUAD_v1/full_contract_pdf/Part_II/Commercial Contracts (Part II-A)/Outsourcing/TRICITYBANKSHARESCORP_05_15_1998-EX-10-OUTSOURCING AGREEMENT.PDF.lock,0,False
data/raw/cuad/.cache/huggingface/download/CUAD_v1/full_contract_pdf/Part_II/Commercial Contracts (Part II-A)/Outsourcing/TRICITYBANKSHARESCORP_05_15_1998-EX-10-OUTSOURCING AGREEMENT.PDF.metadata,100,False
"data/raw/cuad/.cache/huggingface/download/CUAD_v1/full_contract_pdf/Part_II/Commercial Contracts (Part II-A)/Promotion/ASHWORTHINC_01_29_1999-EX-10.(D)-PROMOTION AGREEMENT AND NANTZ COMMUNICATIONS, INC..PDF.lock",0,False
"data/raw/cuad/.cache/huggingface/download/CUAD_v1/full_contract_pdf/Part_II/Commercial Contracts (Part II-A)/Promotion/ASHWORTHINC_01_29_1999-EX-10.(D)-PROMOTION AGREEMENT AND NANTZ COMMUNICATIONS, INC..PDF.metadata",101,False
data/raw/cuad/.cache/huggingface/download/CUAD_v1/full_contract_pdf/Part_II/Commercial Contracts (Part II-A)/Promotion/GOCALLINC_03_30_2000-EX-10.7-Promotion Agreement.PDF.lock,0,False
data/raw/cuad/.cache/huggingface/download/CUAD_v1/full_contract_pdf/Part_II/Commercial Contracts (Part II-A)/Promotion/GOCALLINC_03_30_2000-EX-10.7-Promotion Agreement.PDF.metadata,101,False
data/raw/cuad/.cache/huggingface/download/CUAD_v1/full_contract_pdf/Part_II/Commercial Contracts (Part II-A)/Promotion/IMMUNOMEDICSINC_08_07_2019-EX-10.1-PROMOTION AGREEMENT.PDF.lock,0,False
data/raw/cuad/.cache/huggingface/download/CUAD_v1/full_contract_pdf/Part_II/Commercial Contracts (Part II-A)/Promotion/IMMUNOMEDICSINC_08_07_2019-EX-10.1-PROMOTION AGREEMENT.PDF.metadata,100,False
"data/raw/cuad/.cache/huggingface/download/CUAD_v1/full_contract_pdf/Part_II/Commercial Contracts (Part II-A)/Promotion/MIDDLEBROOKPHARMACEUTICALS,INC_03_18_2010-EX-10.1-PROMOTION AGREEMENT.PDF.lock",0,False
"data/raw/cuad/.cache/huggingface/download/CUAD_v1/full_contract_pdf/Part_II/Commercial Contracts (Part II-A)/Promotion/MIDDLEBROOKPHARMACEUTICALS,INC_03_18_2010-EX-10.1-PROMOTION AGREEMENT.PDF.metadata",101,False
data/raw/cuad/.cache/huggingface/download/CUAD_v1/full_contract_pdf/Part_II/Commercial Contracts (Part II-A)/Promotion/ON4COMMUNICATIONSINC_07_02_2009-EX-10.1-PROMOTION AGREEMENT.PDF.lock,0,False
data/raw/cuad/.cache/huggingface/download/CUAD_v1/full_contract_pdf/Part_II/Commercial Contracts (Part II-A)/Promotion/ON4COMMUNICATIONSINC_07_02_2009-EX-10.1-PROMOTION AGREEMENT.PDF.metadata,101,False
"data/raw/cuad/.cache/huggingface/download/CUAD_v1/full_contract_pdf/Part_II/Commercial Contracts (Part II-A)/Promotion/WHITESMOKE,INC_11_08_2011-EX-10.26-PROMOTION AND DISTRIBUTION AGREEMENT.PDF.lock",0,False
"data/raw/cuad/.cache/huggingface/download/CUAD_v1/full_contract_pdf/Part_II/Commercial Contracts (Part II-A)/Promotion/WHITESMOKE,INC_11_08_2011-EX-10.26-PROMOTION AND DISTRIBUTION AGREEMENT.PDF.metadata",125,False
data/raw/cuad/.cache/huggingface/download/CUAD_v1/full_contract_pdf/Part_II/Commercial Contracts (Part II-A)/Reseller/ASIANDRAGONGROUPINC_08_11_2005-EX-10.5-Reseller Agreement.PDF.lock,0,False
data/raw/cuad/.cache/huggingface/download/CUAD_v1/full_contract_pdf/Part_II/Commercial Contracts (Part II-A)/Reseller/ASIANDRAGONGROUPINC_08_11_2005-EX-10.5-Reseller Agreement.PDF.metadata,101,False
data/raw/cuad/.cache/huggingface/download/CUAD_v1/full_contract_pdf/Part_II/Commercial Contracts (Part II-A)/Reseller/LOYALTYPOINTINC_11_16_2004-EX-10.2-RESELLER AGREEMENT.PDF.lock,0,False
data/raw/cuad/.cache/huggingface/download/CUAD_v1/full_contract_pdf/Part_II/Commercial Contracts (Part II-A)/Reseller/LOYALTYPOINTINC_11_16_2004-EX-10.2-RESELLER AGREEMENT.PDF.metadata,101,False
data/raw/cuad/.cache/huggingface/download/CUAD_v1/full_contract_pdf/Part_II/Commercial Contracts (Part II-A)/Reseller/MTITECHNOLOGYCORP_11_16_2004-EX-10.102-Reseller Agreement Premier Addendum.PDF.lock,0,False
data/raw/cuad/.cache/huggingface/download/CUAD_v1/full_contract_pdf/Part_II/Commercial Contracts (Part II-A)/Reseller/MTITECHNOLOGYCORP_11_16_2004-EX-10.102-Reseller Agreement Premier Addendum.PDF.metadata,100,False
"data/raw/cuad/.cache/huggingface/download/CUAD_v1/full_contract_pdf/Part_II/Commercial Contracts (Part II-A)/Reseller/OMINTO,INC_03_29_2004-EX-10-RESELLER AGREEMENT.PDF.lock",0,False
"data/raw/cuad/.cache/huggingface/download/CUAD_v1/full_contract_pdf/Part_II/Commercial Contracts (Part II-A)/Reseller/OMINTO,INC_03_29_2004-EX-10-RESELLER AGREEMENT.PDF.metadata",100,False
data/raw/cuad/.cache/huggingface/download/CUAD_v1/full_contract_pdf/Part_II/Commercial Contracts (Part II-A)/Service/AULAMERICANUNITTRUST_04_24_2020-EX-99.8.77-SERVICING AGREEMENT.PDF.lock,0,False
data/raw/cuad/.cache/huggingface/download/CUAD_v1/full_contract_pdf/Part_II/Commercial Contracts (Part II-A)/Service/AULAMERICANUNITTRUST_04_24_2020-EX-99.8.77-SERVICING AGREEMENT.PDF.metadata,101,False
data/raw/cuad/.cache/huggingface/download/CUAD_v1/full_contract_pdf/Part_II/Commercial Contracts (Part II-A)/Service/BLACKSTONEGSOLONG-SHORTCREDITINCOMEFUND_05_11_2020-EX-99.(K)(1)-SERVICE AGREEMENT.PDF.lock,0,False
data/raw/cuad/.cache/huggingface/download/CUAD_v1/full_contract_pdf/Part_II/Commercial Contracts (Part II-A)/Service/BLACKSTONEGSOLONG-SHORTCREDITINCOMEFUND_05_11_2020-EX-99.(K)(1)-SERVICE AGREEMENT.PDF.metadata,100,False
data/raw/cuad/.cache/huggingface/download/CUAD_v1/full_contract_pdf/Part_II/Commercial Contracts (Part II-A)/Service/CUROGROUPHOLDINGSCORP_05_04_2020-EX-10.3-SERVICING AGREEMENT.PDF.lock,0,False
data/raw/cuad/.cache/huggingface/download/CUAD_v1/full_contract_pdf/Part_II/Commercial Contracts (Part II-A)/Service/CUROGROUPHOLDINGSCORP_05_04_2020-EX-10.3-SERVICING AGREEMENT.PDF.metadata,101,False
data/raw/cuad/.cache/huggingface/download/CUAD_v1/full_contract_pdf/Part_II/Commercial Contracts (Part II-A)/Service/FEDERATEDGOVERNMENTINCOMESECURITIESINC_04_28_2020-EX-99.SERV AGREE-SERVICES AGREEMENT.pdf.lock,0,False
data/raw/cuad/.cache/huggingface/download/CUAD_v1/full_contract_pdf/Part_II/Commercial Contracts (Part II-A)/Service/FEDERATEDGOVERNMENTINCOMESECURITIESINC_04_28_2020-EX-99.SERV AGREE-SERVICES AGREEMENT.pdf.metadata,101,False
data/raw/cuad/.cache/huggingface/download/CUAD_v1/full_contract_pdf/Part_II/Commercial Contracts (Part II-A)/Service/FEDERATEDGOVERNMENTINCOMESECURITIESINC_04_28_2020-EX-99.SERV AGREE-SERVICES AGREEMENT_AMENDMENT.pdf.lock,0,False
data/raw/cuad/.cache/huggingface/download/CUAD_v1/full_contract_pdf/Part_II/Commercial Contracts (Part II-A)/Service/FEDERATEDGOVERNMENTINCOMESECURITIESINC_04_28_2020-EX-99.SERV AGREE-SERVICES AGREEMENT_AMENDMENT.pdf.metadata,101,False
data/raw/cuad/.cache/huggingface/download/CUAD_v1/full_contract_pdf/Part_II/Commercial Contracts (Part II-A)/Service/FEDERATEDGOVERNMENTINCOMESECURITIESINC_04_28_2020-EX-99.SERV AGREE-SERVICES AGREEMENT_POWEROF.pdf.lock,0,False
data/raw/cuad/.cache/huggingface/download/CUAD_v1/full_contract_pdf/Part_II/Commercial Contracts (Part II-A)/Service/FEDERATEDGOVERNMENTINCOMESECURITIESINC_04_28_2020-EX-99.SERV AGREE-SERVICES AGREEMENT_POWEROF.pdf.metadata,101,False
data/raw/cuad/.cache/huggingface/download/CUAD_v1/full_contract_pdf/Part_II/Commercial Contracts (Part II-A)/Service/FEDERATEDGOVERNMENTINCOMESECURITIESINC_04_28_2020-EX-99.SERV AGREE-SERVICES AGREEMENT_SECONDAMENDMENT.pdf.lock,0,False
data/raw/cuad/.cache/huggingface/download/CUAD_v1/full_contract_pdf/Part_II/Commercial Contracts (Part II-A)/Service/FEDERATEDGOVERNMENTINCOMESECURITIESINC_04_28_2020-EX-99.SERV AGREE-SERVICES AGREEMENT_SECONDAMENDMENT.pdf.metadata,101,False
"data/raw/cuad/.cache/huggingface/download/CUAD_v1/full_contract_pdf/Part_II/Commercial Contracts (Part II-A)/Service/KUBIENT,INC_07_02_2020-EX-10.14-MASTER SERVICES AGREEMENT_Part1.pdf.lock",0,False
"data/raw/cuad/.cache/huggingface/download/CUAD_v1/full_contract_pdf/Part_II/Commercial Contracts (Part II-A)/Service/KUBIENT,INC_07_02_2020-EX-10.14-MASTER SERVICES AGREEMENT_Part1.pdf.metadata",101,False
"data/raw/cuad/.cache/huggingface/download/CUAD_v1/full_contract_pdf/Part_II/Commercial Contracts (Part II-A)/Service/KUBIENT,INC_07_02_2020-EX-10.14-MASTER SERVICES AGREEMENT_Part2.pdf.lock",0,False
"data/raw/cuad/.cache/huggingface/download/CUAD_v1/full_contract_pdf/Part_II/Commercial Contracts (Part II-A)/Service/KUBIENT,INC_07_02_2020-EX-10.14-MASTER SERVICES AGREEMENT_Part2.pdf.metadata",100,False
"data/raw/cuad/.cache/huggingface/download/CUAD_v1/full_contract_pdf/Part_II/Commercial Contracts (Part II-A)/Service/PAXMEDICA,INC_07_02_2020-EX-10.12-Master Service Agreement.PDF.lock",0,False
"data/raw/cuad/.cache/huggingface/download/CUAD_v1/full_contract_pdf/Part_II/Commercial Contracts (Part II-A)/Service/PAXMEDICA,INC_07_02_2020-EX-10.12-Master Service Agreement.PDF.metadata",100,False
"data/raw/cuad/.cache/huggingface/download/CUAD_v1/full_contract_pdf/Part_II/Commercial Contracts (Part II-A)/Sponsorship/CANOPETROLEUM,INC_12_13_2007-EX-10.1-Sponsorship Agreement.PDF.lock",0,False
"data/raw/cuad/.cache/huggingface/download/CUAD_v1/full_contract_pdf/Part_II/Commercial Contracts (Part II-A)/Sponsorship/CANOPETROLEUM,INC_12_13_2007-EX-10.1-Sponsorship Agreement.PDF.metadata",101,False
data/raw/cuad/.cache/huggingface/download/CUAD_v1/full_contract_pdf/Part_II/Commercial Contracts (Part II-A)/Sponsorship/GAINSCOINC_01_21_2010-EX-10.41-SPONSORSHIP AGREEMENT.PDF.lock,0,False
data/raw/cuad/.cache/huggingface/download/CUAD_v1/full_contract_pdf/Part_II/Commercial Contracts (Part II-A)/Sponsorship/GAINSCOINC_01_21_2010-EX-10.41-SPONSORSHIP AGREEMENT.PDF.metadata,101,False
"data/raw/cuad/.cache/huggingface/download/CUAD_v1/full_contract_pdf/Part_II/Commercial Contracts (Part II-A)/Sponsorship/HALITRON,INC_03_01_2005-EX-10.15-SPONSORSHIP AND DEVELOPMENT AGREEMENT.PDF.lock",0,False
"data/raw/cuad/.cache/huggingface/download/CUAD_v1/full_contract_pdf/Part_II/Commercial Contracts (Part II-A)/Sponsorship/HALITRON,INC_03_01_2005-EX-10.15-SPONSORSHIP AND DEVELOPMENT AGREEMENT.PDF.metadata",101,False
data/raw/cuad/.cache/huggingface/download/CUAD_v1/full_contract_pdf/Part_II/Commercial Contracts (Part II-A)/Sponsorship/STAMPSCOMINC_06_24_1999-EX-10.18-SPONSORSHIP AGREEMENT.PDF.lock,0,False
data/raw/cuad/.cache/huggingface/download/CUAD_v1/full_contract_pdf/Part_II/Commercial Contracts (Part II-A)/Sponsorship/STAMPSCOMINC_06_24_1999-EX-10.18-SPONSORSHIP AGREEMENT.PDF.metadata,101,False
data/raw/cuad/.cache/huggingface/download/CUAD_v1/full_contract_pdf/Part_II/Commercial Contracts (Part II-A)/Sponsorship/VIOLINMEMORYINC_12_12_2012-EX-10.14-SPONSORSHIP AGREEMENT.PDF.lock,0,False
data/raw/cuad/.cache/huggingface/download/CUAD_v1/full_contract_pdf/Part_II/Commercial Contracts (Part II-A)/Sponsorship/VIOLINMEMORYINC_12_12_2012-EX-10.14-SPONSORSHIP AGREEMENT.PDF.metadata,101,False
data/raw/cuad/.cache/huggingface/download/CUAD_v1/full_contract_pdf/Part_II/Commercial Contracts (Part II-A)/Sponsorship/XYBERNAUTCORP_07_12_2002-EX-4-SPONSORSHIP AGREEMENT.PDF.lock,0,False
data/raw/cuad/.cache/huggingface/download/CUAD_v1/full_contract_pdf/Part_II/Commercial Contracts (Part II-A)/Sponsorship/XYBERNAUTCORP_07_12_2002-EX-4-SPONSORSHIP AGREEMENT.PDF.metadata,98,False
"data/raw/cuad/.cache/huggingface/download/CUAD_v1/full_contract_pdf/Part_II/Commercial Contracts (Part II-A)/Supply/BELLICUMPHARMACEUTICALS,INC_05_07_2019-EX-10.1-Supply Agreement.PDF.lock",0,False
"data/raw/cuad/.cache/huggingface/download/CUAD_v1/full_contract_pdf/Part_II/Commercial Contracts (Part II-A)/Supply/BELLICUMPHARMACEUTICALS,INC_05_07_2019-EX-10.1-Supply Agreement.PDF.metadata",101,False
data/raw/cuad/.cache/huggingface/download/CUAD_v1/full_contract_pdf/Part_II/Commercial Contracts (Part II-A)/Supply/FLOTEKINDUSTRIESINCCN_05_09_2019-EX-10.1-SUPPLY AGREEMENT.PDF.lock,0,False
data/raw/cuad/.cache/huggingface/download/CUAD_v1/full_contract_pdf/Part_II/Commercial Contracts (Part II-A)/Supply/FLOTEKINDUSTRIESINCCN_05_09_2019-EX-10.1-SUPPLY AGREEMENT.PDF.metadata,101,False
"data/raw/cuad/.cache/huggingface/download/CUAD_v1/full_contract_pdf/Part_II/Commercial Contracts (Part II-A)/Supply/GRIDIRONBIONUTRIENTS,INC_02_05_2020-EX-10.3-SUPPLY AGREEMENT.PDF.lock",0,False
"data/raw/cuad/.cache/huggingface/download/CUAD_v1/full_contract_pdf/Part_II/Commercial Contracts (Part II-A)/Supply/GRIDIRONBIONUTRIENTS,INC_02_05_2020-EX-10.3-SUPPLY AGREEMENT.PDF.metadata",99,False
data/raw/cuad/.cache/huggingface/download/CUAD_v1/full_contract_pdf/Part_II/Commercial Contracts (Part II-A)/Supply/MEDIWOUNDLTD_01_15_2014-EX-10.6-SUPPLY AGREEMENT.PDF.lock,0,False
data/raw/cuad/.cache/huggingface/download/CUAD_v1/full_contract_pdf/Part_II/Commercial Contracts (Part II-A)/Supply/MEDIWOUNDLTD_01_15_2014-EX-10.6-SUPPLY AGREEMENT.PDF.metadata,101,False
data/raw/cuad/.cache/huggingface/download/CUAD_v1/full_contract_pdf/Part_II/Commercial Contracts (Part II-A)/Supply/PROFOUNDMEDICALCORP_08_29_2019-EX-4.5-SUPPLY AGREEMENT.PDF.lock,0,False
data/raw/cuad/.cache/huggingface/download/CUAD_v1/full_contract_pdf/Part_II/Commercial Contracts (Part II-A)/Supply/PROFOUNDMEDICALCORP_08_29_2019-EX-4.5-SUPPLY AGREEMENT.PDF.metadata,100,False
data/raw/cuad/.cache/huggingface/download/CUAD_v1/full_contract_pdf/Part_II/Commercial Contracts (Part II-A)/Supply/SEASPINEHOLDINGSCORP_10_10_2018-EX-10.1-SUPPLY AGREEMENT.PDF.lock,0,False
data/raw/cuad/.cache/huggingface/download/CUAD_v1/full_contract_pdf/Part_II/Commercial Contracts (Part II-A)/Supply/SEASPINEHOLDINGSCORP_10_10_2018-EX-10.1-SUPPLY AGREEMENT.PDF.metadata,101,False
data/raw/cuad/.cache/huggingface/download/CUAD_v1/full_contract_pdf/Part_II/Commercial Contracts (Part II-A)/Transportation/ATMOSENERGYCORP_11_22_2002-EX-10.17-TRANSPORTATION SERVICE AGREEMENT.PDF.lock,0,False
data/raw/cuad/.cache/huggingface/download/CUAD_v1/full_contract_pdf/Part_II/Commercial Contracts (Part II-A)/Transportation/ATMOSENERGYCORP_11_22_2002-EX-10.17-TRANSPORTATION SERVICE AGREEMENT.PDF.metadata,101,False
data/raw/cuad/.cache/huggingface/download/CUAD_v1/full_contract_pdf/Part_II/Commercial Contracts (Part II-A)/Transportation/CHAPARRALRESOURCESINC_03_30_2000-EX-10.66-TRANSPORTATION CONTRACT.PDF.lock,0,False
data/raw/cuad/.cache/huggingface/download/CUAD_v1/full_contract_pdf/Part_II/Commercial Contracts (Part II-A)/Transportation/CHAPARRALRESOURCESINC_03_30_2000-EX-10.66-TRANSPORTATION CONTRACT.PDF.metadata,101,False
data/raw/cuad/.cache/huggingface/download/CUAD_v1/full_contract_pdf/Part_II/Commercial Contracts (Part II-A)/Transportation/DYNAMEXINC_06_06_1996-EX-10.4-TRANSPORTATION SERVICES AGREEMENT.PDF.lock,0,False
data/raw/cuad/.cache/huggingface/download/CUAD_v1/full_contract_pdf/Part_II/Commercial Contracts (Part II-A)/Transportation/DYNAMEXINC_06_06_1996-EX-10.4-TRANSPORTATION SERVICES AGREEMENT.PDF.metadata,101,False
data/raw/cuad/.cache/huggingface/download/CUAD_v1/full_contract_pdf/Part_II/Commercial Contracts (Part II-A)/Transportation/GRANTIERRAENERGYINC_05_07_2012-EX-10.6-TRANSPORTATION CONTRACT.PDF.lock,0,False
data/raw/cuad/.cache/huggingface/download/CUAD_v1/full_contract_pdf/Part_II/Commercial Contracts (Part II-A)/Transportation/GRANTIERRAENERGYINC_05_07_2012-EX-10.6-TRANSPORTATION CONTRACT.PDF.metadata,100,False
data/raw/cuad/.cache/huggingface/download/CUAD_v1/full_contract_pdf/Part_II/Commercial Contracts (Part II-A)/Transportation/KENTUCKYUTILITIESCO_03_25_2003-EX-10.65-TRANSPORTATION AGREEMENT.PDF.lock,0,False
data/raw/cuad/.cache/huggingface/download/CUAD_v1/full_contract_pdf/Part_II/Commercial Contracts (Part II-A)/Transportation/KENTUCKYUTILITIESCO_03_25_2003-EX-10.65-TRANSPORTATION AGREEMENT.PDF.metadata,101,False
data/raw/cuad/.cache/huggingface/download/CUAD_v1/full_contract_pdf/Part_II/Commercial Contracts (Part II-A)/Transportation/MPLXLP_06_17_2015-EX-10.1-TRANSPORTATION SERVICES AGREEMENT.PDF.lock,0,False
data/raw/cuad/.cache/huggingface/download/CUAD_v1/full_contract_pdf/Part_II/Commercial Contracts (Part II-A)/Transportation/MPLXLP_06_17_2015-EX-10.1-TRANSPORTATION SERVICES AGREEMENT.PDF.metadata,124,False
data/raw/cuad/.cache/huggingface/download/CUAD_v1/full_contract_pdf/Part_III/Affiliate Agreement/GULFSOUTHMEDICALSUPPLYINC_12_24_1997-EX-4-AFFILIATE AGREEMENT.PDF.lock,0,False
data/raw/cuad/.cache/huggingface/download/CUAD_v1/full_contract_pdf/Part_III/Affiliate Agreement/GULFSOUTHMEDICALSUPPLYINC_12_24_1997-EX-4-AFFILIATE AGREEMENT.PDF.metadata,101,False
data/raw/cuad/.cache/huggingface/download/CUAD_v1/full_contract_pdf/Part_III/Agency Agreements/AFSALABANCORPINC_08_01_1996-EX-1.1-AGENCY AGREEMENT.PDF.lock,0,False
data/raw/cuad/.cache/huggingface/download/CUAD_v1/full_contract_pdf/Part_III/Agency Agreements/AFSALABANCORPINC_08_01_1996-EX-1.1-AGENCY AGREEMENT.PDF.metadata,100,False
data/raw/cuad/.cache/huggingface/download/CUAD_v1/full_contract_pdf/Part_III/Agency Agreements/ALAMOGORDOFINANCIALCORP_12_16_1999-EX-1-AGENCY AGREEMENT.PDF.lock,0,False
data/raw/cuad/.cache/huggingface/download/CUAD_v1/full_contract_pdf/Part_III/Agency Agreements/ALAMOGORDOFINANCIALCORP_12_16_1999-EX-1-AGENCY AGREEMENT.PDF.metadata,101,False
data/raw/cuad/.cache/huggingface/download/CUAD_v1/full_contract_pdf/Part_III/Agency Agreements/ALCOSTORESINC_12_14_2005-EX-10.26-AGENCY AGREEMENT.PDF.lock,0,False
data/raw/cuad/.cache/huggingface/download/CUAD_v1/full_contract_pdf/Part_III/Agency Agreements/ALCOSTORESINC_12_14_2005-EX-10.26-AGENCY AGREEMENT.PDF.metadata,100,False
data/raw/cuad/.cache/huggingface/download/CUAD_v1/full_contract_pdf/Part_III/Agency Agreements/ALLIANCEBANCORPINCOFPENNSYLVANIA_10_18_2006-EX-1.2-AGENCY AGREEMENT.PDF.lock,0,False
data/raw/cuad/.cache/huggingface/download/CUAD_v1/full_contract_pdf/Part_III/Agency Agreements/ALLIANCEBANCORPINCOFPENNSYLVANIA_10_18_2006-EX-1.2-AGENCY AGREEMENT.PDF.metadata,100,False
data/raw/cuad/.cache/huggingface/download/CUAD_v1/full_contract_pdf/Part_III/Agency Agreements/AMERICANPHYSICIANSCAPITALINC_03_31_2003-EX-10.26-AGENCY AGREEMENT.PDF.lock,0,False
data/raw/cuad/.cache/huggingface/download/CUAD_v1/full_contract_pdf/Part_III/Agency Agreements/AMERICANPHYSICIANSCAPITALINC_03_31_2003-EX-10.26-AGENCY AGREEMENT.PDF.metadata,101,False
data/raw/cuad/.cache/huggingface/download/CUAD_v1/full_contract_pdf/Part_III/Agency Agreements/BANUESTRAFINANCIALCORP_09_08_2006-EX-10.16-AGENCY AGREEMENT.PDF.lock,0,False
data/raw/cuad/.cache/huggingface/download/CUAD_v1/full_contract_pdf/Part_III/Agency Agreements/BANUESTRAFINANCIALCORP_09_08_2006-EX-10.16-AGENCY AGREEMENT.PDF.metadata,100,False
data/raw/cuad/.cache/huggingface/download/CUAD_v1/full_contract_pdf/Part_III/Agency Agreements/BIOPURECORP_06_30_1999-EX-10.13-AGENCY AGREEMENT.PDF.lock,0,False
data/raw/cuad/.cache/huggingface/download/CUAD_v1/full_contract_pdf/Part_III/Agency Agreements/BIOPURECORP_06_30_1999-EX-10.13-AGENCY AGREEMENT.PDF.metadata,101,False
"data/raw/cuad/.cache/huggingface/download/CUAD_v1/full_contract_pdf/Part_III/Agency Agreements/BLUEHILLSBANCORP,INC_05_20_2014-EX-1.1-AGENCY AGREEMENT.PDF.lock",0,False
"data/raw/cuad/.cache/huggingface/download/CUAD_v1/full_contract_pdf/Part_III/Agency Agreements/BLUEHILLSBANCORP,INC_05_20_2014-EX-1.1-AGENCY AGREEMENT.PDF.metadata",101,False
"data/raw/cuad/.cache/huggingface/download/CUAD_v1/full_contract_pdf/Part_III/Agency Agreements/BLUEROCKRESIDENTIALGROWTHREIT,INC_06_01_2016-EX-1.1-AGENCY AGREEMENT.PDF.lock",0,False
"data/raw/cuad/.cache/huggingface/download/CUAD_v1/full_contract_pdf/Part_III/Agency Agreements/BLUEROCKRESIDENTIALGROWTHREIT,INC_06_01_2016-EX-1.1-AGENCY AGREEMENT.PDF.metadata",100,False
data/raw/cuad/.cache/huggingface/download/CUAD_v1/full_contract_pdf/Part_III/Collaboration/ANIXABIOSCIENCESINC_06_09_2020-EX-10.1-COLLABORATION AGREEMENT.PDF.lock,0,False
data/raw/cuad/.cache/huggingface/download/CUAD_v1/full_contract_pdf/Part_III/Collaboration/ANIXABIOSCIENCESINC_06_09_2020-EX-10.1-COLLABORATION AGREEMENT.PDF.metadata,100,False
data/raw/cuad/.cache/huggingface/download/CUAD_v1/full_contract_pdf/Part_III/Collaboration/BIOCEPTINC_08_19_2013-EX-10-COLLABORATION AGREEMENT.PDF.lock,0,False
data/raw/cuad/.cache/huggingface/download/CUAD_v1/full_contract_pdf/Part_III/Collaboration/BIOCEPTINC_08_19_2013-EX-10-COLLABORATION AGREEMENT.PDF.metadata,100,False
"data/raw/cuad/.cache/huggingface/download/CUAD_v1/full_contract_pdf/Part_III/Collaboration/CARDAX,INC_08_19_2014-EX-10.1-COLLABORATION AGREEMENT.PDF.lock",0,False
"data/raw/cuad/.cache/huggingface/download/CUAD_v1/full_contract_pdf/Part_III/Collaboration/CARDAX,INC_08_19_2014-EX-10.1-COLLABORATION AGREEMENT.PDF.metadata",101,False
"data/raw/cuad/.cache/huggingface/download/CUAD_v1/full_contract_pdf/Part_III/Collaboration/CERES,INC_01_25_2012-EX-10.20-Collaboration Agreement.PDF.lock",0,False
"data/raw/cuad/.cache/huggingface/download/CUAD_v1/full_contract_pdf/Part_III/Collaboration/CERES,INC_01_25_2012-EX-10.20-Collaboration Agreement.PDF.metadata",125,False
data/raw/cuad/.cache/huggingface/download/CUAD_v1/full_contract_pdf/Part_III/Collaboration/CHEETAHMOBILEINC_04_22_2014-EX-10.43-Cooperation Agreement.PDF.lock,0,False
data/raw/cuad/.cache/huggingface/download/CUAD_v1/full_contract_pdf/Part_III/Collaboration/CHEETAHMOBILEINC_04_22_2014-EX-10.43-Cooperation Agreement.PDF.metadata,101,False
"data/raw/cuad/.cache/huggingface/download/CUAD_v1/full_contract_pdf/Part_III/Collaboration/ELFBEAUTY,INC_07_02_2020-EX-10.1-COOPERATION AGREEMENT.PDF.lock",0,False
"data/raw/cuad/.cache/huggingface/download/CUAD_v1/full_contract_pdf/Part_III/Collaboration/ELFBEAUTY,INC_07_02_2020-EX-10.1-COOPERATION AGREEMENT.PDF.metadata",100,False
data/raw/cuad/.cache/huggingface/download/CUAD_v1/full_contract_pdf/Part_III/Collaboration/FIBROGENINC_10_01_2014-EX-10.11-COLLABORATION AGREEMENT.PDF.lock,0,False
data/raw/cuad/.cache/huggingface/download/CUAD_v1/full_contract_pdf/Part_III/Collaboration/FIBROGENINC_10_01_2014-EX-10.11-COLLABORATION AGREEMENT.PDF.metadata,101,False
"data/raw/cuad/.cache/huggingface/download/CUAD_v1/full_contract_pdf/Part_III/Collaboration/FOUNDATIONMEDICINE,INC_02_02_2015-EX-10.2-Collaboration Agreement.PDF.lock",0,False
"data/raw/cuad/.cache/huggingface/download/CUAD_v1/full_contract_pdf/Part_III/Collaboration/FOUNDATIONMEDICINE,INC_02_02_2015-EX-10.2-Collaboration Agreement.PDF.metadata",125,False
"data/raw/cuad/.cache/huggingface/download/CUAD_v1/full_contract_pdf/Part_III/Collaboration/HC2HOLDINGS,INC_05_14_2020-EX-10.1-COOPERATION AGREEMENT.PDF.lock",0,False
"data/raw/cuad/.cache/huggingface/download/CUAD_v1/full_contract_pdf/Part_III/Collaboration/HC2HOLDINGS,INC_05_14_2020-EX-10.1-COOPERATION AGREEMENT.PDF.metadata",101,False
data/raw/cuad/.cache/huggingface/download/CUAD_v1/full_contract_pdf/Part_III/Collaboration/HPILHOLDING_01_07_2015-EX-99.1-COOPERATION AGREEMENT.PDF.lock,0,False
data/raw/cuad/.cache/huggingface/download/CUAD_v1/full_contract_pdf/Part_III/Collaboration/HPILHOLDING_01_07_2015-EX-99.1-COOPERATION AGREEMENT.PDF.metadata,101,False
data/raw/cuad/.cache/huggingface/download/CUAD_v1/full_contract_pdf/Part_III/Collaboration/LEJUHOLDINGSLTD_03_12_2014-EX-10.34-INTERNET CHANNEL COOPERATION AGREEMENT.PDF.lock,0,False
data/raw/cuad/.cache/huggingface/download/CUAD_v1/full_contract_pdf/Part_III/Collaboration/LEJUHOLDINGSLTD_03_12_2014-EX-10.34-INTERNET CHANNEL COOPERATION AGREEMENT.PDF.metadata,101,False
"data/raw/cuad/.cache/huggingface/download/CUAD_v1/full_contract_pdf/Part_III/Collaboration/MEETGROUP,INC_06_29_2017-EX-10.1-COOPERATION AGREEMENT.PDF.lock",0,False
"data/raw/cuad/.cache/huggingface/download/CUAD_v1/full_contract_pdf/Part_III/Collaboration/MEETGROUP,INC_06_29_2017-EX-10.1-COOPERATION AGREEMENT.PDF.metadata",101,False
data/raw/cuad/.cache/huggingface/download/CUAD_v1/full_contract_pdf/Part_III/Collaboration/QIWI_06_16_2017-EX-99.(D)(2)-COOPERATION AGREEMENT.PDF.lock,0,False
data/raw/cuad/.cache/huggingface/download/CUAD_v1/full_contract_pdf/Part_III/Collaboration/QIWI_06_16_2017-EX-99.(D)(2)-COOPERATION AGREEMENT.PDF.metadata,101,False
"data/raw/cuad/.cache/huggingface/download/CUAD_v1/full_contract_pdf/Part_III/Collaboration/SPIENERGYCO,LTD_07_10_2014-EX-10-Cooperation Agreement of 50MWp Photovoltaic Grid-connected Power Generation Project in Yangqiao of~1.PDF.lock",0,False
"data/raw/cuad/.cache/huggingface/download/CUAD_v1/full_contract_pdf/Part_III/Collaboration/SPIENERGYCO,LTD_07_10_2014-EX-10-Cooperation Agreement of 50MWp Photovoltaic Grid-connected Power Generation Project in Yangqiao of~1.PDF.metadata",100,False
"data/raw/cuad/.cache/huggingface/download/CUAD_v1/full_contract_pdf/Part_III/Collaboration/SPOKHOLDINGS,INC_06_19_2020-EX-10.1-COOPERATION AGREEMENT.PDF.lock",0,False
"data/raw/cuad/.cache/huggingface/download/CUAD_v1/full_contract_pdf/Part_III/Collaboration/SPOKHOLDINGS,INC_06_19_2020-EX-10.1-COOPERATION AGREEMENT.PDF.metadata",101,False
data/raw/cuad/.cache/huggingface/download/CUAD_v1/full_contract_pdf/Part_III/Collaboration/STWRESOURCESHOLDINGCORP_08_06_2014-EX-10.1-COOPERATION AGREEMENT.PDF.lock,0,False
data/raw/cuad/.cache/huggingface/download/CUAD_v1/full_contract_pdf/Part_III/Collaboration/STWRESOURCESHOLDINGCORP_08_06_2014-EX-10.1-COOPERATION AGREEMENT.PDF.metadata,101,False
data/raw/cuad/.cache/huggingface/download/CUAD_v1/full_contract_pdf/Part_III/Collaboration/URSCORPNEW_03_17_2014-EX-99-COOPERATION AGREEMENT.PDF.lock,0,False
data/raw/cuad/.cache/huggingface/download/CUAD_v1/full_contract_pdf/Part_III/Collaboration/URSCORPNEW_03_17_2014-EX-99-COOPERATION AGREEMENT.PDF.metadata,101,False
"data/raw/cuad/.cache/huggingface/download/CUAD_v1/full_contract_pdf/Part_III/Development/Array BioPharma Inc. - LICENSE, DEVELOPMENT AND COMMERCIALIZATION AGREEMENT.PDF.lock",0,False
"data/raw/cuad/.cache/huggingface/download/CUAD_v1/full_contract_pdf/Part_III/Development/Array BioPharma Inc. - LICENSE, DEVELOPMENT AND COMMERCIALIZATION AGREEMENT.PDF.metadata",101,False
data/raw/cuad/.cache/huggingface/download/CUAD_v1/full_contract_pdf/Part_III/Development/Microgenics Corporation - Collaborative Development and Commercialization Agreement.PDF.lock,0,False
data/raw/cuad/.cache/huggingface/download/CUAD_v1/full_contract_pdf/Part_III/Development/Microgenics Corporation - Collaborative Development and Commercialization Agreement.PDF.metadata,101,False
data/raw/cuad/.cache/huggingface/download/CUAD_v1/full_contract_pdf/Part_III/Development/TRUENORTHENERGYCORP_02_08_2007-EX-10.1-DEVELOPMENT AGREEMENT.PDF.lock,0,False
data/raw/cuad/.cache/huggingface/download/CUAD_v1/full_contract_pdf/Part_III/Development/TRUENORTHENERGYCORP_02_08_2007-EX-10.1-DEVELOPMENT AGREEMENT.PDF.metadata,101,False
data/raw/cuad/.cache/huggingface/download/CUAD_v1/full_contract_pdf/Part_III/Development/WARNERCHILCOTTPLC_12_31_2003-EX-4.36-DEVELOPMENT AGREEMENT.PDF.lock,0,False
data/raw/cuad/.cache/huggingface/download/CUAD_v1/full_contract_pdf/Part_III/Development/WARNERCHILCOTTPLC_12_31_2003-EX-4.36-DEVELOPMENT AGREEMENT.PDF.metadata,101,False
data/raw/cuad/.cache/huggingface/download/CUAD_v1/full_contract_pdf/Part_III/Distributor/ACCURAYINC_09_01_2010-EX-10.31-DISTRIBUTOR AGREEMENT.PDF.lock,0,False
data/raw/cuad/.cache/huggingface/download/CUAD_v1/full_contract_pdf/Part_III/Distributor/ACCURAYINC_09_01_2010-EX-10.31-DISTRIBUTOR AGREEMENT.PDF.metadata,100,False
data/raw/cuad/.cache/huggingface/download/CUAD_v1/full_contract_pdf/Part_III/Distributor/AIRSPANNETWORKSINC_04_11_2000-EX-10.5-Distributor Agreement.PDF.lock,0,False
data/raw/cuad/.cache/huggingface/download/CUAD_v1/full_contract_pdf/Part_III/Distributor/AIRSPANNETWORKSINC_04_11_2000-EX-10.5-Distributor Agreement.PDF.metadata,101,False
data/raw/cuad/.cache/huggingface/download/CUAD_v1/full_contract_pdf/Part_III/Distributor/BLACKBOXSTOCKSINC_08_05_2014-EX-10.1-DISTRIBUTOR AGREEMENT.PDF.lock,0,False
data/raw/cuad/.cache/huggingface/download/CUAD_v1/full_contract_pdf/Part_III/Distributor/BLACKBOXSTOCKSINC_08_05_2014-EX-10.1-DISTRIBUTOR AGREEMENT.PDF.metadata,101,False
data/raw/cuad/.cache/huggingface/download/CUAD_v1/full_contract_pdf/Part_III/Distributor/ENTERTAINMENTGAMINGASIAINC_02_15_2005-EX-10.5-DISTRIBUTOR AGREEMENT.PDF.lock,0,False
data/raw/cuad/.cache/huggingface/download/CUAD_v1/full_contract_pdf/Part_III/Distributor/ENTERTAINMENTGAMINGASIAINC_02_15_2005-EX-10.5-DISTRIBUTOR AGREEMENT.PDF.metadata,101,False
"data/raw/cuad/.cache/huggingface/download/CUAD_v1/full_contract_pdf/Part_III/Distributor/ETELOS,INC_03_09_2004-EX-10.8-DISTRIBUTOR AGREEMENT.PDF.lock",0,False
"data/raw/cuad/.cache/huggingface/download/CUAD_v1/full_contract_pdf/Part_III/Distributor/ETELOS,INC_03_09_2004-EX-10.8-DISTRIBUTOR AGREEMENT.PDF.metadata",100,False
data/raw/cuad/.cache/huggingface/download/CUAD_v1/full_contract_pdf/Part_III/Distributor/EUROPEANMICROHOLDINGSINC_03_06_1998-EX-10.6-DISTRIBUTOR AGREEMENT.PDF.lock,0,False
data/raw/cuad/.cache/huggingface/download/CUAD_v1/full_contract_pdf/Part_III/Distributor/EUROPEANMICROHOLDINGSINC_03_06_1998-EX-10.6-DISTRIBUTOR AGREEMENT.PDF.metadata,101,False
data/raw/cuad/.cache/huggingface/download/CUAD_v1/full_contract_pdf/Part_III/Distributor/HYPERIONSOFTWARECORP_09_28_1994-EX-10.47-EXCLUSIVE DISTRIBUTOR AGREEMENT.PDF.lock,0,False
data/raw/cuad/.cache/huggingface/download/CUAD_v1/full_contract_pdf/Part_III/Distributor/HYPERIONSOFTWARECORP_09_28_1994-EX-10.47-EXCLUSIVE DISTRIBUTOR AGREEMENT.PDF.metadata,101,False
"data/raw/cuad/.cache/huggingface/download/CUAD_v1/full_contract_pdf/Part_III/Distributor/LEGACYTECHNOLOGYHOLDINGS,INC_12_09_2005-EX-10.2-DISTRIBUTOR AGREEMENT.PDF.lock",0,False
"data/raw/cuad/.cache/huggingface/download/CUAD_v1/full_contract_pdf/Part_III/Distributor/LEGACYTECHNOLOGYHOLDINGS,INC_12_09_2005-EX-10.2-DISTRIBUTOR AGREEMENT.PDF.metadata",101,False
data/raw/cuad/.cache/huggingface/download/CUAD_v1/full_contract_pdf/Part_III/Distributor/LIMEENERGYCO_09_09_1999-EX-10-DISTRIBUTOR AGREEMENT.PDF.lock,0,False
data/raw/cuad/.cache/huggingface/download/CUAD_v1/full_contract_pdf/Part_III/Distributor/LIMEENERGYCO_09_09_1999-EX-10-DISTRIBUTOR AGREEMENT.PDF.metadata,101,False
data/raw/cuad/.cache/huggingface/download/CUAD_v1/full_contract_pdf/Part_III/Distributor/LUCIDINC_04_15_2011-EX-10.9-DISTRIBUTOR AGREEMENT.PDF.lock,0,False
data/raw/cuad/.cache/huggingface/download/CUAD_v1/full_contract_pdf/Part_III/Distributor/LUCIDINC_04_15_2011-EX-10.9-DISTRIBUTOR AGREEMENT.PDF.metadata,100,False
data/raw/cuad/.cache/huggingface/download/CUAD_v1/full_contract_pdf/Part_III/Distributor/NANOPHASETECHNOLOGIESCORP_11_01_2005-EX-99.1-DISTRIBUTOR AGREEMENT.PDF.lock,0,False
data/raw/cuad/.cache/huggingface/download/CUAD_v1/full_contract_pdf/Part_III/Distributor/NANOPHASETECHNOLOGIESCORP_11_01_2005-EX-99.1-DISTRIBUTOR AGREEMENT.PDF.metadata,101,False
data/raw/cuad/.cache/huggingface/download/CUAD_v1/full_contract_pdf/Part_III/Distributor/NEOMEDIATECHNOLOGIESINC_12_15_2005-EX-16.1-DISTRIBUTOR AGREEMENT.PDF.lock,0,False
data/raw/cuad/.cache/huggingface/download/CUAD_v1/full_contract_pdf/Part_III/Distributor/NEOMEDIATECHNOLOGIESINC_12_15_2005-EX-16.1-DISTRIBUTOR AGREEMENT.PDF.metadata,101,False
data/raw/cuad/.cache/huggingface/download/CUAD_v1/full_contract_pdf/Part_III/Distributor/NEONSYSTEMSINC_03_01_1999-EX-10.5-DISTRIBUTOR AGREEMENT_Amendment.pdf.lock,0,False
data/raw/cuad/.cache/huggingface/download/CUAD_v1/full_contract_pdf/Part_III/Distributor/NEONSYSTEMSINC_03_01_1999-EX-10.5-DISTRIBUTOR AGREEMENT_Amendment.pdf.metadata,101,False
data/raw/cuad/.cache/huggingface/download/CUAD_v1/full_contract_pdf/Part_III/Distributor/NEONSYSTEMSINC_03_01_1999-EX-10.5-DISTRIBUTOR AGREEMENT_New.pdf.lock,0,False
data/raw/cuad/.cache/huggingface/download/CUAD_v1/full_contract_pdf/Part_III/Distributor/NEONSYSTEMSINC_03_01_1999-EX-10.5-DISTRIBUTOR AGREEMENT_New.pdf.metadata,101,False
"data/raw/cuad/.cache/huggingface/download/CUAD_v1/full_contract_pdf/Part_III/Distributor/OPTIMIZEDTRANSPORTATIONMANAGEMENT,INC_07_26_2000-EX-6.6-DISTRIBUTOR AGREEMENT.PDF.lock",0,False
"data/raw/cuad/.cache/huggingface/download/CUAD_v1/full_contract_pdf/Part_III/Distributor/OPTIMIZEDTRANSPORTATIONMANAGEMENT,INC_07_26_2000-EX-6.6-DISTRIBUTOR AGREEMENT.PDF.metadata",101,False
"data/raw/cuad/.cache/huggingface/download/CUAD_v1/full_contract_pdf/Part_III/Distributor/VISIUMTECHNOLOGIES,INC_10_20_2004-EX-10.20-DISTRIBUTOR AGREEMENT.PDF.lock",0,False
"data/raw/cuad/.cache/huggingface/download/CUAD_v1/full_contract_pdf/Part_III/Distributor/VISIUMTECHNOLOGIES,INC_10_20_2004-EX-10.20-DISTRIBUTOR AGREEMENT.PDF.metadata",101,False
data/raw/cuad/.cache/huggingface/download/CUAD_v1/full_contract_pdf/Part_III/Endorsement Agreement/ADAMSGOLFINC_03_21_2005-EX-10.17-ENDORSEMENT AGREEMENT.PDF.lock,0,False
data/raw/cuad/.cache/huggingface/download/CUAD_v1/full_contract_pdf/Part_III/Endorsement Agreement/ADAMSGOLFINC_03_21_2005-EX-10.17-ENDORSEMENT AGREEMENT.PDF.metadata,101,False
data/raw/cuad/.cache/huggingface/download/CUAD_v1/full_contract_pdf/Part_III/Endorsement Agreement/AMBASSADOREYEWEARGROUPINC_11_17_1997-EX-10.28-ENDORSEMENT AGREEMENT.PDF.lock,0,False
data/raw/cuad/.cache/huggingface/download/CUAD_v1/full_contract_pdf/Part_III/Endorsement Agreement/AMBASSADOREYEWEARGROUPINC_11_17_1997-EX-10.28-ENDORSEMENT AGREEMENT.PDF.metadata,101,False
data/raw/cuad/.cache/huggingface/download/CUAD_v1/full_contract_pdf/Part_III/Endorsement Agreement/HOLIDAYRVSUPERSTORESINC_04_15_2002-EX-10.13-ENDORSEMENT AGREEMENT.PDF.lock,0,False
data/raw/cuad/.cache/huggingface/download/CUAD_v1/full_contract_pdf/Part_III/Endorsement Agreement/HOLIDAYRVSUPERSTORESINC_04_15_2002-EX-10.13-ENDORSEMENT AGREEMENT.PDF.metadata,101,False
"data/raw/cuad/.cache/huggingface/download/CUAD_v1/full_contract_pdf/Part_III/Endorsement Agreement/MARSHALLHOLDINGSINTERNATIONAL,INC_04_14_2004-EX-10.15-ENDORSEMENT AGREEMENT.PDF.lock",0,False
"data/raw/cuad/.cache/huggingface/download/CUAD_v1/full_contract_pdf/Part_III/Endorsement Agreement/MARSHALLHOLDINGSINTERNATIONAL,INC_04_14_2004-EX-10.15-ENDORSEMENT AGREEMENT.PDF.metadata",99,False
data/raw/cuad/.cache/huggingface/download/CUAD_v1/full_contract_pdf/Part_III/Endorsement Agreement/MOSSIMOINC_04_14_2000-EX-10.14-ENDORSEMENT AGREEMENT.PDF.lock,0,False
data/raw/cuad/.cache/huggingface/download/CUAD_v1/full_contract_pdf/Part_III/Endorsement Agreement/MOSSIMOINC_04_14_2000-EX-10.14-ENDORSEMENT AGREEMENT.PDF.metadata,100,False
data/raw/cuad/.cache/huggingface/download/CUAD_v1/full_contract_pdf/Part_III/Endorsement Agreement/MOVADOGROUPINC_04_30_2003-EX-10.28-ENDORSEMENT AGREEMENT.PDF.lock,0,False
data/raw/cuad/.cache/huggingface/download/CUAD_v1/full_contract_pdf/Part_III/Endorsement Agreement/MOVADOGROUPINC_04_30_2003-EX-10.28-ENDORSEMENT AGREEMENT.PDF.metadata,101,False
data/raw/cuad/.cache/huggingface/download/CUAD_v1/full_contract_pdf/Part_III/Endorsement Agreement/SPORTHALEYINC_09_29_1997-EX-10.2-10-ENDORSEMENT AGREEMENT.PDF.lock,0,False
data/raw/cuad/.cache/huggingface/download/CUAD_v1/full_contract_pdf/Part_III/Endorsement Agreement/SPORTHALEYINC_09_29_1997-EX-10.2-10-ENDORSEMENT AGREEMENT.PDF.metadata,101,False
data/raw/cuad/.cache/huggingface/download/CUAD_v1/full_contract_pdf/Part_III/Endorsement Agreement/TEARDROPGOLFCO_10_23_1996-EX-10.12-ENDORSEMENT AGREEMENT.PDF.lock,0,False
data/raw/cuad/.cache/huggingface/download/CUAD_v1/full_contract_pdf/Part_III/Endorsement Agreement/TEARDROPGOLFCO_10_23_1996-EX-10.12-ENDORSEMENT AGREEMENT.PDF.metadata,101,False
data/raw/cuad/.cache/huggingface/download/CUAD_v1/full_contract_pdf/Part_III/Endorsement Agreement/WARNINGMANAGEMENTSERVICESINC_12_10_1999-EX-10-ENDORSEMENT AGREEMENT.PDF.lock,0,False
data/raw/cuad/.cache/huggingface/download/CUAD_v1/full_contract_pdf/Part_III/Endorsement Agreement/WARNINGMANAGEMENTSERVICESINC_12_10_1999-EX-10-ENDORSEMENT AGREEMENT.PDF.metadata,101,False
data/raw/cuad/.cache/huggingface/download/CUAD_v1/full_contract_pdf/Part_III/Franchise/AIRTECHINTERNATIONALGROUPINC_05_08_2000-EX-10.4-FRANCHISE AGREEMENT.PDF.lock,0,False
data/raw/cuad/.cache/huggingface/download/CUAD_v1/full_contract_pdf/Part_III/Franchise/AIRTECHINTERNATIONALGROUPINC_05_08_2000-EX-10.4-FRANCHISE AGREEMENT.PDF.metadata,101,False
"data/raw/cuad/.cache/huggingface/download/CUAD_v1/full_contract_pdf/Part_III/Franchise/GOOSEHEADINSURANCE,INC_04_02_2018-EX-10.6-Franchise Agreement.PDF.lock",0,False
"data/raw/cuad/.cache/huggingface/download/CUAD_v1/full_contract_pdf/Part_III/Franchise/GOOSEHEADINSURANCE,INC_04_02_2018-EX-10.6-Franchise Agreement.PDF.metadata",101,False
"data/raw/cuad/.cache/huggingface/download/CUAD_v1/full_contract_pdf/Part_III/Franchise/HOSPITALITYINVESTORSTRUST,INC_04_07_2014-EX-10.26-FRANCHISE AGREEMENT.PDF.lock",0,False
"data/raw/cuad/.cache/huggingface/download/CUAD_v1/full_contract_pdf/Part_III/Franchise/HOSPITALITYINVESTORSTRUST,INC_04_07_2014-EX-10.26-FRANCHISE AGREEMENT.PDF.metadata",100,False
data/raw/cuad/.cache/huggingface/download/CUAD_v1/full_contract_pdf/Part_III/Franchise/INTERNATIONALFASTFOODCORP_04_04_1997-EX-99-FRANCHISE AGREEMENT.PDF.lock,0,False
data/raw/cuad/.cache/huggingface/download/CUAD_v1/full_contract_pdf/Part_III/Franchise/INTERNATIONALFASTFOODCORP_04_04_1997-EX-99-FRANCHISE AGREEMENT.PDF.metadata,101,False
data/raw/cuad/.cache/huggingface/download/CUAD_v1/full_contract_pdf/Part_III/Franchise/JOINTCORP_09_19_2014-EX-10.15-FRANCHISE AGREEMENT.PDF.lock,0,False
data/raw/cuad/.cache/huggingface/download/CUAD_v1/full_contract_pdf/Part_III/Franchise/JOINTCORP_09_19_2014-EX-10.15-FRANCHISE AGREEMENT.PDF.metadata,101,False
data/raw/cuad/.cache/huggingface/download/CUAD_v1/full_contract_pdf/Part_III/Hosting/AMERICASSHOPPINGMALLINC_12_10_1999-EX-10.2-SITE DEVELOPMENT AND HOSTING AGREEMENT.PDF.lock,0,False
data/raw/cuad/.cache/huggingface/download/CUAD_v1/full_contract_pdf/Part_III/Hosting/AMERICASSHOPPINGMALLINC_12_10_1999-EX-10.2-SITE DEVELOPMENT AND HOSTING AGREEMENT.PDF.metadata,101,False
data/raw/cuad/.cache/huggingface/download/CUAD_v1/full_contract_pdf/Part_III/Hosting/BEYONDCOMCORP_08_03_2000-EX-10.2-CO-HOSTING AGREEMENT.PDF.lock,0,False
data/raw/cuad/.cache/huggingface/download/CUAD_v1/full_contract_pdf/Part_III/Hosting/BEYONDCOMCORP_08_03_2000-EX-10.2-CO-HOSTING AGREEMENT.PDF.metadata,101,False
data/raw/cuad/.cache/huggingface/download/CUAD_v1/full_contract_pdf/Part_III/Hosting/BLUEFLYINC_03_27_2002-EX-10.27-e-business Hosting Agreement.PDF.lock,0,False
data/raw/cuad/.cache/huggingface/download/CUAD_v1/full_contract_pdf/Part_III/Hosting/BLUEFLYINC_03_27_2002-EX-10.27-e-business Hosting Agreement.PDF.metadata,101,False
data/raw/cuad/.cache/huggingface/download/CUAD_v1/full_contract_pdf/Part_III/Hosting/BNCMORTGAGEINC_05_17_1999-EX-10.4-LICENSING AND WEB SITE HOSTING AGREEMENT.PDF.lock,0,False
data/raw/cuad/.cache/huggingface/download/CUAD_v1/full_contract_pdf/Part_III/Hosting/BNCMORTGAGEINC_05_17_1999-EX-10.4-LICENSING AND WEB SITE HOSTING AGREEMENT.PDF.metadata,101,False
data/raw/cuad/.cache/huggingface/download/CUAD_v1/full_contract_pdf/Part_III/Hosting/BOLIVARMININGCORP_05_23_2003-EX-2.1-VISP WEB SITE BUILDING AND HOSTING AGREEMENT.PDF.lock,0,False
data/raw/cuad/.cache/huggingface/download/CUAD_v1/full_contract_pdf/Part_III/Hosting/BOLIVARMININGCORP_05_23_2003-EX-2.1-VISP WEB SITE BUILDING AND HOSTING AGREEMENT.PDF.metadata,101,False
data/raw/cuad/.cache/huggingface/download/CUAD_v1/full_contract_pdf/Part_III/Hosting/CHANGEPOINTCORP_03_08_2000-EX-10.6-LICENSE AND HOSTING AGREEMENT.PDF.lock,0,False
data/raw/cuad/.cache/huggingface/download/CUAD_v1/full_contract_pdf/Part_III/Hosting/CHANGEPOINTCORP_03_08_2000-EX-10.6-LICENSE AND HOSTING AGREEMENT.PDF.metadata,101,False
data/raw/cuad/.cache/huggingface/download/CUAD_v1/full_contract_pdf/Part_III/Hosting/CORIOINC_07_20_2000-EX-10.5-LICENSE AND HOSTING AGREEMENT.PDF.lock,0,False
data/raw/cuad/.cache/huggingface/download/CUAD_v1/full_contract_pdf/Part_III/Hosting/CORIOINC_07_20_2000-EX-10.5-LICENSE AND HOSTING AGREEMENT.PDF.metadata,100,False
data/raw/cuad/.cache/huggingface/download/CUAD_v1/full_contract_pdf/Part_III/Hosting/GALACTICOMMTECHNOLOGIESINC_11_07_1997-EX-10.46-WEB HOSTING AGREEMENT.PDF.lock,0,False
data/raw/cuad/.cache/huggingface/download/CUAD_v1/full_contract_pdf/Part_III/Hosting/GALACTICOMMTECHNOLOGIESINC_11_07_1997-EX-10.46-WEB HOSTING AGREEMENT.PDF.metadata,101,False
data/raw/cuad/.cache/huggingface/download/CUAD_v1/full_contract_pdf/Part_III/Hosting/INKTOMICORP_06_08_1998-EX-10.14-SOFTWARE HOSTING AGREEMENT.PDF.lock,0,False
data/raw/cuad/.cache/huggingface/download/CUAD_v1/full_contract_pdf/Part_III/Hosting/INKTOMICORP_06_08_1998-EX-10.14-SOFTWARE HOSTING AGREEMENT.PDF.metadata,101,False
"data/raw/cuad/.cache/huggingface/download/CUAD_v1/full_contract_pdf/Part_III/IP/ARMSTRONGFLOORING,INC_01_07_2019-EX-10.2-INTELLECTUAL PROPERTY AGREEMENT.PDF.lock",0,False
"data/raw/cuad/.cache/huggingface/download/CUAD_v1/full_contract_pdf/Part_III/IP/ARMSTRONGFLOORING,INC_01_07_2019-EX-10.2-INTELLECTUAL PROPERTY AGREEMENT.PDF.metadata",101,False
"data/raw/cuad/.cache/huggingface/download/CUAD_v1/full_contract_pdf/Part_III/IP/FIDELITYNATIONALINFORMATIONSERVICES,INC_08_05_2009-EX-10.3-INTELLECTUAL PROPERTY AGREEMENT.PDF.lock",0,False
"data/raw/cuad/.cache/huggingface/download/CUAD_v1/full_contract_pdf/Part_III/IP/FIDELITYNATIONALINFORMATIONSERVICES,INC_08_05_2009-EX-10.3-INTELLECTUAL PROPERTY AGREEMENT.PDF.metadata",101,False
"data/raw/cuad/.cache/huggingface/download/CUAD_v1/full_contract_pdf/Part_III/IP/GSITECHNOLOGYINC_11_16_2009-EX-10.2-INTELLECTUAL PROPERTY AGREEMENT between SONY ELECTRONICS INC. and GSI TECHNOLOGY, INC..PDF.lock",0,False
"data/raw/cuad/.cache/huggingface/download/CUAD_v1/full_contract_pdf/Part_III/IP/GSITECHNOLOGYINC_11_16_2009-EX-10.2-INTELLECTUAL PROPERTY AGREEMENT between SONY ELECTRONICS INC. and GSI TECHNOLOGY, INC..PDF.metadata",101,False
"data/raw/cuad/.cache/huggingface/download/CUAD_v1/full_contract_pdf/Part_III/IP/HERTZGLOBALHOLDINGS,INC_07_07_2016-EX-10.4-INTELLECTUAL PROPERTY AGREEMENT.PDF.lock",0,False
"data/raw/cuad/.cache/huggingface/download/CUAD_v1/full_contract_pdf/Part_III/IP/HERTZGLOBALHOLDINGS,INC_07_07_2016-EX-10.4-INTELLECTUAL PROPERTY AGREEMENT.PDF.metadata",101,False
data/raw/cuad/.cache/huggingface/download/CUAD_v1/full_contract_pdf/Part_III/IP/JINGWEIINTERNATIONALLTD_10_04_2007-EX-10.7-INTELLECTUAL PROPERTY AGREEMENT.PDF.lock,0,False
data/raw/cuad/.cache/huggingface/download/CUAD_v1/full_contract_pdf/Part_III/IP/JINGWEIINTERNATIONALLTD_10_04_2007-EX-10.7-INTELLECTUAL PROPERTY AGREEMENT.PDF.metadata,100,False
data/raw/cuad/.cache/huggingface/download/CUAD_v1/full_contract_pdf/Part_III/IP/MSCIINC_02_28_2008-EX-10.10-.PDF.lock,0,False
data/raw/cuad/.cache/huggingface/download/CUAD_v1/full_contract_pdf/Part_III/IP/MSCIINC_02_28_2008-EX-10.10-.PDF.metadata,100,False
"data/raw/cuad/.cache/huggingface/download/CUAD_v1/full_contract_pdf/Part_III/IP/OTISWORLDWIDECORP_04_03_2020-EX-10.4-INTELLECTUAL PROPERTY AGREEMENT by and among UNITED TECHNOLOGIES CORPORATION, OTIS WORLDWIDE CORPORATION and CARRIER ~1.PDF.lock",0,False
"data/raw/cuad/.cache/huggingface/download/CUAD_v1/full_contract_pdf/Part_III/IP/OTISWORLDWIDECORP_04_03_2020-EX-10.4-INTELLECTUAL PROPERTY AGREEMENT by and among UNITED TECHNOLOGIES CORPORATION, OTIS WORLDWIDE CORPORATION and CARRIER ~1.PDF.metadata",101,False
data/raw/cuad/.cache/huggingface/download/CUAD_v1/full_contract_pdf/Part_III/IP/VERSOTECHNOLOGIESINC_12_28_2007-EX-99.3-INTELLECTUAL PROPERTY AGREEMENT.PDF.lock,0,False
data/raw/cuad/.cache/huggingface/download/CUAD_v1/full_contract_pdf/Part_III/IP/VERSOTECHNOLOGIESINC_12_28_2007-EX-99.3-INTELLECTUAL PROPERTY AGREEMENT.PDF.metadata,101,False
data/raw/cuad/.cache/huggingface/download/CUAD_v1/full_contract_pdf/Part_III/IP/ZEBRATECHNOLOGIESCORP_04_16_2014-EX-10.1-INTELLECTUAL PROPERTY AGREEMENT.PDF.lock,0,False
data/raw/cuad/.cache/huggingface/download/CUAD_v1/full_contract_pdf/Part_III/IP/ZEBRATECHNOLOGIESCORP_04_16_2014-EX-10.1-INTELLECTUAL PROPERTY AGREEMENT.PDF.metadata,101,False
data/raw/cuad/.cache/huggingface/download/CUAD_v1/full_contract_pdf/Part_III/Joint Venture _ Filing/ATENTOSA_07_06_2020-EX-99.1-JOINT FILING AGREEMENT.PDF.lock,0,False
data/raw/cuad/.cache/huggingface/download/CUAD_v1/full_contract_pdf/Part_III/Joint Venture _ Filing/ATENTOSA_07_06_2020-EX-99.1-JOINT FILING AGREEMENT.PDF.metadata,101,False
data/raw/cuad/.cache/huggingface/download/CUAD_v1/full_contract_pdf/Part_III/Joint Venture _ Filing/BLACKROCKMUNIHOLDINGSINVESTMENTQUALITYFUND_04_07_2020-EX-99.01-JOINT FILING AGREEMENT.PDF.lock,0,False
data/raw/cuad/.cache/huggingface/download/CUAD_v1/full_contract_pdf/Part_III/Joint Venture _ Filing/BLACKROCKMUNIHOLDINGSINVESTMENTQUALITYFUND_04_07_2020-EX-99.01-JOINT FILING AGREEMENT.PDF.metadata,101,False
data/raw/cuad/.cache/huggingface/download/CUAD_v1/full_contract_pdf/Part_III/Joint Venture _ Filing/IGENEBIOTECHNOLOGYINC_05_13_2003-EX-1-JOINT VENTURE AGREEMENT.PDF.lock,0,False
data/raw/cuad/.cache/huggingface/download/CUAD_v1/full_contract_pdf/Part_III/Joint Venture _ Filing/IGENEBIOTECHNOLOGYINC_05_13_2003-EX-1-JOINT VENTURE AGREEMENT.PDF.metadata,100,False
"data/raw/cuad/.cache/huggingface/download/CUAD_v1/full_contract_pdf/Part_III/Joint Venture _ Filing/MACY_S,INC_05_11_2020-EX-99.4-JOINT FILING AGREEMENT.PDF.lock",0,False
"data/raw/cuad/.cache/huggingface/download/CUAD_v1/full_contract_pdf/Part_III/Joint Venture _ Filing/MACY_S,INC_05_11_2020-EX-99.4-JOINT FILING AGREEMENT.PDF.metadata",101,False
"data/raw/cuad/.cache/huggingface/download/CUAD_v1/full_contract_pdf/Part_III/Joint Venture _ Filing/MFAFINANCIAL,INC_07_06_2020-EX-99.D-JOINT FILING AGREEMENT.PDF.lock",0,False
"data/raw/cuad/.cache/huggingface/download/CUAD_v1/full_contract_pdf/Part_III/Joint Venture _ Filing/MFAFINANCIAL,INC_07_06_2020-EX-99.D-JOINT FILING AGREEMENT.PDF.metadata",101,False
"data/raw/cuad/.cache/huggingface/download/CUAD_v1/full_contract_pdf/Part_III/Joint Venture _ Filing/MJBIOTECH,INC_12_06_2018-EX-99.01-JOINT VENTURE AGREEMENT.PDF.lock",0,False
"data/raw/cuad/.cache/huggingface/download/CUAD_v1/full_contract_pdf/Part_III/Joint Venture _ Filing/MJBIOTECH,INC_12_06_2018-EX-99.01-JOINT VENTURE AGREEMENT.PDF.metadata",100,False
data/raw/cuad/.cache/huggingface/download/CUAD_v1/full_contract_pdf/Part_III/Joint Venture _ Filing/NELNETINC_04_08_2020-EX-1-JOINT FILING AGREEMENT.PDF.lock,0,False
data/raw/cuad/.cache/huggingface/download/CUAD_v1/full_contract_pdf/Part_III/Joint Venture _ Filing/NELNETINC_04_08_2020-EX-1-JOINT FILING AGREEMENT.PDF.metadata,101,False
"data/raw/cuad/.cache/huggingface/download/CUAD_v1/full_contract_pdf/Part_III/Joint Venture _ Filing/ONEMAINHOLDINGS,INC_02_20_2020-EX-99.D-JOINT FILING AGREEMENT.PDF.lock",0,False
"data/raw/cuad/.cache/huggingface/download/CUAD_v1/full_contract_pdf/Part_III/Joint Venture _ Filing/ONEMAINHOLDINGS,INC_02_20_2020-EX-99.D-JOINT FILING AGREEMENT.PDF.metadata",100,False
"data/raw/cuad/.cache/huggingface/download/CUAD_v1/full_contract_pdf/Part_III/Joint Venture _ Filing/PRECIGEN,INC_01_22_2020-EX-99.1-JOINT FILING AGREEMENT.PDF.lock",0,False
"data/raw/cuad/.cache/huggingface/download/CUAD_v1/full_contract_pdf/Part_III/Joint Venture _ Filing/PRECIGEN,INC_01_22_2020-EX-99.1-JOINT FILING AGREEMENT.PDF.metadata",101,False
data/raw/cuad/.cache/huggingface/download/CUAD_v1/full_contract_pdf/Part_III/Joint Venture _ Filing/QBIOMEDINC_04_08_2020-EX-99.1-JOINT FILING AGREEMENT.PDF.lock,0,False
data/raw/cuad/.cache/huggingface/download/CUAD_v1/full_contract_pdf/Part_III/Joint Venture _ Filing/QBIOMEDINC_04_08_2020-EX-99.1-JOINT FILING AGREEMENT.PDF.metadata,101,False
data/raw/cuad/.cache/huggingface/download/CUAD_v1/full_contract_pdf/Part_III/Joint Venture _ Filing/RMRGROUPINC_01_22_2020-EX-99.1-JOINT FILING AGREEMENT.PDF.lock,0,False
data/raw/cuad/.cache/huggingface/download/CUAD_v1/full_contract_pdf/Part_III/Joint Venture _ Filing/RMRGROUPINC_01_22_2020-EX-99.1-JOINT FILING AGREEMENT.PDF.metadata,101,False
"data/raw/cuad/.cache/huggingface/download/CUAD_v1/full_contract_pdf/Part_III/Joint Venture _ Filing/SPRINGBANKPHARMACEUTICALS,INC_04_08_2020-EX-99.A-JOINT FILING AGREEMENT.PDF.lock",0,False
"data/raw/cuad/.cache/huggingface/download/CUAD_v1/full_contract_pdf/Part_III/Joint Venture _ Filing/SPRINGBANKPHARMACEUTICALS,INC_04_08_2020-EX-99.A-JOINT FILING AGREEMENT.PDF.metadata",100,False
"data/raw/cuad/.cache/huggingface/download/CUAD_v1/full_contract_pdf/Part_III/Joint Venture _ Filing/TALLGRASSENERGY,LP_02_20_2020-EX-99.26-JOINT FILING AGREEMENT.PDF.lock",0,False
"data/raw/cuad/.cache/huggingface/download/CUAD_v1/full_contract_pdf/Part_III/Joint Venture _ Filing/TALLGRASSENERGY,LP_02_20_2020-EX-99.26-JOINT FILING AGREEMENT.PDF.metadata",101,False
"data/raw/cuad/.cache/huggingface/download/CUAD_v1/full_contract_pdf/Part_III/Joint Venture _ Filing/VIRGINGALACTICHOLDINGS,INC_04_08_2020-EX-99.1-JOINT FILING STATEMENT.PDF.lock",0,False
"data/raw/cuad/.cache/huggingface/download/CUAD_v1/full_contract_pdf/Part_III/Joint Venture _ Filing/VIRGINGALACTICHOLDINGS,INC_04_08_2020-EX-99.1-JOINT FILING STATEMENT.PDF.metadata",101,False
"data/raw/cuad/.cache/huggingface/download/CUAD_v1/full_contract_pdf/Part_III/Maintenance/ON2TECHNOLOGIES,INC_11_17_2006-EX-10.3-SUPPORT AND MAINTENANCE AGREEMENT.PDF.lock",0,False
"data/raw/cuad/.cache/huggingface/download/CUAD_v1/full_contract_pdf/Part_III/Maintenance/ON2TECHNOLOGIES,INC_11_17_2006-EX-10.3-SUPPORT AND MAINTENANCE AGREEMENT.PDF.metadata",101,False
data/raw/cuad/.cache/huggingface/download/CUAD_v1/full_contract_pdf/Part_III/Maintenance/PRIMEENERGYRESOURCESCORP_04_02_2007-EX-10.28-COMPLETION AND LIQUIDITY MAINTENANCE AGREEMENT.PDF.lock,0,False
data/raw/cuad/.cache/huggingface/download/CUAD_v1/full_contract_pdf/Part_III/Maintenance/PRIMEENERGYRESOURCESCORP_04_02_2007-EX-10.28-COMPLETION AND LIQUIDITY MAINTENANCE AGREEMENT.PDF.metadata,101,False
data/raw/cuad/.cache/huggingface/download/CUAD_v1/full_contract_pdf/Part_III/Maintenance/SANDRIDGEENERGYINC_08_06_2009-EX-10.6-OPERATIONS AND MAINTENANCE AGREEMENT.PDF.lock,0,False
data/raw/cuad/.cache/huggingface/download/CUAD_v1/full_contract_pdf/Part_III/Maintenance/SANDRIDGEENERGYINC_08_06_2009-EX-10.6-OPERATIONS AND MAINTENANCE AGREEMENT.PDF.metadata,101,False
data/raw/cuad/.cache/huggingface/download/CUAD_v1/full_contract_pdf/Part_III/Maintenance/SECURIANFUNDSTRUST_05_01_2012-EX-99.28.H.9-NET INVESTMENT INCOME MAINTENANCE AGREEMENT.PDF.lock,0,False
data/raw/cuad/.cache/huggingface/download/CUAD_v1/full_contract_pdf/Part_III/Maintenance/SECURIANFUNDSTRUST_05_01_2012-EX-99.28.H.9-NET INVESTMENT INCOME MAINTENANCE AGREEMENT.PDF.metadata,101,False
data/raw/cuad/.cache/huggingface/download/CUAD_v1/full_contract_pdf/Part_III/Maintenance/SEPARATEACCOUNTIIOFAGL_05_02_2011-EX-99.(J)(4)-UNCONDITIONAL CAPITAL MAINTENANCE AGREEMENT.PDF.lock,0,False
data/raw/cuad/.cache/huggingface/download/CUAD_v1/full_contract_pdf/Part_III/Maintenance/SEPARATEACCOUNTIIOFAGL_05_02_2011-EX-99.(J)(4)-UNCONDITIONAL CAPITAL MAINTENANCE AGREEMENT.PDF.metadata,101,False
data/raw/cuad/.cache/huggingface/download/CUAD_v1/full_contract_pdf/Part_III/Maintenance/SFGFINANCIALCORP_05_12_2009-EX-10.1-SOFTWARE LICENSE AND MAINTENANCE AGREEMENT.PDF.lock,0,False
data/raw/cuad/.cache/huggingface/download/CUAD_v1/full_contract_pdf/Part_III/Maintenance/SFGFINANCIALCORP_05_12_2009-EX-10.1-SOFTWARE LICENSE AND MAINTENANCE AGREEMENT.PDF.metadata,101,False
data/raw/cuad/.cache/huggingface/download/CUAD_v1/full_contract_pdf/Part_III/Maintenance/SLOVAKWIRELESSFINANCECOBV_03_28_2001-EX-4.(B)(II).3-Maintenance and support contract for SICAP(R) modules.PDF.lock,0,False
data/raw/cuad/.cache/huggingface/download/CUAD_v1/full_contract_pdf/Part_III/Maintenance/SLOVAKWIRELESSFINANCECOBV_03_28_2001-EX-4.(B)(II).3-Maintenance and support contract for SICAP(R) modules.PDF.metadata,101,False
data/raw/cuad/.cache/huggingface/download/CUAD_v1/full_contract_pdf/Part_III/Maintenance/SMITHELECTRICVEHICLESCORP_04_04_2012-EX-10.26-FLEET MAINTENANCE AGREEMENT.PDF.lock,0,False
data/raw/cuad/.cache/huggingface/download/CUAD_v1/full_contract_pdf/Part_III/Maintenance/SMITHELECTRICVEHICLESCORP_04_04_2012-EX-10.26-FLEET MAINTENANCE AGREEMENT.PDF.metadata,100,False
data/raw/cuad/.cache/huggingface/download/CUAD_v1/full_contract_pdf/Part_III/Maintenance/SPARKLINGSPRINGWATERHOLDINGSLTD_07_03_2002-EX-10.13-SOFTWARE LICENSE AND MAINTENANCE AGREEMENT.PDF.lock,0,False
data/raw/cuad/.cache/huggingface/download/CUAD_v1/full_contract_pdf/Part_III/Maintenance/SPARKLINGSPRINGWATERHOLDINGSLTD_07_03_2002-EX-10.13-SOFTWARE LICENSE AND MAINTENANCE AGREEMENT.PDF.metadata,100,False
"data/raw/cuad/.cache/huggingface/download/CUAD_v1/full_contract_pdf/Part_III/Maintenance/SPIENERGYCO,LTD_03_09_2011-EX-99.5-OPERATIONS AND MAINTENANCE AGREEMENT.PDF.lock",0,False
"data/raw/cuad/.cache/huggingface/download/CUAD_v1/full_contract_pdf/Part_III/Maintenance/SPIENERGYCO,LTD_03_09_2011-EX-99.5-OPERATIONS AND MAINTENANCE AGREEMENT.PDF.metadata",101,False
data/raw/cuad/.cache/huggingface/download/CUAD_v1/full_contract_pdf/Part_III/Maintenance/STARTECGLOBALCOMMUNICATIONSCORP_11_16_1998-EX-10.30-CONSTRUCTION AND MAINTENANCE AGREEMENT.PDF.lock,0,False
data/raw/cuad/.cache/huggingface/download/CUAD_v1/full_contract_pdf/Part_III/Maintenance/STARTECGLOBALCOMMUNICATIONSCORP_11_16_1998-EX-10.30-CONSTRUCTION AND MAINTENANCE AGREEMENT.PDF.metadata,101,False
data/raw/cuad/.cache/huggingface/download/CUAD_v1/full_contract_pdf/Part_III/Maintenance/SUMMAFOURINC_06_19_1998-EX-10.3-SOFTWARE LICENSE AND MAINTENANCE AGREEMENT.PDF.lock,0,False
data/raw/cuad/.cache/huggingface/download/CUAD_v1/full_contract_pdf/Part_III/Maintenance/SUMMAFOURINC_06_19_1998-EX-10.3-SOFTWARE LICENSE AND MAINTENANCE AGREEMENT.PDF.metadata,101,False
data/raw/cuad/.cache/huggingface/download/CUAD_v1/full_contract_pdf/Part_III/Maintenance/SUNTRONCORP_05_17_2006-EX-10.22-MAINTENANCE AGREEMENT.PDF.lock,0,False
data/raw/cuad/.cache/huggingface/download/CUAD_v1/full_contract_pdf/Part_III/Maintenance/SUNTRONCORP_05_17_2006-EX-10.22-MAINTENANCE AGREEMENT.PDF.metadata,101,False
data/raw/cuad/.cache/huggingface/download/CUAD_v1/full_contract_pdf/Part_III/Maintenance/TELEGLOBEINTERNATIONALHOLDINGSLTD_03_29_2004-EX-10.10-CONSTRUCTION AND MAINTENANCE AGREEMENT.PDF.lock,0,False
data/raw/cuad/.cache/huggingface/download/CUAD_v1/full_contract_pdf/Part_III/Maintenance/TELEGLOBEINTERNATIONALHOLDINGSLTD_03_29_2004-EX-10.10-CONSTRUCTION AND MAINTENANCE AGREEMENT.PDF.metadata,101,False
data/raw/cuad/.cache/huggingface/download/CUAD_v1/full_contract_pdf/Part_III/Maintenance/TELKOMSALTD_01_30_2003-EX-10-LICENCE AND MAINTENANCE AGREEMENT.PDF.lock,0,False
data/raw/cuad/.cache/huggingface/download/CUAD_v1/full_contract_pdf/Part_III/Maintenance/TELKOMSALTD_01_30_2003-EX-10-LICENCE AND MAINTENANCE AGREEMENT.PDF.metadata,101,False
data/raw/cuad/.cache/huggingface/download/CUAD_v1/full_contract_pdf/Part_III/Maintenance/TRIZETTOGROUPINC_08_18_1999-EX-10.17-TECHNICAL INFRASTRUCTURE MAINTENANCE AGREEMENT.PDF.lock,0,False
data/raw/cuad/.cache/huggingface/download/CUAD_v1/full_contract_pdf/Part_III/Maintenance/TRIZETTOGROUPINC_08_18_1999-EX-10.17-TECHNICAL INFRASTRUCTURE MAINTENANCE AGREEMENT.PDF.metadata,101,False
data/raw/cuad/.cache/huggingface/download/CUAD_v1/full_contract_pdf/Part_III/Maintenance/UAGHINC_04_14_2004-EX-10.18-MAINTENANCE AGREEMENT.PDF.lock,0,False
data/raw/cuad/.cache/huggingface/download/CUAD_v1/full_contract_pdf/Part_III/Maintenance/UAGHINC_04_14_2004-EX-10.18-MAINTENANCE AGREEMENT.PDF.metadata,101,False
data/raw/cuad/.cache/huggingface/download/CUAD_v1/full_contract_pdf/Part_III/Maintenance/VARIABLESEPARATEACCOUNT_04_30_2014-EX-13.C-UNCONDITIONAL CAPITAL MAINTENANCE AGREEMENT.PDF.lock,0,False
data/raw/cuad/.cache/huggingface/download/CUAD_v1/full_contract_pdf/Part_III/Maintenance/VARIABLESEPARATEACCOUNT_04_30_2014-EX-13.C-UNCONDITIONAL CAPITAL MAINTENANCE AGREEMENT.PDF.metadata,100,False
data/raw/cuad/.cache/huggingface/download/CUAD_v1/full_contract_pdf/Part_III/Maintenance/VERTEXENERGYINC_08_14_2014-EX-10.24-OPERATION AND MAINTENANCE AGREEMENT.PDF.lock,0,False
data/raw/cuad/.cache/huggingface/download/CUAD_v1/full_contract_pdf/Part_III/Maintenance/VERTEXENERGYINC_08_14_2014-EX-10.24-OPERATION AND MAINTENANCE AGREEMENT.PDF.metadata,101,False
data/raw/cuad/.cache/huggingface/download/CUAD_v1/full_contract_pdf/Part_III/Maintenance/VERTICALNETINC_04_01_2002-EX-10.19-MAINTENANCE AND SUPPORT AGREEMENT.PDF.lock,0,False
data/raw/cuad/.cache/huggingface/download/CUAD_v1/full_contract_pdf/Part_III/Maintenance/VERTICALNETINC_04_01_2002-EX-10.19-MAINTENANCE AND SUPPORT AGREEMENT.PDF.metadata,101,False
data/raw/cuad/.cache/huggingface/download/CUAD_v1/full_contract_pdf/Part_III/Maintenance/ZONDWINDSYSTEMPARTNERSLTDSERIES85-B_04_03_2006-EX-10-MANAGEMENT AND MAINTENANCE AGREEMENT.PDF.lock,0,False
data/raw/cuad/.cache/huggingface/download/CUAD_v1/full_contract_pdf/Part_III/Maintenance/ZONDWINDSYSTEMPARTNERSLTDSERIES85-B_04_03_2006-EX-10-MANAGEMENT AND MAINTENANCE AGREEMENT.PDF.metadata,100,False
"data/raw/cuad/.cache/huggingface/download/CUAD_v1/full_contract_pdf/Part_III/Manufacturing/ADMA BioManufacturing, LLC -  Amendment #3 to Manufacturing Agreement .PDF.lock",0,False
"data/raw/cuad/.cache/huggingface/download/CUAD_v1/full_contract_pdf/Part_III/Manufacturing/ADMA BioManufacturing, LLC -  Amendment #3 to Manufacturing Agreement .PDF.metadata",101,False
"data/raw/cuad/.cache/huggingface/download/CUAD_v1/full_contract_pdf/Part_III/Manufacturing/Antares Pharma, Inc. - Manufacturing Agreement.PDF.lock",0,False
"data/raw/cuad/.cache/huggingface/download/CUAD_v1/full_contract_pdf/Part_III/Manufacturing/Antares Pharma, Inc. - Manufacturing Agreement.PDF.metadata",101,False
data/raw/cuad/.cache/huggingface/download/CUAD_v1/full_contract_pdf/Part_III/Manufacturing/Apollo Endosurgery - Manufacturing and Supply Agreement.PDF.lock,0,False
data/raw/cuad/.cache/huggingface/download/CUAD_v1/full_contract_pdf/Part_III/Manufacturing/Apollo Endosurgery - Manufacturing and Supply Agreement.PDF.metadata,101,False
data/raw/cuad/.cache/huggingface/download/CUAD_v1/full_contract_pdf/Part_III/Manufacturing/Cerus Corporation - FIRST AMEND TO SUPPLY AND MANUFACTURING AGREEMENT.PDF.lock,0,False
data/raw/cuad/.cache/huggingface/download/CUAD_v1/full_contract_pdf/Part_III/Manufacturing/Cerus Corporation - FIRST AMEND TO SUPPLY AND MANUFACTURING AGREEMENT.PDF.metadata,101,False
"data/raw/cuad/.cache/huggingface/download/CUAD_v1/full_contract_pdf/Part_III/Manufacturing/Columbia Laboratories, (Bermuda) Ltd. - AMEND NO. 2 TO MANUFACTURING AND SUPPLY AGREEMENT.PDF.lock",0,False
"data/raw/cuad/.cache/huggingface/download/CUAD_v1/full_contract_pdf/Part_III/Manufacturing/Columbia Laboratories, (Bermuda) Ltd. - AMEND NO. 2 TO MANUFACTURING AND SUPPLY AGREEMENT.PDF.metadata",101,False
data/raw/cuad/.cache/huggingface/download/CUAD_v1/full_contract_pdf/Part_III/Manufacturing/ELECTRAMECCANICA VEHICLES CORP. - Manufacturing Agreement .PDF.lock,0,False
data/raw/cuad/.cache/huggingface/download/CUAD_v1/full_contract_pdf/Part_III/Manufacturing/ELECTRAMECCANICA VEHICLES CORP. - Manufacturing Agreement .PDF.metadata,100,False
"data/raw/cuad/.cache/huggingface/download/CUAD_v1/full_contract_pdf/Part_III/Manufacturing/Magenta Therapeutics, Inc. - Master Development and Manufacturing Agreement.PDF.lock",0,False
"data/raw/cuad/.cache/huggingface/download/CUAD_v1/full_contract_pdf/Part_III/Manufacturing/Magenta Therapeutics, Inc. - Master Development and Manufacturing Agreement.PDF.metadata",101,False
"data/raw/cuad/.cache/huggingface/download/CUAD_v1/full_contract_pdf/Part_III/Manufacturing/Sonos, Inc. - Manufacturing Agreement .PDF.lock",0,False
"data/raw/cuad/.cache/huggingface/download/CUAD_v1/full_contract_pdf/Part_III/Manufacturing/Sonos, Inc. - Manufacturing Agreement .PDF.metadata",101,False
"data/raw/cuad/.cache/huggingface/download/CUAD_v1/full_contract_pdf/Part_III/Manufacturing/VAPOTHERM, INC. - Manufacturing and Supply Agreement.PDF.lock",0,False
"data/raw/cuad/.cache/huggingface/download/CUAD_v1/full_contract_pdf/Part_III/Manufacturing/VAPOTHERM, INC. - Manufacturing and Supply Agreement.PDF.metadata",101,False
"data/raw/cuad/.cache/huggingface/download/CUAD_v1/full_contract_pdf/Part_III/Marketing/GWG HOLDINGS, INC. - ORDERLY MARKETING AGREEMENT.PDF.lock",0,False
"data/raw/cuad/.cache/huggingface/download/CUAD_v1/full_contract_pdf/Part_III/Marketing/GWG HOLDINGS, INC. - ORDERLY MARKETING AGREEMENT.PDF.metadata",101,False
data/raw/cuad/.cache/huggingface/download/CUAD_v1/full_contract_pdf/Part_III/Marketing/LECLANCHÉ S.A. - JOINT DEVELOPMENT AND MARKETING AGREEMENT.PDF.lock,0,False
data/raw/cuad/.cache/huggingface/download/CUAD_v1/full_contract_pdf/Part_III/Marketing/LECLANCHÉ S.A. - JOINT DEVELOPMENT AND MARKETING AGREEMENT.PDF.metadata,125,False
"data/raw/cuad/.cache/huggingface/download/CUAD_v1/full_contract_pdf/Part_III/Marketing/Loop Industries, Inc. - Marketing Agreement.PDF.lock",0,False
"data/raw/cuad/.cache/huggingface/download/CUAD_v1/full_contract_pdf/Part_III/Marketing/Loop Industries, Inc. - Marketing Agreement.PDF.metadata",101,False
"data/raw/cuad/.cache/huggingface/download/CUAD_v1/full_contract_pdf/Part_III/Marketing/MetLife, Inc. - Remarketing Agreement.PDF.lock",0,False
"data/raw/cuad/.cache/huggingface/download/CUAD_v1/full_contract_pdf/Part_III/Marketing/MetLife, Inc. - Remarketing Agreement.PDF.metadata",100,False
data/raw/cuad/.cache/huggingface/download/CUAD_v1/full_contract_pdf/Part_III/Marketing/Monsanto Company - SECOND A_R EXCLUSIVE AGENCY AND MARKETING AGREEMENT .PDF.lock,0,False
data/raw/cuad/.cache/huggingface/download/CUAD_v1/full_contract_pdf/Part_III/Marketing/Monsanto Company - SECOND A_R EXCLUSIVE AGENCY AND MARKETING AGREEMENT .PDF.metadata,125,False
data/raw/cuad/.cache/huggingface/download/CUAD_v1/full_contract_pdf/Part_III/Marketing/NUVEEN - REMARKETING AGREEMENT.PDF.lock,0,False
data/raw/cuad/.cache/huggingface/download/CUAD_v1/full_contract_pdf/Part_III/Marketing/NUVEEN - REMARKETING AGREEMENT.PDF.metadata,101,False
"data/raw/cuad/.cache/huggingface/download/CUAD_v1/full_contract_pdf/Part_III/Marketing/PACIRA PHARMACEUTICALS, INC. - A_R STRATEGIC LICENSING, DISTRIBUTION AND MARKETING AGREEMENT .PDF.lock",0,False
"data/raw/cuad/.cache/huggingface/download/CUAD_v1/full_contract_pdf/Part_III/Marketing/PACIRA PHARMACEUTICALS, INC. - A_R STRATEGIC LICENSING, DISTRIBUTION AND MARKETING AGREEMENT .PDF.metadata",100,False
data/raw/cuad/.cache/huggingface/download/CUAD_v1/full_contract_pdf/Part_III/Marketing/Principal Life Insurance Company - Broker Dealer Marketing and Servicing Agreement .PDF.lock,0,False
data/raw/cuad/.cache/huggingface/download/CUAD_v1/full_contract_pdf/Part_III/Marketing/Principal Life Insurance Company - Broker Dealer Marketing and Servicing Agreement .PDF.metadata,101,False
"data/raw/cuad/.cache/huggingface/download/CUAD_v1/full_contract_pdf/Part_III/Marketing/Reinsurance Group of America, Incorporated - A_R REMARKETING  AGREEMENT.PDF.lock",0,False
"data/raw/cuad/.cache/huggingface/download/CUAD_v1/full_contract_pdf/Part_III/Marketing/Reinsurance Group of America, Incorporated - A_R REMARKETING  AGREEMENT.PDF.metadata",100,False
"data/raw/cuad/.cache/huggingface/download/CUAD_v1/full_contract_pdf/Part_III/Marketing/SightLife Surgical, Inc. - STRATEGIC SALES _ MARKETING AGREEMENT.PDF.lock",0,False
"data/raw/cuad/.cache/huggingface/download/CUAD_v1/full_contract_pdf/Part_III/Marketing/SightLife Surgical, Inc. - STRATEGIC SALES _ MARKETING AGREEMENT.PDF.metadata",101,False
"data/raw/cuad/.cache/huggingface/download/CUAD_v1/full_contract_pdf/Part_III/Marketing/Zounds Hearing, Inc. - MANUFACTURING DESIGN MARKETING AGREEMENT.PDF.lock",0,False
"data/raw/cuad/.cache/huggingface/download/CUAD_v1/full_contract_pdf/Part_III/Marketing/Zounds Hearing, Inc. - MANUFACTURING DESIGN MARKETING AGREEMENT.PDF.metadata",101,False
data/raw/cuad/.cache/huggingface/download/CUAD_v1/full_contract_pdf/Part_III/Outsourcing/DRAGONSYSTEMSINC_01_08_1999-EX-10.17-OUTSOURCING AGREEMENT.PDF.lock,0,False
data/raw/cuad/.cache/huggingface/download/CUAD_v1/full_contract_pdf/Part_III/Outsourcing/DRAGONSYSTEMSINC_01_08_1999-EX-10.17-OUTSOURCING AGREEMENT.PDF.metadata,101,False
data/raw/cuad/.cache/huggingface/download/CUAD_v1/full_contract_pdf/Part_III/Outsourcing/ELANDIAINTERNATIONALINC_04_25_2007-EX-10.21-Outsourcing Agreement.PDF.lock,0,False
data/raw/cuad/.cache/huggingface/download/CUAD_v1/full_contract_pdf/Part_III/Outsourcing/ELANDIAINTERNATIONALINC_04_25_2007-EX-10.21-Outsourcing Agreement.PDF.metadata,101,False
data/raw/cuad/.cache/huggingface/download/CUAD_v1/full_contract_pdf/Part_III/Outsourcing/HUBEIMINKANGPHARMACEUTICALLTD_09_19_2006-EX-10.1-OUTSOURCING AGREEMENT.PDF.lock,0,False
data/raw/cuad/.cache/huggingface/download/CUAD_v1/full_contract_pdf/Part_III/Outsourcing/HUBEIMINKANGPHARMACEUTICALLTD_09_19_2006-EX-10.1-OUTSOURCING AGREEMENT.PDF.metadata,101,False
data/raw/cuad/.cache/huggingface/download/CUAD_v1/full_contract_pdf/Part_III/Outsourcing/MANUFACTURERSSERVICESLTD_06_05_2000-EX-10.14-OUTSOURCING AGREEMENT.PDF.lock,0,False
data/raw/cuad/.cache/huggingface/download/CUAD_v1/full_contract_pdf/Part_III/Outsourcing/MANUFACTURERSSERVICESLTD_06_05_2000-EX-10.14-OUTSOURCING AGREEMENT.PDF.metadata,101,False
data/raw/cuad/.cache/huggingface/download/CUAD_v1/full_contract_pdf/Part_III/Outsourcing/NEXSTARFINANCEHOLDINGSINC_03_27_2002-EX-10.26-OUTSOURCING AGREEMENT.PDF.lock,0,False
data/raw/cuad/.cache/huggingface/download/CUAD_v1/full_contract_pdf/Part_III/Outsourcing/NEXSTARFINANCEHOLDINGSINC_03_27_2002-EX-10.26-OUTSOURCING AGREEMENT.PDF.metadata,101,False
data/raw/cuad/.cache/huggingface/download/CUAD_v1/full_contract_pdf/Part_III/Outsourcing/NICELTD_06_26_2003-EX-4.5-OUTSOURCING AGREEMENT.PDF.lock,0,False
data/raw/cuad/.cache/huggingface/download/CUAD_v1/full_contract_pdf/Part_III/Outsourcing/NICELTD_06_26_2003-EX-4.5-OUTSOURCING AGREEMENT.PDF.metadata,101,False
"data/raw/cuad/.cache/huggingface/download/CUAD_v1/full_contract_pdf/Part_III/Outsourcing/OASYSMOBILE,INC_07_05_2001-EX-10.17-OUTSOURCING AGREEMENT.PDF.lock",0,False
"data/raw/cuad/.cache/huggingface/download/CUAD_v1/full_contract_pdf/Part_III/Outsourcing/OASYSMOBILE,INC_07_05_2001-EX-10.17-OUTSOURCING AGREEMENT.PDF.metadata",101,False
data/raw/cuad/.cache/huggingface/download/CUAD_v1/full_contract_pdf/Part_III/Outsourcing/OFGBANCORP_03_28_2007-EX-10.23-OUTSOURCING AGREEMENT.PDF.lock,0,False
data/raw/cuad/.cache/huggingface/download/CUAD_v1/full_contract_pdf/Part_III/Outsourcing/OFGBANCORP_03_28_2007-EX-10.23-OUTSOURCING AGREEMENT.PDF.metadata,100,False
"data/raw/cuad/.cache/huggingface/download/CUAD_v1/full_contract_pdf/Part_III/Outsourcing/UNITEDNATIONALBANCORP_03_03_1999-EX-99-Outsourcing Agreement with the BISYS Group, Inc..PDF.lock",0,False
"data/raw/cuad/.cache/huggingface/download/CUAD_v1/full_contract_pdf/Part_III/Outsourcing/UNITEDNATIONALBANCORP_03_03_1999-EX-99-Outsourcing Agreement with the BISYS Group, Inc..PDF.metadata",100,False
data/raw/cuad/.cache/huggingface/download/CUAD_v1/full_contract_pdf/Part_III/Promotion/CYBERIANOUTPOSTINC_07_09_1998-EX-10.13-PROMOTION AGREEMENT.PDF.lock,0,False
data/raw/cuad/.cache/huggingface/download/CUAD_v1/full_contract_pdf/Part_III/Promotion/CYBERIANOUTPOSTINC_07_09_1998-EX-10.13-PROMOTION AGREEMENT.PDF.metadata,101,False
data/raw/cuad/.cache/huggingface/download/CUAD_v1/full_contract_pdf/Part_III/Promotion/KINGPHARMACEUTICALSINC_08_09_2006-EX-10.1-PROMOTION AGREEMENT.PDF.lock,0,False
data/raw/cuad/.cache/huggingface/download/CUAD_v1/full_contract_pdf/Part_III/Promotion/KINGPHARMACEUTICALSINC_08_09_2006-EX-10.1-PROMOTION AGREEMENT.PDF.metadata,101,False
"data/raw/cuad/.cache/huggingface/download/CUAD_v1/full_contract_pdf/Part_III/Reseller/ADIANUTRITION,INC_04_01_2005-EX-10.D2-RESELLER AGREEMENT.PDF.lock",0,False
"data/raw/cuad/.cache/huggingface/download/CUAD_v1/full_contract_pdf/Part_III/Reseller/ADIANUTRITION,INC_04_01_2005-EX-10.D2-RESELLER AGREEMENT.PDF.metadata",101,False
data/raw/cuad/.cache/huggingface/download/CUAD_v1/full_contract_pdf/Part_III/Reseller/DIVERSINETCORP_03_01_2012-EX-4-RESELLER AGREEMENT.PDF.lock,0,False
data/raw/cuad/.cache/huggingface/download/CUAD_v1/full_contract_pdf/Part_III/Reseller/DIVERSINETCORP_03_01_2012-EX-4-RESELLER AGREEMENT.PDF.metadata,101,False
data/raw/cuad/.cache/huggingface/download/CUAD_v1/full_contract_pdf/Part_III/Reseller/WORLDWIDESTRATEGIESINC_11_02_2005-EX-10-RESELLER AGREEMENT.PDF.lock,0,False
data/raw/cuad/.cache/huggingface/download/CUAD_v1/full_contract_pdf/Part_III/Reseller/WORLDWIDESTRATEGIESINC_11_02_2005-EX-10-RESELLER AGREEMENT.PDF.metadata,101,False
data/raw/cuad/.cache/huggingface/download/CUAD_v1/full_contract_pdf/Part_III/Service/ABILITYINC_06_15_2020-EX-4.25-SERVICES AGREEMENT.PDF.lock,0,False
data/raw/cuad/.cache/huggingface/download/CUAD_v1/full_contract_pdf/Part_III/Service/ABILITYINC_06_15_2020-EX-4.25-SERVICES AGREEMENT.PDF.metadata,101,False
data/raw/cuad/.cache/huggingface/download/CUAD_v1/full_contract_pdf/Part_III/Service/BICYCLETHERAPEUTICSPLC_03_10_2020-EX-10.11-SERVICE AGREEMENT.PDF.lock,0,False
data/raw/cuad/.cache/huggingface/download/CUAD_v1/full_contract_pdf/Part_III/Service/BICYCLETHERAPEUTICSPLC_03_10_2020-EX-10.11-SERVICE AGREEMENT.PDF.metadata,101,False
data/raw/cuad/.cache/huggingface/download/CUAD_v1/full_contract_pdf/Part_III/Service/MERITLIFEINSURANCECO_06_19_2020-EX-10.(XIV)-MASTER SERVICES AGREEMENT.PDF.lock,0,False
data/raw/cuad/.cache/huggingface/download/CUAD_v1/full_contract_pdf/Part_III/Service/MERITLIFEINSURANCECO_06_19_2020-EX-10.(XIV)-MASTER SERVICES AGREEMENT.PDF.metadata,100,False
data/raw/cuad/.cache/huggingface/download/CUAD_v1/full_contract_pdf/Part_III/Service/NYLIACVARIABLEANNUITYSEPARATEACCOUNTIII_04_10_2020-EX-99.8.KK-SERVICE AGREEMENT.PDF.lock,0,False
data/raw/cuad/.cache/huggingface/download/CUAD_v1/full_contract_pdf/Part_III/Service/NYLIACVARIABLEANNUITYSEPARATEACCOUNTIII_04_10_2020-EX-99.8.KK-SERVICE AGREEMENT.PDF.metadata,101,False
"data/raw/cuad/.cache/huggingface/download/CUAD_v1/full_contract_pdf/Part_III/Service/OAKTREECAPITALGROUP,LLC_03_02_2020-EX-10.8-Services Agreement.PDF.lock",0,False
"data/raw/cuad/.cache/huggingface/download/CUAD_v1/full_contract_pdf/Part_III/Service/OAKTREECAPITALGROUP,LLC_03_02_2020-EX-10.8-Services Agreement.PDF.metadata",101,False
data/raw/cuad/.cache/huggingface/download/CUAD_v1/full_contract_pdf/Part_III/Service/OPERALTD_04_30_2020-EX-4.14-SERVICE AGREEMENT.PDF.lock,0,False
data/raw/cuad/.cache/huggingface/download/CUAD_v1/full_contract_pdf/Part_III/Service/OPERALTD_04_30_2020-EX-4.14-SERVICE AGREEMENT.PDF.metadata,101,False
data/raw/cuad/.cache/huggingface/download/CUAD_v1/full_contract_pdf/Part_III/Service/PFSFUNDS_06_26_2020-EX-99.H OTH MAT CONT-SERVICES AGREEMENT.PDF.lock,0,False
data/raw/cuad/.cache/huggingface/download/CUAD_v1/full_contract_pdf/Part_III/Service/PFSFUNDS_06_26_2020-EX-99.H OTH MAT CONT-SERVICES AGREEMENT.PDF.metadata,101,False
data/raw/cuad/.cache/huggingface/download/CUAD_v1/full_contract_pdf/Part_III/Service/RISEEDUCATIONCAYMANLTD_04_17_2020-EX-4.23-SERVICE AGREEMENT.PDF.lock,0,False
data/raw/cuad/.cache/huggingface/download/CUAD_v1/full_contract_pdf/Part_III/Service/RISEEDUCATIONCAYMANLTD_04_17_2020-EX-4.23-SERVICE AGREEMENT.PDF.metadata,101,False
data/raw/cuad/.cache/huggingface/download/CUAD_v1/full_contract_pdf/Part_III/Service/SCOUTCAMINC_05_12_2020-EX-10.22-SERVICES AGREEMENT.PDF.lock,0,False
data/raw/cuad/.cache/huggingface/download/CUAD_v1/full_contract_pdf/Part_III/Service/SCOUTCAMINC_05_12_2020-EX-10.22-SERVICES AGREEMENT.PDF.metadata,101,False
"data/raw/cuad/.cache/huggingface/download/CUAD_v1/full_contract_pdf/Part_III/Service/SOLUTIONSVENDINGINTERNATIONAL,INC_03_31_2020-EX1A-1 UNDR AGMT-SERVICES AGREEMENT.PDF.lock",0,False
"data/raw/cuad/.cache/huggingface/download/CUAD_v1/full_contract_pdf/Part_III/Service/SOLUTIONSVENDINGINTERNATIONAL,INC_03_31_2020-EX1A-1 UNDR AGMT-SERVICES AGREEMENT.PDF.metadata",100,False
data/raw/cuad/.cache/huggingface/download/CUAD_v1/full_contract_pdf/Part_III/Service/TALCOTTRESOLUTIONLIFEINSURANCECO-SEPARATEACCOUNTTWELVE_04_30_2020-EX-99.8(L)-SERVICE AGREEMENT.PDF.lock,0,False
data/raw/cuad/.cache/huggingface/download/CUAD_v1/full_contract_pdf/Part_III/Service/TALCOTTRESOLUTIONLIFEINSURANCECO-SEPARATEACCOUNTTWELVE_04_30_2020-EX-99.8(L)-SERVICE AGREEMENT.PDF.metadata,100,False
"data/raw/cuad/.cache/huggingface/download/CUAD_v1/full_contract_pdf/Part_III/Service/THERAVANCEBIOPHARMA,INC_05_08_2020-EX-10.2-SERVICE AGREEMENT.PDF.lock",0,False
"data/raw/cuad/.cache/huggingface/download/CUAD_v1/full_contract_pdf/Part_III/Service/THERAVANCEBIOPHARMA,INC_05_08_2020-EX-10.2-SERVICE AGREEMENT.PDF.metadata",101,False
data/raw/cuad/.cache/huggingface/download/CUAD_v1/full_contract_pdf/Part_III/Service/TRANSMONTAIGNEPARTNERSLLC_03_13_2020-EX-10.9-SERVICES AGREEMENT.PDF.lock,0,False
data/raw/cuad/.cache/huggingface/download/CUAD_v1/full_contract_pdf/Part_III/Service/TRANSMONTAIGNEPARTNERSLLC_03_13_2020-EX-10.9-SERVICES AGREEMENT.PDF.metadata,101,False
data/raw/cuad/.cache/huggingface/download/CUAD_v1/full_contract_pdf/Part_III/Service/WPPPLC_04_30_2020-EX-4.28-SERVICE AGREEMENT.PDF.lock,0,False
data/raw/cuad/.cache/huggingface/download/CUAD_v1/full_contract_pdf/Part_III/Service/WPPPLC_04_30_2020-EX-4.28-SERVICE AGREEMENT.PDF.metadata,101,False
"data/raw/cuad/.cache/huggingface/download/CUAD_v1/full_contract_pdf/Part_III/Sponsorship/CURAEGISTECHNOLOGIES,INC_05_26_2010-EX-1-CORPORATE SPONSORSHIP AGREEMENT.PDF.lock",0,False
"data/raw/cuad/.cache/huggingface/download/CUAD_v1/full_contract_pdf/Part_III/Sponsorship/CURAEGISTECHNOLOGIES,INC_05_26_2010-EX-1-CORPORATE SPONSORSHIP AGREEMENT.PDF.metadata",101,False
data/raw/cuad/.cache/huggingface/download/CUAD_v1/full_contract_pdf/Part_III/Sponsorship/DOMINIADVISORTRUST_02_18_2005-EX-99.(H)(2)-SPONSORSHIP AGREEMENT.PDF.lock,0,False
data/raw/cuad/.cache/huggingface/download/CUAD_v1/full_contract_pdf/Part_III/Sponsorship/DOMINIADVISORTRUST_02_18_2005-EX-99.(H)(2)-SPONSORSHIP AGREEMENT.PDF.metadata,101,False
data/raw/cuad/.cache/huggingface/download/CUAD_v1/full_contract_pdf/Part_III/Sponsorship/DRKOOPCOMINC_04_21_1999-EX-10.28-SPONSORSHIP AGREEMENT.PDF.lock,0,False
data/raw/cuad/.cache/huggingface/download/CUAD_v1/full_contract_pdf/Part_III/Sponsorship/DRKOOPCOMINC_04_21_1999-EX-10.28-SPONSORSHIP AGREEMENT.PDF.metadata,101,False
data/raw/cuad/.cache/huggingface/download/CUAD_v1/full_contract_pdf/Part_III/Sponsorship/GSVINC_05_15_1998-EX-10-SPONSORSHIP AGREEMENT.PDF.lock,0,False
data/raw/cuad/.cache/huggingface/download/CUAD_v1/full_contract_pdf/Part_III/Sponsorship/GSVINC_05_15_1998-EX-10-SPONSORSHIP AGREEMENT.PDF.metadata,101,False
data/raw/cuad/.cache/huggingface/download/CUAD_v1/full_contract_pdf/Part_III/Sponsorship/HYDRONTECHNOLOGIESINC_03_31_1997-EX-10.47-SPONSORSHIP AGREEMENT.PDF.lock,0,False
data/raw/cuad/.cache/huggingface/download/CUAD_v1/full_contract_pdf/Part_III/Sponsorship/HYDRONTECHNOLOGIESINC_03_31_1997-EX-10.47-SPONSORSHIP AGREEMENT.PDF.metadata,101,False
"data/raw/cuad/.cache/huggingface/download/CUAD_v1/full_contract_pdf/Part_III/Sponsorship/IPAYMENT,INC_05_14_2007-EX-10.1-SPONSORSHIP AGREEMENT.PDF.lock",0,False
"data/raw/cuad/.cache/huggingface/download/CUAD_v1/full_contract_pdf/Part_III/Sponsorship/IPAYMENT,INC_05_14_2007-EX-10.1-SPONSORSHIP AGREEMENT.PDF.metadata",101,False
data/raw/cuad/.cache/huggingface/download/CUAD_v1/full_contract_pdf/Part_III/Sponsorship/IVILLAGEINC_03_17_1999-EX-10.16-SPONSORSHIP AGREEMENT.PDF.lock,0,False
data/raw/cuad/.cache/huggingface/download/CUAD_v1/full_contract_pdf/Part_III/Sponsorship/IVILLAGEINC_03_17_1999-EX-10.16-SPONSORSHIP AGREEMENT.PDF.metadata,101,False
data/raw/cuad/.cache/huggingface/download/CUAD_v1/full_contract_pdf/Part_III/Sponsorship/LOGANSROADHOUSEINC_03_27_1998-EX-10.17-SPONSORSHIP AGREEMENT.PDF.lock,0,False
data/raw/cuad/.cache/huggingface/download/CUAD_v1/full_contract_pdf/Part_III/Sponsorship/LOGANSROADHOUSEINC_03_27_1998-EX-10.17-SPONSORSHIP AGREEMENT.PDF.metadata,101,False
data/raw/cuad/.cache/huggingface/download/CUAD_v1/full_contract_pdf/Part_III/Sponsorship/LOOKSMARTLTD_07_20_2012-EX-99.(D)(I)-SPONSORSHIP AGREEMENT.PDF.lock,0,False
data/raw/cuad/.cache/huggingface/download/CUAD_v1/full_contract_pdf/Part_III/Sponsorship/LOOKSMARTLTD_07_20_2012-EX-99.(D)(I)-SPONSORSHIP AGREEMENT.PDF.metadata,101,False
data/raw/cuad/.cache/huggingface/download/CUAD_v1/full_contract_pdf/Part_III/Sponsorship/MERCATAINC_03_09_2000-EX-10.21-SPONSORSHIP AGREEMENT.PDF.lock,0,False
data/raw/cuad/.cache/huggingface/download/CUAD_v1/full_contract_pdf/Part_III/Sponsorship/MERCATAINC_03_09_2000-EX-10.21-SPONSORSHIP AGREEMENT.PDF.metadata,101,False
data/raw/cuad/.cache/huggingface/download/CUAD_v1/full_contract_pdf/Part_III/Sponsorship/N2KINC_10_16_1997-EX-10.16-SPONSORSHIP AGREEMENT.PDF.lock,0,False
data/raw/cuad/.cache/huggingface/download/CUAD_v1/full_contract_pdf/Part_III/Sponsorship/N2KINC_10_16_1997-EX-10.16-SPONSORSHIP AGREEMENT.PDF.metadata,100,False
data/raw/cuad/.cache/huggingface/download/CUAD_v1/full_contract_pdf/Part_III/Sponsorship/NATIONALPROCESSINGINC_07_18_1996-EX-10.4-SPONSORSHIP AGREEMENT.PDF.lock,0,False
data/raw/cuad/.cache/huggingface/download/CUAD_v1/full_contract_pdf/Part_III/Sponsorship/NATIONALPROCESSINGINC_07_18_1996-EX-10.4-SPONSORSHIP AGREEMENT.PDF.metadata,100,False
data/raw/cuad/.cache/huggingface/download/CUAD_v1/full_contract_pdf/Part_III/Sponsorship/NETGROCERINC_07_31_1998-EX-10.15-SPONSORSHIP AGREEMENT.PDF.lock,0,False
data/raw/cuad/.cache/huggingface/download/CUAD_v1/full_contract_pdf/Part_III/Sponsorship/NETGROCERINC_07_31_1998-EX-10.15-SPONSORSHIP AGREEMENT.PDF.metadata,101,False
data/raw/cuad/.cache/huggingface/download/CUAD_v1/full_contract_pdf/Part_III/Sponsorship/PACIFICSYSTEMSCONTROLTECHNOLOGYINC_08_24_2000-EX-10.53-SPONSORSHIP AGREEMENT.PDF.lock,0,False
data/raw/cuad/.cache/huggingface/download/CUAD_v1/full_contract_pdf/Part_III/Sponsorship/PACIFICSYSTEMSCONTROLTECHNOLOGYINC_08_24_2000-EX-10.53-SPONSORSHIP AGREEMENT.PDF.metadata,101,False
data/raw/cuad/.cache/huggingface/download/CUAD_v1/full_contract_pdf/Part_III/Sponsorship/PROLONGINTERNATIONALCORP_03_23_1998-EX-10.16-SPONSORSHIP AGREEMENT.PDF.lock,0,False
data/raw/cuad/.cache/huggingface/download/CUAD_v1/full_contract_pdf/Part_III/Sponsorship/PROLONGINTERNATIONALCORP_03_23_1998-EX-10.16-SPONSORSHIP AGREEMENT.PDF.metadata,101,False
data/raw/cuad/.cache/huggingface/download/CUAD_v1/full_contract_pdf/Part_III/Sponsorship/RUBIOSRESTAURANTSINC_03_31_2008-EX-10.75-SPONSORSHIP AGREEMENT.PDF.lock,0,False
data/raw/cuad/.cache/huggingface/download/CUAD_v1/full_contract_pdf/Part_III/Sponsorship/RUBIOSRESTAURANTSINC_03_31_2008-EX-10.75-SPONSORSHIP AGREEMENT.PDF.metadata,101,False
data/raw/cuad/.cache/huggingface/download/CUAD_v1/full_contract_pdf/Part_III/Sponsorship/SONUSCORP_03_12_1997-EX-10.11-SPONSORSHIP AGREEMENT.PDF.lock,0,False
data/raw/cuad/.cache/huggingface/download/CUAD_v1/full_contract_pdf/Part_III/Sponsorship/SONUSCORP_03_12_1997-EX-10.11-SPONSORSHIP AGREEMENT.PDF.metadata,101,False
data/raw/cuad/.cache/huggingface/download/CUAD_v1/full_contract_pdf/Part_III/Sponsorship/TICKETSCOMINC_06_22_1999-EX-10.22-SPONSORSHIP AGREEMENT.PDF.lock,0,False
data/raw/cuad/.cache/huggingface/download/CUAD_v1/full_contract_pdf/Part_III/Sponsorship/TICKETSCOMINC_06_22_1999-EX-10.22-SPONSORSHIP AGREEMENT.PDF.metadata,101,False
data/raw/cuad/.cache/huggingface/download/CUAD_v1/full_contract_pdf/Part_III/Sponsorship/VITAMINSHOPPECOMINC_09_13_1999-EX-10.26-SPONSORSHIP AGREEMENT.PDF.lock,0,False
data/raw/cuad/.cache/huggingface/download/CUAD_v1/full_contract_pdf/Part_III/Sponsorship/VITAMINSHOPPECOMINC_09_13_1999-EX-10.26-SPONSORSHIP AGREEMENT.PDF.metadata,101,False
"data/raw/cuad/.cache/huggingface/download/CUAD_v1/full_contract_pdf/Part_III/Sponsorship/VNUE,INC_07_10_2015-EX-10.1-SPONSORSHIP AGREEMENT.PDF.lock",0,False
"data/raw/cuad/.cache/huggingface/download/CUAD_v1/full_contract_pdf/Part_III/Sponsorship/VNUE,INC_07_10_2015-EX-10.1-SPONSORSHIP AGREEMENT.PDF.metadata",101,False
"data/raw/cuad/.cache/huggingface/download/CUAD_v1/full_contract_pdf/Part_III/Sponsorship/XLITECHNOLOGIES,INC_12_11_2015-EX-10.1-Sponsorship Agreement.PDF.lock",0,False
"data/raw/cuad/.cache/huggingface/download/CUAD_v1/full_contract_pdf/Part_III/Sponsorship/XLITECHNOLOGIES,INC_12_11_2015-EX-10.1-Sponsorship Agreement.PDF.metadata",101,False
data/raw/cuad/.cache/huggingface/download/CUAD_v1/full_contract_pdf/Part_III/Strategic Alliance/ADAPTIMMUNETHERAPEUTICSPLC_04_06_2017-EX-10.11-STRATEGIC ALLIANCE AGREEMENT.PDF.lock,0,False
data/raw/cuad/.cache/huggingface/download/CUAD_v1/full_contract_pdf/Part_III/Strategic Alliance/ADAPTIMMUNETHERAPEUTICSPLC_04_06_2017-EX-10.11-STRATEGIC ALLIANCE AGREEMENT.PDF.metadata,101,False
data/raw/cuad/.cache/huggingface/download/CUAD_v1/full_contract_pdf/Part_III/Strategic Alliance/AURASYSTEMSINC_06_16_2010-EX-10.25-STRATEGIC ALLIANCE AGREEMENT.PDF.lock,0,False
data/raw/cuad/.cache/huggingface/download/CUAD_v1/full_contract_pdf/Part_III/Strategic Alliance/AURASYSTEMSINC_06_16_2010-EX-10.25-STRATEGIC ALLIANCE AGREEMENT.PDF.metadata,101,False
data/raw/cuad/.cache/huggingface/download/CUAD_v1/full_contract_pdf/Part_III/Strategic Alliance/CHERRYHILLMORTGAGEINVESTMENTCORP_09_26_2013-EX-10.1-Strategic Alliance Agreement.PDF.lock,0,False
data/raw/cuad/.cache/huggingface/download/CUAD_v1/full_contract_pdf/Part_III/Strategic Alliance/CHERRYHILLMORTGAGEINVESTMENTCORP_09_26_2013-EX-10.1-Strategic Alliance Agreement.PDF.metadata,100,False
"data/raw/cuad/.cache/huggingface/download/CUAD_v1/full_contract_pdf/Part_III/Strategic Alliance/COOLTECHNOLOGIES,INC_10_25_2017-EX-10.71-Strategic Alliance Agreement.PDF.lock",0,False
"data/raw/cuad/.cache/huggingface/download/CUAD_v1/full_contract_pdf/Part_III/Strategic Alliance/COOLTECHNOLOGIES,INC_10_25_2017-EX-10.71-Strategic Alliance Agreement.PDF.metadata",101,False
"data/raw/cuad/.cache/huggingface/download/CUAD_v1/full_contract_pdf/Part_III/Strategic Alliance/DUOSTECHNOLOGIESGROUP,INC_04_21_2009-EX-10.1-STRATEGIC ALLIANCE AGREEMENT.PDF.lock",0,False
"data/raw/cuad/.cache/huggingface/download/CUAD_v1/full_contract_pdf/Part_III/Strategic Alliance/DUOSTECHNOLOGIESGROUP,INC_04_21_2009-EX-10.1-STRATEGIC ALLIANCE AGREEMENT.PDF.metadata",101,False
data/raw/cuad/.cache/huggingface/download/CUAD_v1/full_contract_pdf/Part_III/Strategic Alliance/ENTRUSTINC_07_24_1998-EX-10.5-STRATEGIC ALLIANCE AGREEMENT.PDF.lock,0,False
data/raw/cuad/.cache/huggingface/download/CUAD_v1/full_contract_pdf/Part_III/Strategic Alliance/ENTRUSTINC_07_24_1998-EX-10.5-STRATEGIC ALLIANCE AGREEMENT.PDF.metadata,100,False
"data/raw/cuad/.cache/huggingface/download/CUAD_v1/full_contract_pdf/Part_III/Strategic Alliance/FTENETWORKS,INC_02_18_2016-EX-99.4-STRATEGIC ALLIANCE AGREEMENT.PDF.lock",0,False
"data/raw/cuad/.cache/huggingface/download/CUAD_v1/full_contract_pdf/Part_III/Strategic Alliance/FTENETWORKS,INC_02_18_2016-EX-99.4-STRATEGIC ALLIANCE AGREEMENT.PDF.metadata",101,False
"data/raw/cuad/.cache/huggingface/download/CUAD_v1/full_contract_pdf/Part_III/Strategic Alliance/GIGGLESN_HUGS,INC_06_23_2016-EX-10.2-STRATEGIC ALLIANCE AGREEMENT.PDF.lock",0,False
"data/raw/cuad/.cache/huggingface/download/CUAD_v1/full_contract_pdf/Part_III/Strategic Alliance/GIGGLESN_HUGS,INC_06_23_2016-EX-10.2-STRATEGIC ALLIANCE AGREEMENT.PDF.metadata",101,False
data/raw/cuad/.cache/huggingface/download/CUAD_v1/full_contract_pdf/Part_III/Strategic Alliance/GOLDRESOURCECORP_12_11_2008-EX-10.1-STRATEGIC ALLIANCE AGREEMENT.PDF.lock,0,False
data/raw/cuad/.cache/huggingface/download/CUAD_v1/full_contract_pdf/Part_III/Strategic Alliance/GOLDRESOURCECORP_12_11_2008-EX-10.1-STRATEGIC ALLIANCE AGREEMENT.PDF.metadata,101,False
data/raw/cuad/.cache/huggingface/download/CUAD_v1/full_contract_pdf/Part_III/Strategic Alliance/ICORECONNECTINC_10_13_2010-EX-7.1-Strategic Alliance Agreement.PDF.lock,0,False
data/raw/cuad/.cache/huggingface/download/CUAD_v1/full_contract_pdf/Part_III/Strategic Alliance/ICORECONNECTINC_10_13_2010-EX-7.1-Strategic Alliance Agreement.PDF.metadata,101,False
"data/raw/cuad/.cache/huggingface/download/CUAD_v1/full_contract_pdf/Part_III/Strategic Alliance/INTELLIGENTHIGHWAYSOLUTIONS,INC_01_18_2018-EX-10.1-Strategic Alliance Agreement.PDF.lock",0,False
"data/raw/cuad/.cache/huggingface/download/CUAD_v1/full_contract_pdf/Part_III/Strategic Alliance/INTELLIGENTHIGHWAYSOLUTIONS,INC_01_18_2018-EX-10.1-Strategic Alliance Agreement.PDF.metadata",101,False
data/raw/cuad/.cache/huggingface/download/CUAD_v1/full_contract_pdf/Part_III/Strategic Alliance/INTRICONCORP_03_10_2009-EX-10.22-Strategic Alliance Agreement.PDF.lock,0,False
data/raw/cuad/.cache/huggingface/download/CUAD_v1/full_contract_pdf/Part_III/Strategic Alliance/INTRICONCORP_03_10_2009-EX-10.22-Strategic Alliance Agreement.PDF.metadata,101,False
"data/raw/cuad/.cache/huggingface/download/CUAD_v1/full_contract_pdf/Part_III/Strategic Alliance/IOVANCEBIOTHERAPEUTICS,INC_08_03_2017-EX-10.1-STRATEGIC ALLIANCE AGREEMENT.PDF.lock",0,False
"data/raw/cuad/.cache/huggingface/download/CUAD_v1/full_contract_pdf/Part_III/Strategic Alliance/IOVANCEBIOTHERAPEUTICS,INC_08_03_2017-EX-10.1-STRATEGIC ALLIANCE AGREEMENT.PDF.metadata",101,False
data/raw/cuad/.cache/huggingface/download/CUAD_v1/full_contract_pdf/Part_III/Strategic Alliance/KALLOINC_11_03_2011-EX-10.1-STRATEGIC ALLIANCE AGREEMENT.PDF.lock,0,False
data/raw/cuad/.cache/huggingface/download/CUAD_v1/full_contract_pdf/Part_III/Strategic Alliance/KALLOINC_11_03_2011-EX-10.1-STRATEGIC ALLIANCE AGREEMENT.PDF.metadata,123,False
data/raw/cuad/.cache/huggingface/download/CUAD_v1/full_contract_pdf/Part_III/Strategic Alliance/LIGHTBRIDGECORP_11_23_2015-EX-10.26-STRATEGIC ALLIANCE AGREEMENT.PDF.lock,0,False
data/raw/cuad/.cache/huggingface/download/CUAD_v1/full_contract_pdf/Part_III/Strategic Alliance/LIGHTBRIDGECORP_11_23_2015-EX-10.26-STRATEGIC ALLIANCE AGREEMENT.PDF.metadata,101,False
data/raw/cuad/.cache/huggingface/download/CUAD_v1/full_contract_pdf/Part_III/Strategic Alliance/MANAKOASERVICESCORP_11_21_2007-EX-7.5-STRATEGIC ALLIANCE AGREEMENT.PDF.lock,0,False
data/raw/cuad/.cache/huggingface/download/CUAD_v1/full_contract_pdf/Part_III/Strategic Alliance/MANAKOASERVICESCORP_11_21_2007-EX-7.5-STRATEGIC ALLIANCE AGREEMENT.PDF.metadata,100,False
data/raw/cuad/.cache/huggingface/download/CUAD_v1/full_contract_pdf/Part_III/Strategic Alliance/ORBSATCORP_08_17_2007-EX-7.3-STRATEGIC ALLIANCE AGREEMENT.PDF.lock,0,False
data/raw/cuad/.cache/huggingface/download/CUAD_v1/full_contract_pdf/Part_III/Strategic Alliance/ORBSATCORP_08_17_2007-EX-7.3-STRATEGIC ALLIANCE AGREEMENT.PDF.metadata,101,False
data/raw/cuad/.cache/huggingface/download/CUAD_v1/full_contract_pdf/Part_III/Strategic Alliance/PHLVARIABLEINSURANCECOCT_08_17_2009-EX-10.1-STRATEGIC ALLIANCE AGREEMENT.PDF.lock,0,False
data/raw/cuad/.cache/huggingface/download/CUAD_v1/full_contract_pdf/Part_III/Strategic Alliance/PHLVARIABLEINSURANCECOCT_08_17_2009-EX-10.1-STRATEGIC ALLIANCE AGREEMENT.PDF.metadata,100,False
"data/raw/cuad/.cache/huggingface/download/CUAD_v1/full_contract_pdf/Part_III/Strategic Alliance/PHREESIA,INC_05_28_2019-EX-10.18-STRATEGIC ALLIANCE AGREEMENT.PDF.lock",0,False
"data/raw/cuad/.cache/huggingface/download/CUAD_v1/full_contract_pdf/Part_III/Strategic Alliance/PHREESIA,INC_05_28_2019-EX-10.18-STRATEGIC ALLIANCE AGREEMENT.PDF.metadata",100,False
data/raw/cuad/.cache/huggingface/download/CUAD_v1/full_contract_pdf/Part_III/Strategic Alliance/REWALKROBOTICSLTD_07_10_2014-EX-10.2-STRATEGIC ALLIANCE AGREEMENT.PDF.lock,0,False
data/raw/cuad/.cache/huggingface/download/CUAD_v1/full_contract_pdf/Part_III/Strategic Alliance/REWALKROBOTICSLTD_07_10_2014-EX-10.2-STRATEGIC ALLIANCE AGREEMENT.PDF.metadata,101,False
"data/raw/cuad/.cache/huggingface/download/CUAD_v1/full_contract_pdf/Part_III/Strategic Alliance/ROCKYMOUNTAINCHOCOLATEFACTORY,INC_12_23_2019-EX-10.2-STRATEGIC ALLIANCE AGREEMENT.PDF.lock",0,False
"data/raw/cuad/.cache/huggingface/download/CUAD_v1/full_contract_pdf/Part_III/Strategic Alliance/ROCKYMOUNTAINCHOCOLATEFACTORY,INC_12_23_2019-EX-10.2-STRATEGIC ALLIANCE AGREEMENT.PDF.metadata",100,False
"data/raw/cuad/.cache/huggingface/download/CUAD_v1/full_contract_pdf/Part_III/Strategic Alliance/SUCAMPOPHARMACEUTICALS,INC_11_04_2015-EX-10.2-STRATEGIC ALLIANCE AGREEMENT.PDF.lock",0,False
"data/raw/cuad/.cache/huggingface/download/CUAD_v1/full_contract_pdf/Part_III/Strategic Alliance/SUCAMPOPHARMACEUTICALS,INC_11_04_2015-EX-10.2-STRATEGIC ALLIANCE AGREEMENT.PDF.metadata",101,False
"data/raw/cuad/.cache/huggingface/download/CUAD_v1/full_contract_pdf/Part_III/Strategic Alliance/TURNKEYCAPITAL,INC_07_20_2017-EX-1.1-Strategic Alliance Agreement.PDF.lock",0,False
"data/raw/cuad/.cache/huggingface/download/CUAD_v1/full_contract_pdf/Part_III/Strategic Alliance/TURNKEYCAPITAL,INC_07_20_2017-EX-1.1-Strategic Alliance Agreement.PDF.metadata",101,False
data/raw/cuad/.cache/huggingface/download/CUAD_v1/full_contract_pdf/Part_III/Strategic Alliance/USASYNTHETICFUELCORP_10_21_2010-EX-10.10-STRATEGIC ALLIANCE AGREEMENT.PDF.lock,0,False
data/raw/cuad/.cache/huggingface/download/CUAD_v1/full_contract_pdf/Part_III/Strategic Alliance/USASYNTHETICFUELCORP_10_21_2010-EX-10.10-STRATEGIC ALLIANCE AGREEMENT.PDF.metadata,101,False
"data/raw/cuad/.cache/huggingface/download/CUAD_v1/full_contract_pdf/Part_III/Strategic Alliance/VIRTUALSCOPICS,INC_11_12_2010-EX-10.1-STRATEGIC ALLIANCE AGREEMENT.PDF.lock",0,False
"data/raw/cuad/.cache/huggingface/download/CUAD_v1/full_contract_pdf/Part_III/Strategic Alliance/VIRTUALSCOPICS,INC_11_12_2010-EX-10.1-STRATEGIC ALLIANCE AGREEMENT.PDF.metadata",101,False
"data/raw/cuad/.cache/huggingface/download/CUAD_v1/full_contract_pdf/Part_III/Strategic Alliance/WASTE2ENERGYHOLDINGS,INC_06_03_2010-EX-10.2-STRATEGIC ALLIANCE AGREEMENT.PDF.lock",0,False
"data/raw/cuad/.cache/huggingface/download/CUAD_v1/full_contract_pdf/Part_III/Strategic Alliance/WASTE2ENERGYHOLDINGS,INC_06_03_2010-EX-10.2-STRATEGIC ALLIANCE AGREEMENT.PDF.metadata",101,False
"data/raw/cuad/.cache/huggingface/download/CUAD_v1/full_contract_pdf/Part_III/Strategic Alliance/XLITECHNOLOGIES,INC_12_02_2015-EX-10.02-STRATEGIC ALLIANCE AGREEMENT.PDF.lock",0,False
"data/raw/cuad/.cache/huggingface/download/CUAD_v1/full_contract_pdf/Part_III/Strategic Alliance/XLITECHNOLOGIES,INC_12_02_2015-EX-10.02-STRATEGIC ALLIANCE AGREEMENT.PDF.metadata",101,False
"data/raw/cuad/.cache/huggingface/download/CUAD_v1/full_contract_pdf/Part_III/Supply/BELLRINGBRANDS,INC_02_07_2020-EX-10.18-MASTER SUPPLY AGREEMENT.PDF.lock",0,False
"data/raw/cuad/.cache/huggingface/download/CUAD_v1/full_contract_pdf/Part_III/Supply/BELLRINGBRANDS,INC_02_07_2020-EX-10.18-MASTER SUPPLY AGREEMENT.PDF.metadata",100,False
data/raw/cuad/.cache/huggingface/download/CUAD_v1/full_contract_pdf/Part_III/Supply/BIOFRONTERAAG_04_29_2019-EX-4.17-SUPPLY AGREEMENT.PDF.lock,0,False
data/raw/cuad/.cache/huggingface/download/CUAD_v1/full_contract_pdf/Part_III/Supply/BIOFRONTERAAG_04_29_2019-EX-4.17-SUPPLY AGREEMENT.PDF.metadata,100,False
data/raw/cuad/.cache/huggingface/download/CUAD_v1/full_contract_pdf/Part_III/Supply/FUSIONPHARMACEUTICALSINC_06_05_2020-EX-10.17-Supply Agreement - FUSION.PDF.lock,0,False
data/raw/cuad/.cache/huggingface/download/CUAD_v1/full_contract_pdf/Part_III/Supply/FUSIONPHARMACEUTICALSINC_06_05_2020-EX-10.17-Supply Agreement - FUSION.PDF.metadata,101,False
"data/raw/cuad/.cache/huggingface/download/CUAD_v1/full_contract_pdf/Part_III/Supply/HEMISPHERX - Sales, Marketing, Distribution, and Supply Agreement.PDF.lock",0,False
"data/raw/cuad/.cache/huggingface/download/CUAD_v1/full_contract_pdf/Part_III/Supply/HEMISPHERX - Sales, Marketing, Distribution, and Supply Agreement.PDF.metadata",100,False
"data/raw/cuad/.cache/huggingface/download/CUAD_v1/full_contract_pdf/Part_III/Supply/INTERSECTENT,INC_05_11_2020-EX-10.1-SUPPLY AGREEMENT.PDF.lock",0,False
"data/raw/cuad/.cache/huggingface/download/CUAD_v1/full_contract_pdf/Part_III/Supply/INTERSECTENT,INC_05_11_2020-EX-10.1-SUPPLY AGREEMENT.PDF.metadata",101,False
data/raw/cuad/.cache/huggingface/download/CUAD_v1/full_contract_pdf/Part_III/Supply/ULTRAGENYXPHARMACEUTICALINC_12_23_2013-EX-10.9-SUPPLY AGREEMENT.PDF.lock,0,False
data/raw/cuad/.cache/huggingface/download/CUAD_v1/full_contract_pdf/Part_III/Supply/ULTRAGENYXPHARMACEUTICALINC_12_23_2013-EX-10.9-SUPPLY AGREEMENT.PDF.metadata,101,False
"data/raw/cuad/.cache/huggingface/download/CUAD_v1/full_contract_pdf/Part_III/Supply/VAXCYTE,INC_05_22_2020-EX-10.19-SUPPLY AGREEMENT.PDF.lock",0,False
"data/raw/cuad/.cache/huggingface/download/CUAD_v1/full_contract_pdf/Part_III/Supply/VAXCYTE,INC_05_22_2020-EX-10.19-SUPPLY AGREEMENT.PDF.metadata",101,False
data/raw/cuad/.cache/huggingface/download/CUAD_v1/full_contract_pdf/Part_III/Supply/VERICELCORP_08_06_2019-EX-10.10-SUPPLY AGREEMENT.PDF.lock,0,False
data/raw/cuad/.cache/huggingface/download/CUAD_v1/full_contract_pdf/Part_III/Supply/VERICELCORP_08_06_2019-EX-10.10-SUPPLY AGREEMENT.PDF.metadata,98,False
data/raw/cuad/.cache/huggingface/download/CUAD_v1/full_contract_pdf/Part_III/Transportation/ENERGYXXILTD_05_08_2015-EX-10.13-Transportation AGREEMENT.PDF.lock,0,False
data/raw/cuad/.cache/huggingface/download/CUAD_v1/full_contract_pdf/Part_III/Transportation/ENERGYXXILTD_05_08_2015-EX-10.13-Transportation AGREEMENT.PDF.metadata,101,False
data/raw/cuad/.cache/huggingface/download/CUAD_v1/full_contract_pdf/Part_III/Transportation/ENTERPRISEPRODUCTSPARTNERSLP_07_08_1998-EX-10.3-TRANSPORTATION CONTRACT.PDF.lock,0,False
data/raw/cuad/.cache/huggingface/download/CUAD_v1/full_contract_pdf/Part_III/Transportation/ENTERPRISEPRODUCTSPARTNERSLP_07_08_1998-EX-10.3-TRANSPORTATION CONTRACT.PDF.metadata,101,False
data/raw/cuad/.cache/huggingface/download/CUAD_v1/full_contract_pdf/Part_III/Transportation/MARTINMIDSTREAMPARTNERSLP_01_23_2004-EX-10.3-TRANSPORTATION SERVICES AGREEMENT.PDF.lock,0,False
data/raw/cuad/.cache/huggingface/download/CUAD_v1/full_contract_pdf/Part_III/Transportation/MARTINMIDSTREAMPARTNERSLP_01_23_2004-EX-10.3-TRANSPORTATION SERVICES AGREEMENT.PDF.metadata,101,False
data/raw/cuad/.cache/huggingface/download/CUAD_v1/full_contract_txt/Part_I/ABILITYINC_06_15_2020-EX-4.25-SERVICES AGREEMENT.txt.lock,0,False
data/raw/cuad/.cache/huggingface/download/CUAD_v1/full_contract_txt/Part_I/ABILITYINC_06_15_2020-EX-4.25-SERVICES AGREEMENT.txt.metadata,101,False
data/raw/cuad/.cache/huggingface/download/CUAD_v1/full_contract_txt/Part_I/ACCURAYINC_09_01_2010-EX-10.31-DISTRIBUTOR AGREEMENT.txt.lock,0,False
data/raw/cuad/.cache/huggingface/download/CUAD_v1/full_contract_txt/Part_I/ACCURAYINC_09_01_2010-EX-10.31-DISTRIBUTOR AGREEMENT.txt.metadata,101,False
data/raw/cuad/.cache/huggingface/download/CUAD_v1/full_contract_txt/Part_I/ADAMSGOLFINC_03_21_2005-EX-10.17-ENDORSEMENT AGREEMENT.txt.lock,0,False
data/raw/cuad/.cache/huggingface/download/CUAD_v1/full_contract_txt/Part_I/ADAMSGOLFINC_03_21_2005-EX-10.17-ENDORSEMENT AGREEMENT.txt.metadata,100,False
data/raw/cuad/.cache/huggingface/download/CUAD_v1/full_contract_txt/Part_I/AIRSPANNETWORKSINC_04_11_2000-EX-10.5-Distributor Agreement.txt.lock,0,False
data/raw/cuad/.cache/huggingface/download/CUAD_v1/full_contract_txt/Part_I/AIRSPANNETWORKSINC_04_11_2000-EX-10.5-Distributor Agreement.txt.metadata,101,False
data/raw/cuad/.cache/huggingface/download/CUAD_v1/full_contract_txt/Part_I/AMBASSADOREYEWEARGROUPINC_11_17_1997-EX-10.28-ENDORSEMENT AGREEMENT.txt.lock,0,False
data/raw/cuad/.cache/huggingface/download/CUAD_v1/full_contract_txt/Part_I/AMBASSADOREYEWEARGROUPINC_11_17_1997-EX-10.28-ENDORSEMENT AGREEMENT.txt.metadata,101,False
data/raw/cuad/.cache/huggingface/download/CUAD_v1/full_contract_txt/Part_I/AMERICANPHYSICIANSCAPITALINC_03_31_2003-EX-10.26-AGENCY AGREEMENT.txt.lock,0,False
data/raw/cuad/.cache/huggingface/download/CUAD_v1/full_contract_txt/Part_I/AMERICANPHYSICIANSCAPITALINC_03_31_2003-EX-10.26-AGENCY AGREEMENT.txt.metadata,101,False
data/raw/cuad/.cache/huggingface/download/CUAD_v1/full_contract_txt/Part_I/AMERICASSHOPPINGMALLINC_12_10_1999-EX-10.2-SITE DEVELOPMENT AND HOSTING AGREEMENT.txt.lock,0,False
data/raw/cuad/.cache/huggingface/download/CUAD_v1/full_contract_txt/Part_I/AMERICASSHOPPINGMALLINC_12_10_1999-EX-10.2-SITE DEVELOPMENT AND HOSTING AGREEMENT.txt.metadata,101,False
data/raw/cuad/.cache/huggingface/download/CUAD_v1/full_contract_txt/Part_I/ANIXABIOSCIENCESINC_06_09_2020-EX-10.1-COLLABORATION AGREEMENT.txt.lock,0,False
data/raw/cuad/.cache/huggingface/download/CUAD_v1/full_contract_txt/Part_I/ANIXABIOSCIENCESINC_06_09_2020-EX-10.1-COLLABORATION AGREEMENT.txt.metadata,101,False
data/raw/cuad/.cache/huggingface/download/CUAD_v1/full_contract_txt/Part_I/ASPIRITYHOLDINGSLLC_05_07_2012-EX-10.6-OUTSOURCING AGREEMENT.txt.lock,0,False
data/raw/cuad/.cache/huggingface/download/CUAD_v1/full_contract_txt/Part_I/ASPIRITYHOLDINGSLLC_05_07_2012-EX-10.6-OUTSOURCING AGREEMENT.txt.metadata,101,False
data/raw/cuad/.cache/huggingface/download/CUAD_v1/full_contract_txt/Part_I/ATMOSENERGYCORP_11_22_2002-EX-10.17-TRANSPORTATION SERVICE AGREEMENT.txt.lock,0,False
data/raw/cuad/.cache/huggingface/download/CUAD_v1/full_contract_txt/Part_I/ATMOSENERGYCORP_11_22_2002-EX-10.17-TRANSPORTATION SERVICE AGREEMENT.txt.metadata,101,False
data/raw/cuad/.cache/huggingface/download/CUAD_v1/full_contract_txt/Part_I/AimmuneTherapeuticsInc_20200205_8-K_EX-10.3_11967170_EX-10.3_Development Agreement.txt.lock,0,False
data/raw/cuad/.cache/huggingface/download/CUAD_v1/full_contract_txt/Part_I/AimmuneTherapeuticsInc_20200205_8-K_EX-10.3_11967170_EX-10.3_Development Agreement.txt.metadata,100,False
data/raw/cuad/.cache/huggingface/download/CUAD_v1/full_contract_txt/Part_I/AlliedEsportsEntertainmentInc_20190815_8-K_EX-10.19_11788293_EX-10.19_Content License Agreement.txt.lock,0,False
data/raw/cuad/.cache/huggingface/download/CUAD_v1/full_contract_txt/Part_I/AlliedEsportsEntertainmentInc_20190815_8-K_EX-10.19_11788293_EX-10.19_Content License Agreement.txt.metadata,100,False
data/raw/cuad/.cache/huggingface/download/CUAD_v1/full_contract_txt/Part_I/AlliedEsportsEntertainmentInc_20190815_8-K_EX-10.34_11788308_EX-10.34_Sponsorship Agreement.txt.lock,0,False
data/raw/cuad/.cache/huggingface/download/CUAD_v1/full_contract_txt/Part_I/AlliedEsportsEntertainmentInc_20190815_8-K_EX-10.34_11788308_EX-10.34_Sponsorship Agreement.txt.metadata,101,False
"data/raw/cuad/.cache/huggingface/download/CUAD_v1/full_contract_txt/Part_I/Antares Pharma, Inc. - Manufacturing Agreement.txt.lock",0,False
"data/raw/cuad/.cache/huggingface/download/CUAD_v1/full_contract_txt/Part_I/Antares Pharma, Inc. - Manufacturing Agreement.txt.metadata",100,False
data/raw/cuad/.cache/huggingface/download/CUAD_v1/full_contract_txt/Part_I/ArcGroupInc_20171211_8-K_EX-10.1_10976103_EX-10.1_Sponsorship Agreement.txt.lock,0,False
data/raw/cuad/.cache/huggingface/download/CUAD_v1/full_contract_txt/Part_I/ArcGroupInc_20171211_8-K_EX-10.1_10976103_EX-10.1_Sponsorship Agreement.txt.metadata,101,False
data/raw/cuad/.cache/huggingface/download/CUAD_v1/full_contract_txt/Part_I/ArconicRolledProductsCorp_20191217_10-12B_EX-2.7_11923804_EX-2.7_Trademark License Agreement.txt.lock,0,False
data/raw/cuad/.cache/huggingface/download/CUAD_v1/full_contract_txt/Part_I/ArconicRolledProductsCorp_20191217_10-12B_EX-2.7_11923804_EX-2.7_Trademark License Agreement.txt.metadata,101,False
data/raw/cuad/.cache/huggingface/download/CUAD_v1/full_contract_txt/Part_I/AtnInternationalInc_20191108_10-Q_EX-10.1_11878541_EX-10.1_Maintenance Agreement.txt.lock,0,False
data/raw/cuad/.cache/huggingface/download/CUAD_v1/full_contract_txt/Part_I/AtnInternationalInc_20191108_10-Q_EX-10.1_11878541_EX-10.1_Maintenance Agreement.txt.metadata,100,False
data/raw/cuad/.cache/huggingface/download/CUAD_v1/full_contract_txt/Part_I/AzulSa_20170303_F-1A_EX-10.3_9943903_EX-10.3_Maintenance Agreement1.txt.lock,0,False
data/raw/cuad/.cache/huggingface/download/CUAD_v1/full_contract_txt/Part_I/AzulSa_20170303_F-1A_EX-10.3_9943903_EX-10.3_Maintenance Agreement1.txt.metadata,101,False
data/raw/cuad/.cache/huggingface/download/CUAD_v1/full_contract_txt/Part_I/AzulSa_20170303_F-1A_EX-10.3_9943903_EX-10.3_Maintenance Agreement2.txt.lock,0,False
data/raw/cuad/.cache/huggingface/download/CUAD_v1/full_contract_txt/Part_I/AzulSa_20170303_F-1A_EX-10.3_9943903_EX-10.3_Maintenance Agreement2.txt.metadata,101,False
"data/raw/cuad/.cache/huggingface/download/CUAD_v1/full_contract_txt/Part_I/BABCOCK_WILCOXENTERPRISES,INC_08_04_2015-EX-10.17-INTELLECTUAL PROPERTY AGREEMENT between THE BABCOCK _ WILCOX COMPANY and BABCOCK _ WILCOX ENTERPRISES, INC..txt.lock",0,False
"data/raw/cuad/.cache/huggingface/download/CUAD_v1/full_contract_txt/Part_I/BABCOCK_WILCOXENTERPRISES,INC_08_04_2015-EX-10.17-INTELLECTUAL PROPERTY AGREEMENT between THE BABCOCK _ WILCOX COMPANY and BABCOCK _ WILCOX ENTERPRISES, INC..txt.metadata",101,False
data/raw/cuad/.cache/huggingface/download/CUAD_v1/full_contract_txt/Part_I/BANGIINC_05_25_2005-EX-10-Premium Managed Hosting Agreement.txt.lock,0,False
data/raw/cuad/.cache/huggingface/download/CUAD_v1/full_contract_txt/Part_I/BANGIINC_05_25_2005-EX-10-Premium Managed Hosting Agreement.txt.metadata,101,False
"data/raw/cuad/.cache/huggingface/download/CUAD_v1/full_contract_txt/Part_I/BELLICUMPHARMACEUTICALS,INC_05_07_2019-EX-10.1-Supply Agreement.txt.lock",0,False
"data/raw/cuad/.cache/huggingface/download/CUAD_v1/full_contract_txt/Part_I/BELLICUMPHARMACEUTICALS,INC_05_07_2019-EX-10.1-Supply Agreement.txt.metadata",101,False
"data/raw/cuad/.cache/huggingface/download/CUAD_v1/full_contract_txt/Part_I/BELLRINGBRANDS,INC_02_07_2020-EX-10.18-MASTER SUPPLY AGREEMENT.txt.lock",0,False
"data/raw/cuad/.cache/huggingface/download/CUAD_v1/full_contract_txt/Part_I/BELLRINGBRANDS,INC_02_07_2020-EX-10.18-MASTER SUPPLY AGREEMENT.txt.metadata",101,False
data/raw/cuad/.cache/huggingface/download/CUAD_v1/full_contract_txt/Part_I/BICYCLETHERAPEUTICSPLC_03_10_2020-EX-10.11-SERVICE AGREEMENT.txt.lock,0,False
data/raw/cuad/.cache/huggingface/download/CUAD_v1/full_contract_txt/Part_I/BICYCLETHERAPEUTICSPLC_03_10_2020-EX-10.11-SERVICE AGREEMENT.txt.metadata,101,False
data/raw/cuad/.cache/huggingface/download/CUAD_v1/full_contract_txt/Part_I/BIOCEPTINC_08_19_2013-EX-10-COLLABORATION AGREEMENT.txt.lock,0,False
data/raw/cuad/.cache/huggingface/download/CUAD_v1/full_contract_txt/Part_I/BIOCEPTINC_08_19_2013-EX-10-COLLABORATION AGREEMENT.txt.metadata,101,False
data/raw/cuad/.cache/huggingface/download/CUAD_v1/full_contract_txt/Part_I/BNCMORTGAGEINC_05_17_1999-EX-10.4-LICENSING AND WEB SITE HOSTING AGREEMENT.txt.lock,0,False
data/raw/cuad/.cache/huggingface/download/CUAD_v1/full_contract_txt/Part_I/BNCMORTGAGEINC_05_17_1999-EX-10.4-LICENSING AND WEB SITE HOSTING AGREEMENT.txt.metadata,100,False
data/raw/cuad/.cache/huggingface/download/CUAD_v1/full_contract_txt/Part_I/BONTONSTORESINC_04_20_2018-EX-99.3-AGENCY AGREEMENT.txt.lock,0,False
data/raw/cuad/.cache/huggingface/download/CUAD_v1/full_contract_txt/Part_I/BONTONSTORESINC_04_20_2018-EX-99.3-AGENCY AGREEMENT.txt.metadata,101,False
"data/raw/cuad/.cache/huggingface/download/CUAD_v1/full_contract_txt/Part_I/BORROWMONEYCOM,INC_06_11_2020-EX-10.1-JOINT VENTURE AGREEMENT.txt.lock",0,False
"data/raw/cuad/.cache/huggingface/download/CUAD_v1/full_contract_txt/Part_I/BORROWMONEYCOM,INC_06_11_2020-EX-10.1-JOINT VENTURE AGREEMENT.txt.metadata",101,False
data/raw/cuad/.cache/huggingface/download/CUAD_v1/full_contract_txt/Part_I/CENTRACKINTERNATIONALINC_10_29_1999-EX-10.3-WEB SITE HOSTING AGREEMENT.txt.lock,0,False
data/raw/cuad/.cache/huggingface/download/CUAD_v1/full_contract_txt/Part_I/CENTRACKINTERNATIONALINC_10_29_1999-EX-10.3-WEB SITE HOSTING AGREEMENT.txt.metadata,101,False
"data/raw/cuad/.cache/huggingface/download/CUAD_v1/full_contract_txt/Part_I/CERES,INC_01_25_2012-EX-10.20-Collaboration Agreement.txt.lock",0,False
"data/raw/cuad/.cache/huggingface/download/CUAD_v1/full_contract_txt/Part_I/CERES,INC_01_25_2012-EX-10.20-Collaboration Agreement.txt.metadata",101,False
data/raw/cuad/.cache/huggingface/download/CUAD_v1/full_contract_txt/Part_I/CHERRYHILLMORTGAGEINVESTMENTCORP_09_26_2013-EX-10.1-Strategic Alliance Agreement.txt.lock,0,False
data/raw/cuad/.cache/huggingface/download/CUAD_v1/full_contract_txt/Part_I/CHERRYHILLMORTGAGEINVESTMENTCORP_09_26_2013-EX-10.1-Strategic Alliance Agreement.txt.metadata,99,False
data/raw/cuad/.cache/huggingface/download/CUAD_v1/full_contract_txt/Part_I/CHIPMOSTECHNOLOGIESBERMUDALTD_04_18_2016-EX-4.72-Strategic Alliance Agreement.txt.lock,0,False
data/raw/cuad/.cache/huggingface/download/CUAD_v1/full_contract_txt/Part_I/CHIPMOSTECHNOLOGIESBERMUDALTD_04_18_2016-EX-4.72-Strategic Alliance Agreement.txt.metadata,101,False
data/raw/cuad/.cache/huggingface/download/CUAD_v1/full_contract_txt/Part_I/CORIOINC_07_20_2000-EX-10.5-LICENSE AND HOSTING AGREEMENT.txt.lock,0,False
data/raw/cuad/.cache/huggingface/download/CUAD_v1/full_contract_txt/Part_I/CORIOINC_07_20_2000-EX-10.5-LICENSE AND HOSTING AGREEMENT.txt.metadata,101,False
data/raw/cuad/.cache/huggingface/download/CUAD_v1/full_contract_txt/Part_I/CUROGROUPHOLDINGSCORP_05_04_2020-EX-10.3-SERVICING AGREEMENT.txt.lock,0,False
data/raw/cuad/.cache/huggingface/download/CUAD_v1/full_contract_txt/Part_I/CUROGROUPHOLDINGSCORP_05_04_2020-EX-10.3-SERVICING AGREEMENT.txt.metadata,101,False
data/raw/cuad/.cache/huggingface/download/CUAD_v1/full_contract_txt/Part_I/CYBERIANOUTPOSTINC_07_09_1998-EX-10.13-PROMOTION AGREEMENT.txt.lock,0,False
data/raw/cuad/.cache/huggingface/download/CUAD_v1/full_contract_txt/Part_I/CYBERIANOUTPOSTINC_07_09_1998-EX-10.13-PROMOTION AGREEMENT.txt.metadata,101,False
data/raw/cuad/.cache/huggingface/download/CUAD_v1/full_contract_txt/Part_I/CardlyticsInc_20180112_S-1_EX-10.16_11002987_EX-10.16_Maintenance Agreement1.txt.lock,0,False
data/raw/cuad/.cache/huggingface/download/CUAD_v1/full_contract_txt/Part_I/CardlyticsInc_20180112_S-1_EX-10.16_11002987_EX-10.16_Maintenance Agreement1.txt.metadata,101,False
data/raw/cuad/.cache/huggingface/download/CUAD_v1/full_contract_txt/Part_I/CardlyticsInc_20180112_S-1_EX-10.16_11002987_EX-10.16_Maintenance Agreement2.txt.lock,0,False
data/raw/cuad/.cache/huggingface/download/CUAD_v1/full_contract_txt/Part_I/CardlyticsInc_20180112_S-1_EX-10.16_11002987_EX-10.16_Maintenance Agreement2.txt.metadata,100,False
data/raw/cuad/.cache/huggingface/download/CUAD_v1/full_contract_txt/Part_I/CardlyticsInc_20180112_S-1_EX-10.16_11002987_EX-10.16_Maintenance Agreement3.txt.lock,0,False
data/raw/cuad/.cache/huggingface/download/CUAD_v1/full_contract_txt/Part_I/CardlyticsInc_20180112_S-1_EX-10.16_11002987_EX-10.16_Maintenance Agreement3.txt.metadata,101,False
data/raw/cuad/.cache/huggingface/download/CUAD_v1/full_contract_txt/Part_I/CardlyticsInc_20180112_S-1_EX-10.16_11002987_EX-10.16_Maintenance Agreement4.txt.lock,0,False
data/raw/cuad/.cache/huggingface/download/CUAD_v1/full_contract_txt/Part_I/CardlyticsInc_20180112_S-1_EX-10.16_11002987_EX-10.16_Maintenance Agreement4.txt.metadata,101,False
data/raw/cuad/.cache/huggingface/download/CUAD_v1/full_contract_txt/Part_I/CerenceInc_20191002_8-K_EX-10.4_11827494_EX-10.4_Intellectual Property Agreement.txt.lock,0,False
data/raw/cuad/.cache/huggingface/download/CUAD_v1/full_contract_txt/Part_I/CerenceInc_20191002_8-K_EX-10.4_11827494_EX-10.4_Intellectual Property Agreement.txt.metadata,101,False
data/raw/cuad/.cache/huggingface/download/CUAD_v1/full_contract_txt/Part_I/ChinaRealEstateInformationCorp_20090929_F-1_EX-10.32_4771615_EX-10.32_Content License Agreement.txt.lock,0,False
data/raw/cuad/.cache/huggingface/download/CUAD_v1/full_contract_txt/Part_I/ChinaRealEstateInformationCorp_20090929_F-1_EX-10.32_4771615_EX-10.32_Content License Agreement.txt.metadata,100,False
"data/raw/cuad/.cache/huggingface/download/CUAD_v1/full_contract_txt/Part_I/Columbia Laboratories, (Bermuda) Ltd. - AMEND NO. 2 TO MANUFACTURING AND SUPPLY AGREEMENT.txt.lock",0,False
"data/raw/cuad/.cache/huggingface/download/CUAD_v1/full_contract_txt/Part_I/Columbia Laboratories, (Bermuda) Ltd. - AMEND NO. 2 TO MANUFACTURING AND SUPPLY AGREEMENT.txt.metadata",101,False
data/raw/cuad/.cache/huggingface/download/CUAD_v1/full_contract_txt/Part_I/ConformisInc_20191101_10-Q_EX-10.6_11861402_EX-10.6_Development Agreement.txt.lock,0,False
data/raw/cuad/.cache/huggingface/download/CUAD_v1/full_contract_txt/Part_I/ConformisInc_20191101_10-Q_EX-10.6_11861402_EX-10.6_Development Agreement.txt.metadata,101,False
data/raw/cuad/.cache/huggingface/download/CUAD_v1/full_contract_txt/Part_I/CreditcardscomInc_20070810_S-1_EX-10.33_362297_EX-10.33_Affiliate Agreement.txt.lock,0,False
data/raw/cuad/.cache/huggingface/download/CUAD_v1/full_contract_txt/Part_I/CreditcardscomInc_20070810_S-1_EX-10.33_362297_EX-10.33_Affiliate Agreement.txt.metadata,101,False
data/raw/cuad/.cache/huggingface/download/CUAD_v1/full_contract_txt/Part_I/CytodynInc_20200109_10-Q_EX-10.5_11941634_EX-10.5_License Agreement.txt.lock,0,False
data/raw/cuad/.cache/huggingface/download/CUAD_v1/full_contract_txt/Part_I/CytodynInc_20200109_10-Q_EX-10.5_11941634_EX-10.5_License Agreement.txt.metadata,101,False
data/raw/cuad/.cache/huggingface/download/CUAD_v1/full_contract_txt/Part_I/DOMINIADVISORTRUST_02_18_2005-EX-99.(H)(2)-SPONSORSHIP AGREEMENT.txt.lock,0,False
data/raw/cuad/.cache/huggingface/download/CUAD_v1/full_contract_txt/Part_I/DOMINIADVISORTRUST_02_18_2005-EX-99.(H)(2)-SPONSORSHIP AGREEMENT.txt.metadata,101,False
data/raw/cuad/.cache/huggingface/download/CUAD_v1/full_contract_txt/Part_I/DRAGONSYSTEMSINC_01_08_1999-EX-10.17-OUTSOURCING AGREEMENT.txt.lock,0,False
data/raw/cuad/.cache/huggingface/download/CUAD_v1/full_contract_txt/Part_I/DRAGONSYSTEMSINC_01_08_1999-EX-10.17-OUTSOURCING AGREEMENT.txt.metadata,101,False
data/raw/cuad/.cache/huggingface/download/CUAD_v1/full_contract_txt/Part_I/DataCallTechnologies_20060918_SB-2A_EX-10.9_944510_EX-10.9_Content License Agreement.txt.lock,0,False
data/raw/cuad/.cache/huggingface/download/CUAD_v1/full_contract_txt/Part_I/DataCallTechnologies_20060918_SB-2A_EX-10.9_944510_EX-10.9_Content License Agreement.txt.metadata,100,False
data/raw/cuad/.cache/huggingface/download/CUAD_v1/full_contract_txt/Part_I/DigitalCinemaDestinationsCorp_20111220_S-1_EX-10.10_7346719_EX-10.10_Affiliate Agreement.txt.lock,0,False
data/raw/cuad/.cache/huggingface/download/CUAD_v1/full_contract_txt/Part_I/DigitalCinemaDestinationsCorp_20111220_S-1_EX-10.10_7346719_EX-10.10_Affiliate Agreement.txt.metadata,100,False
data/raw/cuad/.cache/huggingface/download/CUAD_v1/full_contract_txt/Part_I/DovaPharmaceuticalsInc_20181108_10-Q_EX-10.2_11414857_EX-10.2_Promotion Agreement.txt.lock,0,False
data/raw/cuad/.cache/huggingface/download/CUAD_v1/full_contract_txt/Part_I/DovaPharmaceuticalsInc_20181108_10-Q_EX-10.2_11414857_EX-10.2_Promotion Agreement.txt.metadata,101,False
data/raw/cuad/.cache/huggingface/download/CUAD_v1/full_contract_txt/Part_I/ELANDIAINTERNATIONALINC_04_25_2007-EX-10.21-Outsourcing Agreement.txt.lock,0,False
data/raw/cuad/.cache/huggingface/download/CUAD_v1/full_contract_txt/Part_I/ELANDIAINTERNATIONALINC_04_25_2007-EX-10.21-Outsourcing Agreement.txt.metadata,101,False
data/raw/cuad/.cache/huggingface/download/CUAD_v1/full_contract_txt/Part_I/ELECTRAMECCANICA VEHICLES CORP. - Manufacturing Agreement.txt.lock,0,False
data/raw/cuad/.cache/huggingface/download/CUAD_v1/full_contract_txt/Part_I/ELECTRAMECCANICA VEHICLES CORP. - Manufacturing Agreement.txt.metadata,101,False
"data/raw/cuad/.cache/huggingface/download/CUAD_v1/full_contract_txt/Part_I/ELFBEAUTY,INC_07_02_2020-EX-10.1-COOPERATION AGREEMENT.txt.lock",0,False
"data/raw/cuad/.cache/huggingface/download/CUAD_v1/full_contract_txt/Part_I/ELFBEAUTY,INC_07_02_2020-EX-10.1-COOPERATION AGREEMENT.txt.metadata",101,False
data/raw/cuad/.cache/huggingface/download/CUAD_v1/full_contract_txt/Part_I/ENERGOUSCORP_03_16_2017-EX-10.24-STRATEGIC ALLIANCE AGREEMENT.txt.lock,0,False
data/raw/cuad/.cache/huggingface/download/CUAD_v1/full_contract_txt/Part_I/ENERGOUSCORP_03_16_2017-EX-10.24-STRATEGIC ALLIANCE AGREEMENT.txt.metadata,100,False
data/raw/cuad/.cache/huggingface/download/CUAD_v1/full_contract_txt/Part_I/ENERGYXXILTD_05_08_2015-EX-10.13-Transportation AGREEMENT.txt.lock,0,False
data/raw/cuad/.cache/huggingface/download/CUAD_v1/full_contract_txt/Part_I/ENERGYXXILTD_05_08_2015-EX-10.13-Transportation AGREEMENT.txt.metadata,101,False
data/raw/cuad/.cache/huggingface/download/CUAD_v1/full_contract_txt/Part_I/ENTERTAINMENTGAMINGASIAINC_02_15_2005-EX-10.5-DISTRIBUTOR AGREEMENT.txt.lock,0,False
data/raw/cuad/.cache/huggingface/download/CUAD_v1/full_contract_txt/Part_I/ENTERTAINMENTGAMINGASIAINC_02_15_2005-EX-10.5-DISTRIBUTOR AGREEMENT.txt.metadata,101,False
data/raw/cuad/.cache/huggingface/download/CUAD_v1/full_contract_txt/Part_I/EcoScienceSolutionsInc_20171117_8-K_EX-10.1_10956472_EX-10.1_Endorsement Agreement.txt.lock,0,False
data/raw/cuad/.cache/huggingface/download/CUAD_v1/full_contract_txt/Part_I/EcoScienceSolutionsInc_20171117_8-K_EX-10.1_10956472_EX-10.1_Endorsement Agreement.txt.metadata,101,False
data/raw/cuad/.cache/huggingface/download/CUAD_v1/full_contract_txt/Part_I/EdietsComInc_20001030_10QSB_EX-10.4_2606646_EX-10.4_Co-Branding Agreement.txt.lock,0,False
data/raw/cuad/.cache/huggingface/download/CUAD_v1/full_contract_txt/Part_I/EdietsComInc_20001030_10QSB_EX-10.4_2606646_EX-10.4_Co-Branding Agreement.txt.metadata,101,False
data/raw/cuad/.cache/huggingface/download/CUAD_v1/full_contract_txt/Part_I/EmmisCommunicationsCorp_20191125_8-K_EX-10.6_11906433_EX-10.6_Marketing Agreement.txt.lock,0,False
data/raw/cuad/.cache/huggingface/download/CUAD_v1/full_contract_txt/Part_I/EmmisCommunicationsCorp_20191125_8-K_EX-10.6_11906433_EX-10.6_Marketing Agreement.txt.metadata,101,False
data/raw/cuad/.cache/huggingface/download/CUAD_v1/full_contract_txt/Part_I/EtonPharmaceuticalsInc_20191114_10-Q_EX-10.1_11893941_EX-10.1_Development Agreement.txt.lock,0,False
data/raw/cuad/.cache/huggingface/download/CUAD_v1/full_contract_txt/Part_I/EtonPharmaceuticalsInc_20191114_10-Q_EX-10.1_11893941_EX-10.1_Development Agreement.txt.metadata,101,False
data/raw/cuad/.cache/huggingface/download/CUAD_v1/full_contract_txt/Part_I/EuromediaHoldingsCorp_20070215_10SB12G_EX-10.B(01)_525118_EX-10.B(01)_Content License Agreement.txt.lock,0,False
data/raw/cuad/.cache/huggingface/download/CUAD_v1/full_contract_txt/Part_I/EuromediaHoldingsCorp_20070215_10SB12G_EX-10.B(01)_525118_EX-10.B(01)_Content License Agreement.txt.metadata,101,False
data/raw/cuad/.cache/huggingface/download/CUAD_v1/full_contract_txt/Part_I/FEDERATEDGOVERNMENTINCOMESECURITIESINC_04_28_2020-EX-99.SERV AGREE-SERVICES AGREEMENT.txt.lock,0,False
data/raw/cuad/.cache/huggingface/download/CUAD_v1/full_contract_txt/Part_I/FEDERATEDGOVERNMENTINCOMESECURITIESINC_04_28_2020-EX-99.SERV AGREE-SERVICES AGREEMENT.txt.metadata,101,False
data/raw/cuad/.cache/huggingface/download/CUAD_v1/full_contract_txt/Part_I/FEDERATEDGOVERNMENTINCOMESECURITIESINC_04_28_2020-EX-99.SERV AGREE-SERVICES AGREEMENT_SECONDAMENDMENT.txt.lock,0,False
data/raw/cuad/.cache/huggingface/download/CUAD_v1/full_contract_txt/Part_I/FEDERATEDGOVERNMENTINCOMESECURITIESINC_04_28_2020-EX-99.SERV AGREE-SERVICES AGREEMENT_SECONDAMENDMENT.txt.metadata,100,False
"data/raw/cuad/.cache/huggingface/download/CUAD_v1/full_contract_txt/Part_I/FTENETWORKS,INC_02_18_2016-EX-99.4-STRATEGIC ALLIANCE AGREEMENT.txt.lock",0,False
"data/raw/cuad/.cache/huggingface/download/CUAD_v1/full_contract_txt/Part_I/FTENETWORKS,INC_02_18_2016-EX-99.4-STRATEGIC ALLIANCE AGREEMENT.txt.metadata",101,False
data/raw/cuad/.cache/huggingface/download/CUAD_v1/full_contract_txt/Part_I/FUSIONPHARMACEUTICALSINC_06_05_2020-EX-10.17-Supply Agreement - FUSION.txt.lock,0,False
data/raw/cuad/.cache/huggingface/download/CUAD_v1/full_contract_txt/Part_I/FUSIONPHARMACEUTICALSINC_06_05_2020-EX-10.17-Supply Agreement - FUSION.txt.metadata,101,False
data/raw/cuad/.cache/huggingface/download/CUAD_v1/full_contract_txt/Part_I/FerroglobePlc_20150624_F-4A_EX-10.20_9154746_EX-10.20_Outsourcing Agreement.txt.lock,0,False
data/raw/cuad/.cache/huggingface/download/CUAD_v1/full_contract_txt/Part_I/FerroglobePlc_20150624_F-4A_EX-10.20_9154746_EX-10.20_Outsourcing Agreement.txt.metadata,101,False
data/raw/cuad/.cache/huggingface/download/CUAD_v1/full_contract_txt/Part_I/Freecook_20180605_S-1_EX-10.3_11233807_EX-10.3_Hosting Agreement.txt.lock,0,False
data/raw/cuad/.cache/huggingface/download/CUAD_v1/full_contract_txt/Part_I/Freecook_20180605_S-1_EX-10.3_11233807_EX-10.3_Hosting Agreement.txt.metadata,100,False
data/raw/cuad/.cache/huggingface/download/CUAD_v1/full_contract_txt/Part_I/FreezeTagInc_20180411_8-K_EX-10.1_11139603_EX-10.1_Sponsorship Agreement.txt.lock,0,False
data/raw/cuad/.cache/huggingface/download/CUAD_v1/full_contract_txt/Part_I/FreezeTagInc_20180411_8-K_EX-10.1_11139603_EX-10.1_Sponsorship Agreement.txt.metadata,101,False
data/raw/cuad/.cache/huggingface/download/CUAD_v1/full_contract_txt/Part_I/FuseMedicalInc_20190321_10-K_EX-10.43_11575454_EX-10.43_Distributor Agreement.txt.lock,0,False
data/raw/cuad/.cache/huggingface/download/CUAD_v1/full_contract_txt/Part_I/FuseMedicalInc_20190321_10-K_EX-10.43_11575454_EX-10.43_Distributor Agreement.txt.metadata,101,False
data/raw/cuad/.cache/huggingface/download/CUAD_v1/full_contract_txt/Part_I/GALACTICOMMTECHNOLOGIESINC_11_07_1997-EX-10.46-WEB HOSTING AGREEMENT.txt.lock,0,False
data/raw/cuad/.cache/huggingface/download/CUAD_v1/full_contract_txt/Part_I/GALACTICOMMTECHNOLOGIESINC_11_07_1997-EX-10.46-WEB HOSTING AGREEMENT.txt.metadata,101,False
data/raw/cuad/.cache/huggingface/download/CUAD_v1/full_contract_txt/Part_I/GLOBALTECHNOLOGIESLTD_06_08_2020-EX-10.16-CONSULTING AGREEMENT.txt.lock,0,False
data/raw/cuad/.cache/huggingface/download/CUAD_v1/full_contract_txt/Part_I/GLOBALTECHNOLOGIESLTD_06_08_2020-EX-10.16-CONSULTING AGREEMENT.txt.metadata,101,False
data/raw/cuad/.cache/huggingface/download/CUAD_v1/full_contract_txt/Part_I/GRANTIERRAENERGYINC_05_07_2012-EX-10.6-TRANSPORTATION CONTRACT.txt.lock,0,False
data/raw/cuad/.cache/huggingface/download/CUAD_v1/full_contract_txt/Part_I/GRANTIERRAENERGYINC_05_07_2012-EX-10.6-TRANSPORTATION CONTRACT.txt.metadata,101,False
"data/raw/cuad/.cache/huggingface/download/CUAD_v1/full_contract_txt/Part_I/GRIDIRONBIONUTRIENTS,INC_02_05_2020-EX-10.3-SUPPLY AGREEMENT.txt.lock",0,False
"data/raw/cuad/.cache/huggingface/download/CUAD_v1/full_contract_txt/Part_I/GRIDIRONBIONUTRIENTS,INC_02_05_2020-EX-10.3-SUPPLY AGREEMENT.txt.metadata",101,False
data/raw/cuad/.cache/huggingface/download/CUAD_v1/full_contract_txt/Part_I/GSVINC_05_15_1998-EX-10-SPONSORSHIP AGREEMENT.txt.lock,0,False
data/raw/cuad/.cache/huggingface/download/CUAD_v1/full_contract_txt/Part_I/GSVINC_05_15_1998-EX-10-SPONSORSHIP AGREEMENT.txt.metadata,101,False
data/raw/cuad/.cache/huggingface/download/CUAD_v1/full_contract_txt/Part_I/GULFSOUTHMEDICALSUPPLYINC_12_24_1997-EX-4-AFFILIATE AGREEMENT.txt.lock,0,False
data/raw/cuad/.cache/huggingface/download/CUAD_v1/full_contract_txt/Part_I/GULFSOUTHMEDICALSUPPLYINC_12_24_1997-EX-4-AFFILIATE AGREEMENT.txt.metadata,101,False
data/raw/cuad/.cache/huggingface/download/CUAD_v1/full_contract_txt/Part_I/GopageCorp_20140221_10-K_EX-10.1_8432966_EX-10.1_Content License Agreement.txt.lock,0,False
data/raw/cuad/.cache/huggingface/download/CUAD_v1/full_contract_txt/Part_I/GopageCorp_20140221_10-K_EX-10.1_8432966_EX-10.1_Content License Agreement.txt.metadata,101,False
data/raw/cuad/.cache/huggingface/download/CUAD_v1/full_contract_txt/Part_I/GpaqAcquisitionHoldingsInc_20200123_S-4A_EX-10.6_11951677_EX-10.6_License Agreement.txt.lock,0,False
data/raw/cuad/.cache/huggingface/download/CUAD_v1/full_contract_txt/Part_I/GpaqAcquisitionHoldingsInc_20200123_S-4A_EX-10.6_11951677_EX-10.6_License Agreement.txt.metadata,100,False
data/raw/cuad/.cache/huggingface/download/CUAD_v1/full_contract_txt/Part_I/GridironBionutrientsInc_20171206_8-K_EX-10.2_10972556_EX-10.2_Endorsement Agreement.txt.lock,0,False
data/raw/cuad/.cache/huggingface/download/CUAD_v1/full_contract_txt/Part_I/GridironBionutrientsInc_20171206_8-K_EX-10.2_10972556_EX-10.2_Endorsement Agreement.txt.metadata,101,False
data/raw/cuad/.cache/huggingface/download/CUAD_v1/full_contract_txt/Part_I/HEALTHGATEDATACORP_11_24_1999-EX-10.1-HOSTING AND MANAGEMENT AGREEMENT (1).txt.lock,0,False
data/raw/cuad/.cache/huggingface/download/CUAD_v1/full_contract_txt/Part_I/HEALTHGATEDATACORP_11_24_1999-EX-10.1-HOSTING AND MANAGEMENT AGREEMENT (1).txt.metadata,100,False
"data/raw/cuad/.cache/huggingface/download/CUAD_v1/full_contract_txt/Part_I/HEMISPHERX - Sales, Marketing, Distribution, and Supply Agreement.txt.lock",0,False
"data/raw/cuad/.cache/huggingface/download/CUAD_v1/full_contract_txt/Part_I/HEMISPHERX - Sales, Marketing, Distribution, and Supply Agreement.txt.metadata",101,False
"data/raw/cuad/.cache/huggingface/download/CUAD_v1/full_contract_txt/Part_I/HERTZGLOBALHOLDINGS,INC_07_07_2016-EX-10.4-INTELLECTUAL PROPERTY AGREEMENT.txt.lock",0,False
"data/raw/cuad/.cache/huggingface/download/CUAD_v1/full_contract_txt/Part_I/HERTZGLOBALHOLDINGS,INC_07_07_2016-EX-10.4-INTELLECTUAL PROPERTY AGREEMENT.txt.metadata",101,False
data/raw/cuad/.cache/huggingface/download/CUAD_v1/full_contract_txt/Part_I/HUBEIMINKANGPHARMACEUTICALLTD_09_19_2006-EX-10.1-OUTSOURCING AGREEMENT.txt.lock,0,False
data/raw/cuad/.cache/huggingface/download/CUAD_v1/full_contract_txt/Part_I/HUBEIMINKANGPHARMACEUTICALLTD_09_19_2006-EX-10.1-OUTSOURCING AGREEMENT.txt.metadata,101,False
data/raw/cuad/.cache/huggingface/download/CUAD_v1/full_contract_txt/Part_I/HarpoonTherapeuticsInc_20200312_10-K_EX-10.18_12051356_EX-10.18_Development Agreement.txt.lock,0,False
data/raw/cuad/.cache/huggingface/download/CUAD_v1/full_contract_txt/Part_I/HarpoonTherapeuticsInc_20200312_10-K_EX-10.18_12051356_EX-10.18_Development Agreement.txt.metadata,100,False
data/raw/cuad/.cache/huggingface/download/CUAD_v1/full_contract_txt/Part_I/HealthcareIntegratedTechnologiesInc_20190812_8-K_EX-10.1_11776966_EX-10.1_Reseller Agreement.txt.lock,0,False
data/raw/cuad/.cache/huggingface/download/CUAD_v1/full_contract_txt/Part_I/HealthcareIntegratedTechnologiesInc_20190812_8-K_EX-10.1_11776966_EX-10.1_Reseller Agreement.txt.metadata,101,False
data/raw/cuad/.cache/huggingface/download/CUAD_v1/full_contract_txt/Part_I/IGENEBIOTECHNOLOGYINC_05_13_2003-EX-1-JOINT VENTURE AGREEMENT.txt.lock,0,False
data/raw/cuad/.cache/huggingface/download/CUAD_v1/full_contract_txt/Part_I/IGENEBIOTECHNOLOGYINC_05_13_2003-EX-1-JOINT VENTURE AGREEMENT.txt.metadata,101,False
data/raw/cuad/.cache/huggingface/download/CUAD_v1/full_contract_txt/Part_I/INKTOMICORP_06_08_1998-EX-10.14-SOFTWARE HOSTING AGREEMENT.txt.lock,0,False
data/raw/cuad/.cache/huggingface/download/CUAD_v1/full_contract_txt/Part_I/INKTOMICORP_06_08_1998-EX-10.14-SOFTWARE HOSTING AGREEMENT.txt.metadata,101,False
"data/raw/cuad/.cache/huggingface/download/CUAD_v1/full_contract_txt/Part_I/INTELLIGENTHIGHWAYSOLUTIONS,INC_01_18_2018-EX-10.1-Strategic Alliance Agreement.txt.lock",0,False
"data/raw/cuad/.cache/huggingface/download/CUAD_v1/full_contract_txt/Part_I/INTELLIGENTHIGHWAYSOLUTIONS,INC_01_18_2018-EX-10.1-Strategic Alliance Agreement.txt.metadata",101,False
data/raw/cuad/.cache/huggingface/download/CUAD_v1/full_contract_txt/Part_I/INTERNATIONALFASTFOODCORP_04_04_1997-EX-99-FRANCHISE AGREEMENT.txt.lock,0,False
data/raw/cuad/.cache/huggingface/download/CUAD_v1/full_contract_txt/Part_I/INTERNATIONALFASTFOODCORP_04_04_1997-EX-99-FRANCHISE AGREEMENT.txt.metadata,100,False
"data/raw/cuad/.cache/huggingface/download/CUAD_v1/full_contract_txt/Part_I/INTERSECTENT,INC_05_11_2020-EX-10.1-SUPPLY AGREEMENT.txt.lock",0,False
"data/raw/cuad/.cache/huggingface/download/CUAD_v1/full_contract_txt/Part_I/INTERSECTENT,INC_05_11_2020-EX-10.1-SUPPLY AGREEMENT.txt.metadata",101,False
data/raw/cuad/.cache/huggingface/download/CUAD_v1/full_contract_txt/Part_I/INTRICONCORP_03_10_2009-EX-10.22-Strategic Alliance Agreement.txt.lock,0,False
data/raw/cuad/.cache/huggingface/download/CUAD_v1/full_contract_txt/Part_I/INTRICONCORP_03_10_2009-EX-10.22-Strategic Alliance Agreement.txt.metadata,101,False
data/raw/cuad/.cache/huggingface/download/CUAD_v1/full_contract_txt/Part_I/ImperialGardenResortInc_20161028_DRS (on F-1)_EX-10.13_9963189_EX-10.13_Outsourcing Agreement.txt.lock,0,False
data/raw/cuad/.cache/huggingface/download/CUAD_v1/full_contract_txt/Part_I/ImperialGardenResortInc_20161028_DRS (on F-1)_EX-10.13_9963189_EX-10.13_Outsourcing Agreement.txt.metadata,101,False
data/raw/cuad/.cache/huggingface/download/CUAD_v1/full_contract_txt/Part_I/ImpresseCorp_20000322_S-1A_EX-10.11_5199234_EX-10.11_Co-Branding Agreement.txt.lock,0,False
data/raw/cuad/.cache/huggingface/download/CUAD_v1/full_contract_txt/Part_I/ImpresseCorp_20000322_S-1A_EX-10.11_5199234_EX-10.11_Co-Branding Agreement.txt.metadata,101,False
data/raw/cuad/.cache/huggingface/download/CUAD_v1/full_contract_txt/Part_I/InmodeLtd_20190729_F-1A_EX-10.9_11743243_EX-10.9_Manufacturing Agreement.txt.lock,0,False
data/raw/cuad/.cache/huggingface/download/CUAD_v1/full_contract_txt/Part_I/InmodeLtd_20190729_F-1A_EX-10.9_11743243_EX-10.9_Manufacturing Agreement.txt.metadata,101,False
data/raw/cuad/.cache/huggingface/download/CUAD_v1/full_contract_txt/Part_I/IntegrityFunds_20200121_485BPOS_EX-99.E UNDR CONTR_11948727_EX-99.E UNDR CONTR_Service Agreement.txt.lock,0,False
data/raw/cuad/.cache/huggingface/download/CUAD_v1/full_contract_txt/Part_I/IntegrityFunds_20200121_485BPOS_EX-99.E UNDR CONTR_11948727_EX-99.E UNDR CONTR_Service Agreement.txt.metadata,100,False
data/raw/cuad/.cache/huggingface/download/CUAD_v1/full_contract_txt/Part_I/JINGWEIINTERNATIONALLTD_10_04_2007-EX-10.7-INTELLECTUAL PROPERTY AGREEMENT.txt.lock,0,False
data/raw/cuad/.cache/huggingface/download/CUAD_v1/full_contract_txt/Part_I/JINGWEIINTERNATIONALLTD_10_04_2007-EX-10.7-INTELLECTUAL PROPERTY AGREEMENT.txt.metadata,101,False
"data/raw/cuad/.cache/huggingface/download/CUAD_v1/full_contract_txt/Part_I/KIROMICBIOPHARMA,INC_05_11_2020-EX-10.23-CONSULTING AGREEMENT.txt.lock",0,False
"data/raw/cuad/.cache/huggingface/download/CUAD_v1/full_contract_txt/Part_I/KIROMICBIOPHARMA,INC_05_11_2020-EX-10.23-CONSULTING AGREEMENT.txt.metadata",101,False
"data/raw/cuad/.cache/huggingface/download/CUAD_v1/full_contract_txt/Part_I/KUBIENT,INC_07_02_2020-EX-10.14-MASTER SERVICES AGREEMENT_Part2.txt.lock",0,False
"data/raw/cuad/.cache/huggingface/download/CUAD_v1/full_contract_txt/Part_I/KUBIENT,INC_07_02_2020-EX-10.14-MASTER SERVICES AGREEMENT_Part2.txt.metadata",101,False
data/raw/cuad/.cache/huggingface/download/CUAD_v1/full_contract_txt/Part_I/LECLANCHÉ S.A. - JOINT DEVELOPMENT AND MARKETING AGREEMENT.txt.lock,0,False
data/raw/cuad/.cache/huggingface/download/CUAD_v1/full_contract_txt/Part_I/LECLANCHÉ S.A. - JOINT DEVELOPMENT AND MARKETING AGREEMENT.txt.metadata,101,False
data/raw/cuad/.cache/huggingface/download/CUAD_v1/full_contract_txt/Part_I/LIMEENERGYCO_09_09_1999-EX-10-DISTRIBUTOR AGREEMENT.txt.lock,0,False
data/raw/cuad/.cache/huggingface/download/CUAD_v1/full_contract_txt/Part_I/LIMEENERGYCO_09_09_1999-EX-10-DISTRIBUTOR AGREEMENT.txt.metadata,101,False
data/raw/cuad/.cache/huggingface/download/CUAD_v1/full_contract_txt/Part_I/LegacyEducationAllianceInc_20200330_10-K_EX-10.18_12090678_EX-10.18_Development Agreement.txt.lock,0,False
data/raw/cuad/.cache/huggingface/download/CUAD_v1/full_contract_txt/Part_I/LegacyEducationAllianceInc_20200330_10-K_EX-10.18_12090678_EX-10.18_Development Agreement.txt.metadata,101,False
data/raw/cuad/.cache/huggingface/download/CUAD_v1/full_contract_txt/Part_II/LOYALTYPOINTINC_11_16_2004-EX-10.2-RESELLER AGREEMENT.txt.lock,0,False
data/raw/cuad/.cache/huggingface/download/CUAD_v1/full_contract_txt/Part_II/LOYALTYPOINTINC_11_16_2004-EX-10.2-RESELLER AGREEMENT.txt.metadata,101,False
data/raw/cuad/.cache/huggingface/download/CUAD_v1/full_contract_txt/Part_II/LUCIDINC_04_15_2011-EX-10.9-DISTRIBUTOR AGREEMENT.txt.lock,0,False
data/raw/cuad/.cache/huggingface/download/CUAD_v1/full_contract_txt/Part_II/LUCIDINC_04_15_2011-EX-10.9-DISTRIBUTOR AGREEMENT.txt.metadata,100,False
data/raw/cuad/.cache/huggingface/download/CUAD_v1/full_contract_txt/Part_II/LohaCompanyltd_20191209_F-1_EX-10.16_11917878_EX-10.16_Supply Agreement.txt.lock,0,False
data/raw/cuad/.cache/huggingface/download/CUAD_v1/full_contract_txt/Part_II/LohaCompanyltd_20191209_F-1_EX-10.16_11917878_EX-10.16_Supply Agreement.txt.metadata,101,False
data/raw/cuad/.cache/huggingface/download/CUAD_v1/full_contract_txt/Part_II/MACROGENICSINC_08_02_2013-EX-10-COLLABORATION AGREEMENT.txt.lock,0,False
data/raw/cuad/.cache/huggingface/download/CUAD_v1/full_contract_txt/Part_II/MACROGENICSINC_08_02_2013-EX-10-COLLABORATION AGREEMENT.txt.metadata,101,False
data/raw/cuad/.cache/huggingface/download/CUAD_v1/full_contract_txt/Part_II/MARTINMIDSTREAMPARTNERSLP_01_23_2004-EX-10.3-TRANSPORTATION SERVICES AGREEMENT.txt.lock,0,False
data/raw/cuad/.cache/huggingface/download/CUAD_v1/full_contract_txt/Part_II/MARTINMIDSTREAMPARTNERSLP_01_23_2004-EX-10.3-TRANSPORTATION SERVICES AGREEMENT.txt.metadata,101,False
data/raw/cuad/.cache/huggingface/download/CUAD_v1/full_contract_txt/Part_II/MEDIWOUNDLTD_01_15_2014-EX-10.6-SUPPLY AGREEMENT.txt.lock,0,False
data/raw/cuad/.cache/huggingface/download/CUAD_v1/full_contract_txt/Part_II/MEDIWOUNDLTD_01_15_2014-EX-10.6-SUPPLY AGREEMENT.txt.metadata,100,False
"data/raw/cuad/.cache/huggingface/download/CUAD_v1/full_contract_txt/Part_II/MIDDLEBROOKPHARMACEUTICALS,INC_03_18_2010-EX-10.1-PROMOTION AGREEMENT.txt.lock",0,False
"data/raw/cuad/.cache/huggingface/download/CUAD_v1/full_contract_txt/Part_II/MIDDLEBROOKPHARMACEUTICALS,INC_03_18_2010-EX-10.1-PROMOTION AGREEMENT.txt.metadata",101,False
data/raw/cuad/.cache/huggingface/download/CUAD_v1/full_contract_txt/Part_II/MRSFIELDSORIGINALCOOKIESINC_01_29_1998-EX-10-FRANCHISE AGREEMENT.txt.lock,0,False
data/raw/cuad/.cache/huggingface/download/CUAD_v1/full_contract_txt/Part_II/MRSFIELDSORIGINALCOOKIESINC_01_29_1998-EX-10-FRANCHISE AGREEMENT.txt.metadata,100,False
data/raw/cuad/.cache/huggingface/download/CUAD_v1/full_contract_txt/Part_II/MSCIINC_02_28_2008-EX-10.10-.txt.lock,0,False
data/raw/cuad/.cache/huggingface/download/CUAD_v1/full_contract_txt/Part_II/MSCIINC_02_28_2008-EX-10.10-.txt.metadata,101,False
"data/raw/cuad/.cache/huggingface/download/CUAD_v1/full_contract_txt/Part_II/Magenta Therapeutics, Inc. - Master Development and Manufacturing Agreement.txt.lock",0,False
"data/raw/cuad/.cache/huggingface/download/CUAD_v1/full_contract_txt/Part_II/Magenta Therapeutics, Inc. - Master Development and Manufacturing Agreement.txt.metadata",101,False
"data/raw/cuad/.cache/huggingface/download/CUAD_v1/full_contract_txt/Part_II/MetLife, Inc. - Remarketing Agreement.txt.lock",0,False
"data/raw/cuad/.cache/huggingface/download/CUAD_v1/full_contract_txt/Part_II/MetLife, Inc. - Remarketing Agreement.txt.metadata",101,False
data/raw/cuad/.cache/huggingface/download/CUAD_v1/full_contract_txt/Part_II/MorganStanleyDirectLendingFund_20191119_10-12GA_EX-10.5_11898508_EX-10.5_Trademark License Agreement.txt.lock,0,False
data/raw/cuad/.cache/huggingface/download/CUAD_v1/full_contract_txt/Part_II/MorganStanleyDirectLendingFund_20191119_10-12GA_EX-10.5_11898508_EX-10.5_Trademark License Agreement.txt.metadata,101,False
data/raw/cuad/.cache/huggingface/download/CUAD_v1/full_contract_txt/Part_II/MphaseTechnologiesInc_20030911_10-K_EX-10.15_1560667_EX-10.15_Co-Branding Agreement.txt.lock,0,False
data/raw/cuad/.cache/huggingface/download/CUAD_v1/full_contract_txt/Part_II/MphaseTechnologiesInc_20030911_10-K_EX-10.15_1560667_EX-10.15_Co-Branding Agreement.txt.metadata,101,False
data/raw/cuad/.cache/huggingface/download/CUAD_v1/full_contract_txt/Part_II/N2KINC_10_16_1997-EX-10.16-SPONSORSHIP AGREEMENT.txt.lock,0,False
data/raw/cuad/.cache/huggingface/download/CUAD_v1/full_contract_txt/Part_II/N2KINC_10_16_1997-EX-10.16-SPONSORSHIP AGREEMENT.txt.metadata,101,False
data/raw/cuad/.cache/huggingface/download/CUAD_v1/full_contract_txt/Part_II/NANOPHASETECHNOLOGIESCORP_11_01_2005-EX-99.1-DISTRIBUTOR AGREEMENT.txt.lock,0,False
data/raw/cuad/.cache/huggingface/download/CUAD_v1/full_contract_txt/Part_II/NANOPHASETECHNOLOGIESCORP_11_01_2005-EX-99.1-DISTRIBUTOR AGREEMENT.txt.metadata,101,False
data/raw/cuad/.cache/huggingface/download/CUAD_v1/full_contract_txt/Part_II/NELNETINC_04_08_2020-EX-1-JOINT FILING AGREEMENT.txt.lock,0,False
data/raw/cuad/.cache/huggingface/download/CUAD_v1/full_contract_txt/Part_II/NELNETINC_04_08_2020-EX-1-JOINT FILING AGREEMENT.txt.metadata,101,False
data/raw/cuad/.cache/huggingface/download/CUAD_v1/full_contract_txt/Part_II/NEONSYSTEMSINC_03_01_1999-EX-10.5-DISTRIBUTOR AGREEMENT_Amendment.txt.lock,0,False
data/raw/cuad/.cache/huggingface/download/CUAD_v1/full_contract_txt/Part_II/NEONSYSTEMSINC_03_01_1999-EX-10.5-DISTRIBUTOR AGREEMENT_Amendment.txt.metadata,100,False
"data/raw/cuad/.cache/huggingface/download/CUAD_v1/full_contract_txt/Part_II/NETGEAR,INC_04_21_2003-EX-10.16-AMENDMENT TO THE DISTRIBUTOR AGREEMENT BETWEEN INGRAM MICRO AND NETGEAR.txt.lock",0,False
"data/raw/cuad/.cache/huggingface/download/CUAD_v1/full_contract_txt/Part_II/NETGEAR,INC_04_21_2003-EX-10.16-AMENDMENT TO THE DISTRIBUTOR AGREEMENT BETWEEN INGRAM MICRO AND NETGEAR.txt.metadata",101,False
"data/raw/cuad/.cache/huggingface/download/CUAD_v1/full_contract_txt/Part_II/NETGEAR,INC_04_21_2003-EX-10.16-DISTRIBUTOR AGREEMENT.txt.lock",0,False
"data/raw/cuad/.cache/huggingface/download/CUAD_v1/full_contract_txt/Part_II/NETGEAR,INC_04_21_2003-EX-10.16-DISTRIBUTOR AGREEMENT.txt.metadata",101,False
data/raw/cuad/.cache/huggingface/download/CUAD_v1/full_contract_txt/Part_II/NICELTD_06_26_2003-EX-4.5-OUTSOURCING AGREEMENT.txt.lock,0,False
data/raw/cuad/.cache/huggingface/download/CUAD_v1/full_contract_txt/Part_II/NICELTD_06_26_2003-EX-4.5-OUTSOURCING AGREEMENT.txt.metadata,101,False
data/raw/cuad/.cache/huggingface/download/CUAD_v1/full_contract_txt/Part_II/NUVEEN - REMARKETING AGREEMENT.txt.lock,0,False
data/raw/cuad/.cache/huggingface/download/CUAD_v1/full_contract_txt/Part_II/NUVEEN - REMARKETING AGREEMENT.txt.metadata,101,False
data/raw/cuad/.cache/huggingface/download/CUAD_v1/full_contract_txt/Part_II/NYLIACVARIABLEANNUITYSEPARATEACCOUNTIII_04_10_2020-EX-99.8.KK-SERVICE AGREEMENT.txt.lock,0,False
data/raw/cuad/.cache/huggingface/download/CUAD_v1/full_contract_txt/Part_II/NYLIACVARIABLEANNUITYSEPARATEACCOUNTIII_04_10_2020-EX-99.8.KK-SERVICE AGREEMENT.txt.metadata,101,False
"data/raw/cuad/.cache/huggingface/download/CUAD_v1/full_contract_txt/Part_II/OAKTREECAPITALGROUP,LLC_03_02_2020-EX-10.8-Services Agreement.txt.lock",0,False
"data/raw/cuad/.cache/huggingface/download/CUAD_v1/full_contract_txt/Part_II/OAKTREECAPITALGROUP,LLC_03_02_2020-EX-10.8-Services Agreement.txt.metadata",100,False
"data/raw/cuad/.cache/huggingface/download/CUAD_v1/full_contract_txt/Part_II/OASYSMOBILE,INC_07_05_2001-EX-10.17-OUTSOURCING AGREEMENT.txt.lock",0,False
"data/raw/cuad/.cache/huggingface/download/CUAD_v1/full_contract_txt/Part_II/OASYSMOBILE,INC_07_05_2001-EX-10.17-OUTSOURCING AGREEMENT.txt.metadata",101,False
"data/raw/cuad/.cache/huggingface/download/CUAD_v1/full_contract_txt/Part_II/ON2TECHNOLOGIES,INC_11_17_2006-EX-10.3-SUPPORT AND MAINTENANCE AGREEMENT.txt.lock",0,False
"data/raw/cuad/.cache/huggingface/download/CUAD_v1/full_contract_txt/Part_II/ON2TECHNOLOGIES,INC_11_17_2006-EX-10.3-SUPPORT AND MAINTENANCE AGREEMENT.txt.metadata",100,False
data/raw/cuad/.cache/huggingface/download/CUAD_v1/full_contract_txt/Part_II/OPERALTD_04_30_2020-EX-4.14-SERVICE AGREEMENT.txt.lock,0,False
data/raw/cuad/.cache/huggingface/download/CUAD_v1/full_contract_txt/Part_II/OPERALTD_04_30_2020-EX-4.14-SERVICE AGREEMENT.txt.metadata,101,False
data/raw/cuad/.cache/huggingface/download/CUAD_v1/full_contract_txt/Part_II/ORBSATCORP_08_17_2007-EX-7.3-STRATEGIC ALLIANCE AGREEMENT.txt.lock,0,False
data/raw/cuad/.cache/huggingface/download/CUAD_v1/full_contract_txt/Part_II/ORBSATCORP_08_17_2007-EX-7.3-STRATEGIC ALLIANCE AGREEMENT.txt.metadata,101,False
data/raw/cuad/.cache/huggingface/download/CUAD_v1/full_contract_txt/Part_II/PACIFICSYSTEMSCONTROLTECHNOLOGYINC_08_24_2000-EX-10.53-SPONSORSHIP AGREEMENT.txt.lock,0,False
data/raw/cuad/.cache/huggingface/download/CUAD_v1/full_contract_txt/Part_II/PACIFICSYSTEMSCONTROLTECHNOLOGYINC_08_24_2000-EX-10.53-SPONSORSHIP AGREEMENT.txt.metadata,101,False
"data/raw/cuad/.cache/huggingface/download/CUAD_v1/full_contract_txt/Part_II/PACIRA PHARMACEUTICALS, INC. - A_R STRATEGIC LICENSING, DISTRIBUTION AND MARKETING AGREEMENT .txt.lock",0,False
"data/raw/cuad/.cache/huggingface/download/CUAD_v1/full_contract_txt/Part_II/PACIRA PHARMACEUTICALS, INC. - A_R STRATEGIC LICENSING, DISTRIBUTION AND MARKETING AGREEMENT .txt.metadata",101,False
data/raw/cuad/.cache/huggingface/download/CUAD_v1/full_contract_txt/Part_II/PLAYAHOTELS_RESORTSNV_03_14_2017-EX-10.22-STRATEGIC ALLIANCE AGREEMENT (Hyatt Ziva Cancun).txt.lock,0,False
data/raw/cuad/.cache/huggingface/download/CUAD_v1/full_contract_txt/Part_II/PLAYAHOTELS_RESORTSNV_03_14_2017-EX-10.22-STRATEGIC ALLIANCE AGREEMENT (Hyatt Ziva Cancun).txt.metadata,101,False
data/raw/cuad/.cache/huggingface/download/CUAD_v1/full_contract_txt/Part_II/PREMIERBIOMEDICALINC_05_14_2020-EX-10.2-INTELLECTUAL PROPERTY AGREEMENT.txt.lock,0,False
data/raw/cuad/.cache/huggingface/download/CUAD_v1/full_contract_txt/Part_II/PREMIERBIOMEDICALINC_05_14_2020-EX-10.2-INTELLECTUAL PROPERTY AGREEMENT.txt.metadata,101,False
data/raw/cuad/.cache/huggingface/download/CUAD_v1/full_contract_txt/Part_II/PacificapEntertainmentHoldingsInc_20051115_8-KA_EX-1.01_4300894_EX-1.01_Content License Agreement.txt.lock,0,False
data/raw/cuad/.cache/huggingface/download/CUAD_v1/full_contract_txt/Part_II/PacificapEntertainmentHoldingsInc_20051115_8-KA_EX-1.01_4300894_EX-1.01_Content License Agreement.txt.metadata,100,False
data/raw/cuad/.cache/huggingface/download/CUAD_v1/full_contract_txt/Part_II/PalmerSquareCapitalBdcInc_20200116_10-12GA_EX-10.6_11949289_EX-10.6_Trademark License Agreement.txt.lock,0,False
data/raw/cuad/.cache/huggingface/download/CUAD_v1/full_contract_txt/Part_II/PalmerSquareCapitalBdcInc_20200116_10-12GA_EX-10.6_11949289_EX-10.6_Trademark License Agreement.txt.metadata,101,False
data/raw/cuad/.cache/huggingface/download/CUAD_v1/full_contract_txt/Part_II/PapaJohnsInternationalInc_20190617_8-K_EX-10.1_11707365_EX-10.1_Endorsement Agreement.txt.lock,0,False
data/raw/cuad/.cache/huggingface/download/CUAD_v1/full_contract_txt/Part_II/PapaJohnsInternationalInc_20190617_8-K_EX-10.1_11707365_EX-10.1_Endorsement Agreement.txt.metadata,100,False
data/raw/cuad/.cache/huggingface/download/CUAD_v1/full_contract_txt/Part_II/PareteumCorp_20081001_8-K_EX-99.1_2654808_EX-99.1_Hosting Agreement.txt.lock,0,False
data/raw/cuad/.cache/huggingface/download/CUAD_v1/full_contract_txt/Part_II/PareteumCorp_20081001_8-K_EX-99.1_2654808_EX-99.1_Hosting Agreement.txt.metadata,100,False
data/raw/cuad/.cache/huggingface/download/CUAD_v1/full_contract_txt/Part_II/PelicanDeliversInc_20200211_S-1_EX-10.3_11975895_EX-10.3_Development Agreement1.txt.lock,0,False
data/raw/cuad/.cache/huggingface/download/CUAD_v1/full_contract_txt/Part_II/PelicanDeliversInc_20200211_S-1_EX-10.3_11975895_EX-10.3_Development Agreement1.txt.metadata,101,False
data/raw/cuad/.cache/huggingface/download/CUAD_v1/full_contract_txt/Part_II/PelicanDeliversInc_20200211_S-1_EX-10.3_11975895_EX-10.3_Development Agreement2.txt.lock,0,False
data/raw/cuad/.cache/huggingface/download/CUAD_v1/full_contract_txt/Part_II/PelicanDeliversInc_20200211_S-1_EX-10.3_11975895_EX-10.3_Development Agreement2.txt.metadata,101,False
data/raw/cuad/.cache/huggingface/download/CUAD_v1/full_contract_txt/Part_II/PenntexMidstreamPartnersLp_20150416_S-1A_EX-10.4_9042833_EX-10.4_Transportation Agreement.txt.lock,0,False
data/raw/cuad/.cache/huggingface/download/CUAD_v1/full_contract_txt/Part_II/PenntexMidstreamPartnersLp_20150416_S-1A_EX-10.4_9042833_EX-10.4_Transportation Agreement.txt.metadata,100,False
data/raw/cuad/.cache/huggingface/download/CUAD_v1/full_contract_txt/Part_II/PfHospitalityGroupInc_20150923_10-12G_EX-10.1_9266710_EX-10.1_Franchise Agreement1.txt.lock,0,False
data/raw/cuad/.cache/huggingface/download/CUAD_v1/full_contract_txt/Part_II/PfHospitalityGroupInc_20150923_10-12G_EX-10.1_9266710_EX-10.1_Franchise Agreement1.txt.metadata,100,False
data/raw/cuad/.cache/huggingface/download/CUAD_v1/full_contract_txt/Part_II/PfHospitalityGroupInc_20150923_10-12G_EX-10.1_9266710_EX-10.1_Franchise Agreement3.txt.lock,0,False
data/raw/cuad/.cache/huggingface/download/CUAD_v1/full_contract_txt/Part_II/PfHospitalityGroupInc_20150923_10-12G_EX-10.1_9266710_EX-10.1_Franchise Agreement3.txt.metadata,100,False
data/raw/cuad/.cache/huggingface/download/CUAD_v1/full_contract_txt/Part_II/PhasebioPharmaceuticalsInc_20200330_10-K_EX-10.21_12086810_EX-10.21_Development Agreement.txt.lock,0,False
data/raw/cuad/.cache/huggingface/download/CUAD_v1/full_contract_txt/Part_II/PhasebioPharmaceuticalsInc_20200330_10-K_EX-10.21_12086810_EX-10.21_Development Agreement.txt.metadata,101,False
data/raw/cuad/.cache/huggingface/download/CUAD_v1/full_contract_txt/Part_II/PrecheckHealthServicesInc_20200320_8-K_EX-99.2_12070169_EX-99.2_Distributor Agreement.txt.lock,0,False
data/raw/cuad/.cache/huggingface/download/CUAD_v1/full_contract_txt/Part_II/PrecheckHealthServicesInc_20200320_8-K_EX-99.2_12070169_EX-99.2_Distributor Agreement.txt.metadata,101,False
data/raw/cuad/.cache/huggingface/download/CUAD_v1/full_contract_txt/Part_II/Principal Life Insurance Company - Broker Dealer Marketing and Servicing Agreement.txt.lock,0,False
data/raw/cuad/.cache/huggingface/download/CUAD_v1/full_contract_txt/Part_II/Principal Life Insurance Company - Broker Dealer Marketing and Servicing Agreement.txt.metadata,101,False
data/raw/cuad/.cache/huggingface/download/CUAD_v1/full_contract_txt/Part_II/REWALKROBOTICSLTD_07_10_2014-EX-10.2-STRATEGIC ALLIANCE AGREEMENT.txt.lock,0,False
data/raw/cuad/.cache/huggingface/download/CUAD_v1/full_contract_txt/Part_II/REWALKROBOTICSLTD_07_10_2014-EX-10.2-STRATEGIC ALLIANCE AGREEMENT.txt.metadata,101,False
data/raw/cuad/.cache/huggingface/download/CUAD_v1/full_contract_txt/Part_II/RMRGROUPINC_01_22_2020-EX-99.1-JOINT FILING AGREEMENT.txt.lock,0,False
data/raw/cuad/.cache/huggingface/download/CUAD_v1/full_contract_txt/Part_II/RMRGROUPINC_01_22_2020-EX-99.1-JOINT FILING AGREEMENT.txt.metadata,100,False
data/raw/cuad/.cache/huggingface/download/CUAD_v1/full_contract_txt/Part_II/RUBIOSRESTAURANTSINC_03_31_2008-EX-10.75-SPONSORSHIP AGREEMENT.txt.lock,0,False
data/raw/cuad/.cache/huggingface/download/CUAD_v1/full_contract_txt/Part_II/RUBIOSRESTAURANTSINC_03_31_2008-EX-10.75-SPONSORSHIP AGREEMENT.txt.metadata,101,False
data/raw/cuad/.cache/huggingface/download/CUAD_v1/full_contract_txt/Part_II/RareElementResourcesLtd_20171019_SC 13D_EX-99.4_10897534_EX-99.4_Intellectual Property Agreement.txt.lock,0,False
data/raw/cuad/.cache/huggingface/download/CUAD_v1/full_contract_txt/Part_II/RareElementResourcesLtd_20171019_SC 13D_EX-99.4_10897534_EX-99.4_Intellectual Property Agreement.txt.metadata,101,False
data/raw/cuad/.cache/huggingface/download/CUAD_v1/full_contract_txt/Part_II/ReedsInc_20191113_10-Q_EX-10.4_11888303_EX-10.4_Development Agreement.txt.lock,0,False
data/raw/cuad/.cache/huggingface/download/CUAD_v1/full_contract_txt/Part_II/ReedsInc_20191113_10-Q_EX-10.4_11888303_EX-10.4_Development Agreement.txt.metadata,101,False
data/raw/cuad/.cache/huggingface/download/CUAD_v1/full_contract_txt/Part_II/ReynoldsConsumerProductsInc_20191115_S-1_EX-10.18_11896469_EX-10.18_Supply Agreement.txt.lock,0,False
data/raw/cuad/.cache/huggingface/download/CUAD_v1/full_contract_txt/Part_II/ReynoldsConsumerProductsInc_20191115_S-1_EX-10.18_11896469_EX-10.18_Supply Agreement.txt.metadata,101,False
data/raw/cuad/.cache/huggingface/download/CUAD_v1/full_contract_txt/Part_II/ReynoldsConsumerProductsInc_20200121_S-1A_EX-10.22_11948918_EX-10.22_Service Agreement.txt.lock,0,False
data/raw/cuad/.cache/huggingface/download/CUAD_v1/full_contract_txt/Part_II/ReynoldsConsumerProductsInc_20200121_S-1A_EX-10.22_11948918_EX-10.22_Service Agreement.txt.metadata,100,False
data/raw/cuad/.cache/huggingface/download/CUAD_v1/full_contract_txt/Part_II/RgcResourcesInc_20151216_8-K_EX-10.3_9372751_EX-10.3_Franchise Agreement.txt.lock,0,False
data/raw/cuad/.cache/huggingface/download/CUAD_v1/full_contract_txt/Part_II/RgcResourcesInc_20151216_8-K_EX-10.3_9372751_EX-10.3_Franchise Agreement.txt.metadata,101,False
data/raw/cuad/.cache/huggingface/download/CUAD_v1/full_contract_txt/Part_II/RitterPharmaceuticalsInc_20200313_S-4A_EX-10.54_12055220_EX-10.54_Development Agreement.txt.lock,0,False
data/raw/cuad/.cache/huggingface/download/CUAD_v1/full_contract_txt/Part_II/RitterPharmaceuticalsInc_20200313_S-4A_EX-10.54_12055220_EX-10.54_Development Agreement.txt.metadata,101,False
data/raw/cuad/.cache/huggingface/download/CUAD_v1/full_contract_txt/Part_II/SECURIANFUNDSTRUST_05_01_2012-EX-99.28.H.9-NET INVESTMENT INCOME MAINTENANCE AGREEMENT.txt.lock,0,False
data/raw/cuad/.cache/huggingface/download/CUAD_v1/full_contract_txt/Part_II/SECURIANFUNDSTRUST_05_01_2012-EX-99.28.H.9-NET INVESTMENT INCOME MAINTENANCE AGREEMENT.txt.metadata,101,False
data/raw/cuad/.cache/huggingface/download/CUAD_v1/full_contract_txt/Part_II/SENMIAOTECHNOLOGYLTD_02_19_2019-EX-10.5-Collaboration Agreement.txt.lock,0,False
data/raw/cuad/.cache/huggingface/download/CUAD_v1/full_contract_txt/Part_II/SENMIAOTECHNOLOGYLTD_02_19_2019-EX-10.5-Collaboration Agreement.txt.metadata,101,False
data/raw/cuad/.cache/huggingface/download/CUAD_v1/full_contract_txt/Part_II/SEPARATEACCOUNTIIOFAGL_05_02_2011-EX-99.(J)(4)-UNCONDITIONAL CAPITAL MAINTENANCE AGREEMENT.txt.lock,0,False
data/raw/cuad/.cache/huggingface/download/CUAD_v1/full_contract_txt/Part_II/SEPARATEACCOUNTIIOFAGL_05_02_2011-EX-99.(J)(4)-UNCONDITIONAL CAPITAL MAINTENANCE AGREEMENT.txt.metadata,100,False
"data/raw/cuad/.cache/huggingface/download/CUAD_v1/full_contract_txt/Part_II/SIBANNAC,INC_12_04_2017-EX-2.1-Strategic Alliance Agreement.txt.lock",0,False
"data/raw/cuad/.cache/huggingface/download/CUAD_v1/full_contract_txt/Part_II/SIBANNAC,INC_12_04_2017-EX-2.1-Strategic Alliance Agreement.txt.metadata",100,False
data/raw/cuad/.cache/huggingface/download/CUAD_v1/full_contract_txt/Part_II/SLINGERBAGINC_05_27_2020-EX-10.7-CONSULTING AGREEMENT.txt.lock,0,False
data/raw/cuad/.cache/huggingface/download/CUAD_v1/full_contract_txt/Part_II/SLINGERBAGINC_05_27_2020-EX-10.7-CONSULTING AGREEMENT.txt.metadata,101,False
data/raw/cuad/.cache/huggingface/download/CUAD_v1/full_contract_txt/Part_II/SLOVAKWIRELESSFINANCECOBV_03_28_2001-EX-4.(B)(II).3-Maintenance and support contract for SICAP(R) modules.txt.lock,0,False
data/raw/cuad/.cache/huggingface/download/CUAD_v1/full_contract_txt/Part_II/SLOVAKWIRELESSFINANCECOBV_03_28_2001-EX-4.(B)(II).3-Maintenance and support contract for SICAP(R) modules.txt.metadata,101,False
data/raw/cuad/.cache/huggingface/download/CUAD_v1/full_contract_txt/Part_II/SPARKLINGSPRINGWATERHOLDINGSLTD_07_03_2002-EX-10.13-SOFTWARE LICENSE AND MAINTENANCE AGREEMENT.txt.lock,0,False
data/raw/cuad/.cache/huggingface/download/CUAD_v1/full_contract_txt/Part_II/SPARKLINGSPRINGWATERHOLDINGSLTD_07_03_2002-EX-10.13-SOFTWARE LICENSE AND MAINTENANCE AGREEMENT.txt.metadata,100,False
"data/raw/cuad/.cache/huggingface/download/CUAD_v1/full_contract_txt/Part_II/SPOKHOLDINGS,INC_06_19_2020-EX-10.1-COOPERATION AGREEMENT.txt.lock",0,False
"data/raw/cuad/.cache/huggingface/download/CUAD_v1/full_contract_txt/Part_II/SPOKHOLDINGS,INC_06_19_2020-EX-10.1-COOPERATION AGREEMENT.txt.metadata",101,False
data/raw/cuad/.cache/huggingface/download/CUAD_v1/full_contract_txt/Part_II/STWRESOURCESHOLDINGCORP_08_06_2014-EX-10.1-COOPERATION AGREEMENT.txt.lock,0,False
data/raw/cuad/.cache/huggingface/download/CUAD_v1/full_contract_txt/Part_II/STWRESOURCESHOLDINGCORP_08_06_2014-EX-10.1-COOPERATION AGREEMENT.txt.metadata,101,False
data/raw/cuad/.cache/huggingface/download/CUAD_v1/full_contract_txt/Part_II/SUMMAFOURINC_06_19_1998-EX-10.3-SOFTWARE LICENSE AND MAINTENANCE AGREEMENT.txt.lock,0,False
data/raw/cuad/.cache/huggingface/download/CUAD_v1/full_contract_txt/Part_II/SUMMAFOURINC_06_19_1998-EX-10.3-SOFTWARE LICENSE AND MAINTENANCE AGREEMENT.txt.metadata,101,False
data/raw/cuad/.cache/huggingface/download/CUAD_v1/full_contract_txt/Part_II/SalesforcecomInc_20171122_10-Q_EX-10.1_10961535_EX-10.1_Reseller Agreement.txt.lock,0,False
data/raw/cuad/.cache/huggingface/download/CUAD_v1/full_contract_txt/Part_II/SalesforcecomInc_20171122_10-Q_EX-10.1_10961535_EX-10.1_Reseller Agreement.txt.metadata,101,False
data/raw/cuad/.cache/huggingface/download/CUAD_v1/full_contract_txt/Part_II/ScansourceInc_20190822_10-K_EX-10.38_11793958_EX-10.38_Distributor Agreement1.txt.lock,0,False
data/raw/cuad/.cache/huggingface/download/CUAD_v1/full_contract_txt/Part_II/ScansourceInc_20190822_10-K_EX-10.38_11793958_EX-10.38_Distributor Agreement1.txt.metadata,101,False
data/raw/cuad/.cache/huggingface/download/CUAD_v1/full_contract_txt/Part_II/ScansourceInc_20190822_10-K_EX-10.38_11793958_EX-10.38_Distributor Agreement2.txt.lock,0,False
data/raw/cuad/.cache/huggingface/download/CUAD_v1/full_contract_txt/Part_II/ScansourceInc_20190822_10-K_EX-10.38_11793958_EX-10.38_Distributor Agreement2.txt.metadata,100,False
"data/raw/cuad/.cache/huggingface/download/CUAD_v1/full_contract_txt/Part_II/SightLife Surgical, Inc. - STRATEGIC SALES _ MARKETING AGREEMENT.txt.lock",0,False
"data/raw/cuad/.cache/huggingface/download/CUAD_v1/full_contract_txt/Part_II/SightLife Surgical, Inc. - STRATEGIC SALES _ MARKETING AGREEMENT.txt.metadata",101,False
"data/raw/cuad/.cache/huggingface/download/CUAD_v1/full_contract_txt/Part_II/Sonos, Inc. - Manufacturing Agreement .txt.lock",0,False
"data/raw/cuad/.cache/huggingface/download/CUAD_v1/full_contract_txt/Part_II/Sonos, Inc. - Manufacturing Agreement .txt.metadata",101,False
data/raw/cuad/.cache/huggingface/download/CUAD_v1/full_contract_txt/Part_II/SouthernStarEnergyInc_20051202_SB-2A_EX-9_801890_EX-9_Affiliate Agreement.txt.lock,0,False
data/raw/cuad/.cache/huggingface/download/CUAD_v1/full_contract_txt/Part_II/SouthernStarEnergyInc_20051202_SB-2A_EX-9_801890_EX-9_Affiliate Agreement.txt.metadata,101,False
data/raw/cuad/.cache/huggingface/download/CUAD_v1/full_contract_txt/Part_II/TELEGLOBEINTERNATIONALHOLDINGSLTD_03_29_2004-EX-10.10-CONSTRUCTION AND MAINTENANCE AGREEMENT.txt.lock,0,False
data/raw/cuad/.cache/huggingface/download/CUAD_v1/full_contract_txt/Part_II/TELEGLOBEINTERNATIONALHOLDINGSLTD_03_29_2004-EX-10.10-CONSTRUCTION AND MAINTENANCE AGREEMENT.txt.metadata,100,False
"data/raw/cuad/.cache/huggingface/download/CUAD_v1/full_contract_txt/Part_II/TRANSPHORM,INC_02_14_2020-EX-10.12(1)-JOINT VENTURE AGREEMENT.txt.lock",0,False
"data/raw/cuad/.cache/huggingface/download/CUAD_v1/full_contract_txt/Part_II/TRANSPHORM,INC_02_14_2020-EX-10.12(1)-JOINT VENTURE AGREEMENT.txt.metadata",101,False
data/raw/cuad/.cache/huggingface/download/CUAD_v1/full_contract_txt/Part_II/TUNIUCORP_03_06_2014-EX-10-COOPERATION AGREEMENT.txt.lock,0,False
data/raw/cuad/.cache/huggingface/download/CUAD_v1/full_contract_txt/Part_II/TUNIUCORP_03_06_2014-EX-10-COOPERATION AGREEMENT.txt.metadata,101,False
data/raw/cuad/.cache/huggingface/download/CUAD_v1/full_contract_txt/Part_II/TcPipelinesLp_20160226_10-K_EX-99.12_9454048_EX-99.12_Transportation Agreement.txt.lock,0,False
data/raw/cuad/.cache/huggingface/download/CUAD_v1/full_contract_txt/Part_II/TcPipelinesLp_20160226_10-K_EX-99.12_9454048_EX-99.12_Transportation Agreement.txt.metadata,101,False
data/raw/cuad/.cache/huggingface/download/CUAD_v1/full_contract_txt/Part_II/ThriventVariableInsuranceAccountB_20190701_N-6_EX-99.D(IV)_11720968_EX-99.D(IV)_Endorsement Agreement.txt.lock,0,False
data/raw/cuad/.cache/huggingface/download/CUAD_v1/full_contract_txt/Part_II/ThriventVariableInsuranceAccountB_20190701_N-6_EX-99.D(IV)_11720968_EX-99.D(IV)_Endorsement Agreement.txt.metadata,101,False
data/raw/cuad/.cache/huggingface/download/CUAD_v1/full_contract_txt/Part_II/TodosMedicalLtd_20190328_20-F_EX-4.10_11587157_EX-4.10_Marketing Agreement_ Reseller Agreement.txt.lock,0,False
data/raw/cuad/.cache/huggingface/download/CUAD_v1/full_contract_txt/Part_II/TodosMedicalLtd_20190328_20-F_EX-4.10_11587157_EX-4.10_Marketing Agreement_ Reseller Agreement.txt.metadata,101,False
data/raw/cuad/.cache/huggingface/download/CUAD_v1/full_contract_txt/Part_II/TomOnlineInc_20060501_20-F_EX-4.46_749700_EX-4.46_Co-Branding Agreement.txt.lock,0,False
data/raw/cuad/.cache/huggingface/download/CUAD_v1/full_contract_txt/Part_II/TomOnlineInc_20060501_20-F_EX-4.46_749700_EX-4.46_Co-Branding Agreement.txt.metadata,101,False
data/raw/cuad/.cache/huggingface/download/CUAD_v1/full_contract_txt/Part_II/URSCORPNEW_03_17_2014-EX-99-COOPERATION AGREEMENT.txt.lock,0,False
data/raw/cuad/.cache/huggingface/download/CUAD_v1/full_contract_txt/Part_II/URSCORPNEW_03_17_2014-EX-99-COOPERATION AGREEMENT.txt.metadata,101,False
data/raw/cuad/.cache/huggingface/download/CUAD_v1/full_contract_txt/Part_II/USASYNTHETICFUELCORP_10_21_2010-EX-10.10-STRATEGIC ALLIANCE AGREEMENT.txt.lock,0,False
data/raw/cuad/.cache/huggingface/download/CUAD_v1/full_contract_txt/Part_II/USASYNTHETICFUELCORP_10_21_2010-EX-10.10-STRATEGIC ALLIANCE AGREEMENT.txt.metadata,101,False
data/raw/cuad/.cache/huggingface/download/CUAD_v1/full_contract_txt/Part_II/UpjohnInc_20200121_10-12G_EX-2.6_11948692_EX-2.6_Manufacturing Agreement_ Supply Agreement.txt.lock,0,False
data/raw/cuad/.cache/huggingface/download/CUAD_v1/full_contract_txt/Part_II/UpjohnInc_20200121_10-12G_EX-2.6_11948692_EX-2.6_Manufacturing Agreement_ Supply Agreement.txt.metadata,101,False
data/raw/cuad/.cache/huggingface/download/CUAD_v1/full_contract_txt/Part_II/UsioInc_20040428_SB-2_EX-10.11_1723988_EX-10.11_Affiliate Agreement 2.txt.lock,0,False
data/raw/cuad/.cache/huggingface/download/CUAD_v1/full_contract_txt/Part_II/UsioInc_20040428_SB-2_EX-10.11_1723988_EX-10.11_Affiliate Agreement 2.txt.metadata,101,False
"data/raw/cuad/.cache/huggingface/download/CUAD_v1/full_contract_txt/Part_II/VAPOTHERM, INC. - Manufacturing and Supply Agreement.txt.lock",0,False
"data/raw/cuad/.cache/huggingface/download/CUAD_v1/full_contract_txt/Part_II/VAPOTHERM, INC. - Manufacturing and Supply Agreement.txt.metadata",101,False
data/raw/cuad/.cache/huggingface/download/CUAD_v1/full_contract_txt/Part_II/VARIABLESEPARATEACCOUNT_04_30_2014-EX-13.C-UNCONDITIONAL CAPITAL MAINTENANCE AGREEMENT.txt.lock,0,False
data/raw/cuad/.cache/huggingface/download/CUAD_v1/full_contract_txt/Part_II/VARIABLESEPARATEACCOUNT_04_30_2014-EX-13.C-UNCONDITIONAL CAPITAL MAINTENANCE AGREEMENT.txt.metadata,101,False
"data/raw/cuad/.cache/huggingface/download/CUAD_v1/full_contract_txt/Part_II/VEONEER,INC_02_21_2020-EX-10.11-JOINT VENTURE AGREEMENT.txt.lock",0,False
"data/raw/cuad/.cache/huggingface/download/CUAD_v1/full_contract_txt/Part_II/VEONEER,INC_02_21_2020-EX-10.11-JOINT VENTURE AGREEMENT.txt.metadata",99,False
data/raw/cuad/.cache/huggingface/download/CUAD_v1/full_contract_txt/Part_II/VERICELCORP_08_06_2019-EX-10.10-SUPPLY AGREEMENT.txt.lock,0,False
data/raw/cuad/.cache/huggingface/download/CUAD_v1/full_contract_txt/Part_II/VERICELCORP_08_06_2019-EX-10.10-SUPPLY AGREEMENT.txt.metadata,101,False
data/raw/cuad/.cache/huggingface/download/CUAD_v1/full_contract_txt/Part_II/VERTEXENERGYINC_08_14_2014-EX-10.24-OPERATION AND MAINTENANCE AGREEMENT.txt.lock,0,False
data/raw/cuad/.cache/huggingface/download/CUAD_v1/full_contract_txt/Part_II/VERTEXENERGYINC_08_14_2014-EX-10.24-OPERATION AND MAINTENANCE AGREEMENT.txt.metadata,101,False
data/raw/cuad/.cache/huggingface/download/CUAD_v1/full_contract_txt/Part_II/VERTICALNETINC_04_01_2002-EX-10.19-MAINTENANCE AND SUPPORT AGREEMENT.txt.lock,0,False
data/raw/cuad/.cache/huggingface/download/CUAD_v1/full_contract_txt/Part_II/VERTICALNETINC_04_01_2002-EX-10.19-MAINTENANCE AND SUPPORT AGREEMENT.txt.metadata,101,False
"data/raw/cuad/.cache/huggingface/download/CUAD_v1/full_contract_txt/Part_II/VIRGINGALACTICHOLDINGS,INC_04_08_2020-EX-99.1-JOINT FILING STATEMENT.txt.lock",0,False
"data/raw/cuad/.cache/huggingface/download/CUAD_v1/full_contract_txt/Part_II/VIRGINGALACTICHOLDINGS,INC_04_08_2020-EX-99.1-JOINT FILING STATEMENT.txt.metadata",101,False
"data/raw/cuad/.cache/huggingface/download/CUAD_v1/full_contract_txt/Part_II/VIVINT SOLAR, INC. - NON-COMPETITION AGREEMENT.txt.lock",0,False
"data/raw/cuad/.cache/huggingface/download/CUAD_v1/full_contract_txt/Part_II/VIVINT SOLAR, INC. - NON-COMPETITION AGREEMENT.txt.metadata",101,False
data/raw/cuad/.cache/huggingface/download/CUAD_v1/full_contract_txt/Part_II/VerizonAbsLlc_20200123_8-K_EX-10.4_11952335_EX-10.4_Service Agreement.txt.lock,0,False
data/raw/cuad/.cache/huggingface/download/CUAD_v1/full_contract_txt/Part_II/VerizonAbsLlc_20200123_8-K_EX-10.4_11952335_EX-10.4_Service Agreement.txt.metadata,100,False
data/raw/cuad/.cache/huggingface/download/CUAD_v1/full_contract_txt/Part_II/WARNINGMANAGEMENTSERVICESINC_12_10_1999-EX-10-ENDORSEMENT AGREEMENT.txt.lock,0,False
data/raw/cuad/.cache/huggingface/download/CUAD_v1/full_contract_txt/Part_II/WARNINGMANAGEMENTSERVICESINC_12_10_1999-EX-10-ENDORSEMENT AGREEMENT.txt.metadata,101,False
"data/raw/cuad/.cache/huggingface/download/CUAD_v1/full_contract_txt/Part_II/WASTE2ENERGYHOLDINGS,INC_06_03_2010-EX-10.2-STRATEGIC ALLIANCE AGREEMENT.txt.lock",0,False
"data/raw/cuad/.cache/huggingface/download/CUAD_v1/full_contract_txt/Part_II/WASTE2ENERGYHOLDINGS,INC_06_03_2010-EX-10.2-STRATEGIC ALLIANCE AGREEMENT.txt.metadata",101,False
data/raw/cuad/.cache/huggingface/download/CUAD_v1/full_contract_txt/Part_II/WEBHELPCOMINC_03_22_2000-EX-10.8-HOSTING AGREEMENT.txt.lock,0,False
data/raw/cuad/.cache/huggingface/download/CUAD_v1/full_contract_txt/Part_II/WEBHELPCOMINC_03_22_2000-EX-10.8-HOSTING AGREEMENT.txt.metadata,101,False
data/raw/cuad/.cache/huggingface/download/CUAD_v1/full_contract_txt/Part_II/WELLSFARGOMORTGAGEBACKEDSECURITIES2006-6TRUST_05_11_2006-EX-10.3-Yield Maintenance Agreement.txt.lock,0,False
data/raw/cuad/.cache/huggingface/download/CUAD_v1/full_contract_txt/Part_II/WELLSFARGOMORTGAGEBACKEDSECURITIES2006-6TRUST_05_11_2006-EX-10.3-Yield Maintenance Agreement.txt.metadata,101,False
data/raw/cuad/.cache/huggingface/download/CUAD_v1/full_contract_txt/Part_II/WESTERN COPPER - NON-COMPETITION AGREEMENT.txt.lock,0,False
data/raw/cuad/.cache/huggingface/download/CUAD_v1/full_contract_txt/Part_II/WESTERN COPPER - NON-COMPETITION AGREEMENT.txt.metadata,99,False
"data/raw/cuad/.cache/huggingface/download/CUAD_v1/full_contract_txt/Part_II/WHITESMOKE,INC_11_08_2011-EX-10.26-PROMOTION AND DISTRIBUTION AGREEMENT.txt.lock",0,False
"data/raw/cuad/.cache/huggingface/download/CUAD_v1/full_contract_txt/Part_II/WHITESMOKE,INC_11_08_2011-EX-10.26-PROMOTION AND DISTRIBUTION AGREEMENT.txt.metadata",101,False
data/raw/cuad/.cache/huggingface/download/CUAD_v1/full_contract_txt/Part_II/WORLDWIDESTRATEGIESINC_11_02_2005-EX-10-RESELLER AGREEMENT.txt.lock,0,False
data/raw/cuad/.cache/huggingface/download/CUAD_v1/full_contract_txt/Part_II/WORLDWIDESTRATEGIESINC_11_02_2005-EX-10-RESELLER AGREEMENT.txt.metadata,100,False
data/raw/cuad/.cache/huggingface/download/CUAD_v1/full_contract_txt/Part_II/WPPPLC_04_30_2020-EX-4.28-SERVICE AGREEMENT.txt.lock,0,False
data/raw/cuad/.cache/huggingface/download/CUAD_v1/full_contract_txt/Part_II/WPPPLC_04_30_2020-EX-4.28-SERVICE AGREEMENT.txt.metadata,99,False
"data/raw/cuad/.cache/huggingface/download/CUAD_v1/full_contract_txt/Part_II/XLITECHNOLOGIES,INC_12_02_2015-EX-10.02-STRATEGIC ALLIANCE AGREEMENT.txt.lock",0,False
"data/raw/cuad/.cache/huggingface/download/CUAD_v1/full_contract_txt/Part_II/XLITECHNOLOGIES,INC_12_02_2015-EX-10.02-STRATEGIC ALLIANCE AGREEMENT.txt.metadata",101,False
"data/raw/cuad/.cache/huggingface/download/CUAD_v1/full_contract_txt/Part_II/XLITECHNOLOGIES,INC_12_11_2015-EX-10.1-Sponsorship Agreement.txt.lock",0,False
"data/raw/cuad/.cache/huggingface/download/CUAD_v1/full_contract_txt/Part_II/XLITECHNOLOGIES,INC_12_11_2015-EX-10.1-Sponsorship Agreement.txt.metadata",101,False
data/raw/cuad/.cache/huggingface/download/CUAD_v1/full_contract_txt/Part_II/ZEBRATECHNOLOGIESCORP_04_16_2014-EX-10.1-INTELLECTUAL PROPERTY AGREEMENT.txt.lock,0,False
data/raw/cuad/.cache/huggingface/download/CUAD_v1/full_contract_txt/Part_II/ZEBRATECHNOLOGIESCORP_04_16_2014-EX-10.1-INTELLECTUAL PROPERTY AGREEMENT.txt.metadata,99,False
"data/raw/cuad/.cache/huggingface/download/CUAD_v1/full_contract_txt/Part_II/Zounds Hearing, Inc. - MANUFACTURING DESIGN MARKETING AGREEMENT.txt.lock",0,False
"data/raw/cuad/.cache/huggingface/download/CUAD_v1/full_contract_txt/Part_II/Zounds Hearing, Inc. - MANUFACTURING DESIGN MARKETING AGREEMENT.txt.metadata",101,False
"data/raw/cuad/.cache/huggingface/download/CUAD_v1/label_group_xlsx/Label Report - Anti-assignment, CIC (Group 3).xlsx.lock",0,False
"data/raw/cuad/.cache/huggingface/download/CUAD_v1/label_group_xlsx/Label Report - Anti-assignment, CIC (Group 3).xlsx.metadata",101,False
data/raw/cuad/.cache/huggingface/download/CUAD_v1/label_group_xlsx/Label Report - Audit Rights.xlsx.lock,0,False
data/raw/cuad/.cache/huggingface/download/CUAD_v1/label_group_xlsx/Label Report - Audit Rights.xlsx.metadata,101,False
data/raw/cuad/.cache/huggingface/download/CUAD_v1/label_group_xlsx/Label Report - Covenant not to Sue.xlsx.lock,0,False
data/raw/cuad/.cache/huggingface/download/CUAD_v1/label_group_xlsx/Label Report - Covenant not to Sue.xlsx.metadata,101,False
data/raw/cuad/.cache/huggingface/download/CUAD_v1/label_group_xlsx/Label Report - Dates (Group 1).xlsx.lock,0,False
data/raw/cuad/.cache/huggingface/download/CUAD_v1/label_group_xlsx/Label Report - Dates (Group 1).xlsx.metadata,101,False
data/raw/cuad/.cache/huggingface/download/CUAD_v1/label_group_xlsx/Label Report - Document Name.xlsx.lock,0,False
data/raw/cuad/.cache/huggingface/download/CUAD_v1/label_group_xlsx/Label Report - Document Name.xlsx.metadata,101,False
data/raw/cuad/.cache/huggingface/download/CUAD_v1/label_group_xlsx/Label Report - Governing Law.xlsx.lock,0,False
data/raw/cuad/.cache/huggingface/download/CUAD_v1/label_group_xlsx/Label Report - Governing Law.xlsx.metadata,101,False
data/raw/cuad/.cache/huggingface/download/CUAD_v1/label_group_xlsx/Label Report - IP Ownership Assignment.xlsx.lock,0,False
data/raw/cuad/.cache/huggingface/download/CUAD_v1/label_group_xlsx/Label Report - IP Ownership Assignment.xlsx.metadata,101,False
data/raw/cuad/.cache/huggingface/download/CUAD_v1/label_group_xlsx/Label Report - Insurance.xlsx.lock,0,False
data/raw/cuad/.cache/huggingface/download/CUAD_v1/label_group_xlsx/Label Report - Insurance.xlsx.metadata,101,False
data/raw/cuad/.cache/huggingface/download/CUAD_v1/label_group_xlsx/Label Report - Joint IP Ownership.xlsx.lock,0,False
data/raw/cuad/.cache/huggingface/download/CUAD_v1/label_group_xlsx/Label Report - Joint IP Ownership.xlsx.metadata,101,False
data/raw/cuad/.cache/huggingface/download/CUAD_v1/label_group_xlsx/Label Report - Licenses (Group 4).xlsx.lock,0,False
data/raw/cuad/.cache/huggingface/download/CUAD_v1/label_group_xlsx/Label Report - Licenses (Group 4).xlsx.metadata,100,False
data/raw/cuad/.cache/huggingface/download/CUAD_v1/label_group_xlsx/Label Report - Liquidated Damages.xlsx.lock,0,False
data/raw/cuad/.cache/huggingface/download/CUAD_v1/label_group_xlsx/Label Report - Liquidated Damages.xlsx.metadata,100,False
data/raw/cuad/.cache/huggingface/download/CUAD_v1/label_group_xlsx/Label Report - Minimum Commitment.xlsx.lock,0,False
data/raw/cuad/.cache/huggingface/download/CUAD_v1/label_group_xlsx/Label Report - Minimum Commitment.xlsx.metadata,100,False
data/raw/cuad/.cache/huggingface/download/CUAD_v1/label_group_xlsx/Label Report - Most Favored Nation.xlsx.lock,0,False
data/raw/cuad/.cache/huggingface/download/CUAD_v1/label_group_xlsx/Label Report - Most Favored Nation.xlsx.metadata,100,False
data/raw/cuad/.cache/huggingface/download/CUAD_v1/label_group_xlsx/Label Report - No-Solicit of Employees.xlsx.lock,0,False
data/raw/cuad/.cache/huggingface/download/CUAD_v1/label_group_xlsx/Label Report - No-Solicit of Employees.xlsx.metadata,101,False
"data/raw/cuad/.cache/huggingface/download/CUAD_v1/label_group_xlsx/Label Report - Non-Compete, Exclusivity, No-Solicit of Customers (Group 2).xlsx.lock",0,False
"data/raw/cuad/.cache/huggingface/download/CUAD_v1/label_group_xlsx/Label Report - Non-Compete, Exclusivity, No-Solicit of Customers (Group 2).xlsx.metadata",101,False
data/raw/cuad/.cache/huggingface/download/CUAD_v1/label_group_xlsx/Label Report - Non-Disparagement.xlsx.lock,0,False
data/raw/cuad/.cache/huggingface/download/CUAD_v1/label_group_xlsx/Label Report - Non-Disparagement.xlsx.metadata,100,False
data/raw/cuad/.cache/huggingface/download/CUAD_v1/label_group_xlsx/Label Report - Parties.xlsx.lock,0,False
data/raw/cuad/.cache/huggingface/download/CUAD_v1/label_group_xlsx/Label Report - Parties.xlsx.metadata,101,False
data/raw/cuad/.cache/huggingface/download/CUAD_v1/label_group_xlsx/Label Report - Post-Termination Services.xlsx.lock,0,False
data/raw/cuad/.cache/huggingface/download/CUAD_v1/label_group_xlsx/Label Report - Post-Termination Services.xlsx.metadata,100,False
data/raw/cuad/.cache/huggingface/download/CUAD_v1/label_group_xlsx/Label Report - Price Restrictions.xlsx.lock,0,False
data/raw/cuad/.cache/huggingface/download/CUAD_v1/label_group_xlsx/Label Report - Price Restrictions.xlsx.metadata,101,False
data/raw/cuad/.cache/huggingface/download/CUAD_v1/label_group_xlsx/Label Report - ROFR-ROFO-ROFN.xlsx.lock,0,False
data/raw/cuad/.cache/huggingface/download/CUAD_v1/label_group_xlsx/Label Report - ROFR-ROFO-ROFN.xlsx.metadata,101,False
data/raw/cuad/.cache/huggingface/download/CUAD_v1/label_group_xlsx/Label Report - Revenue-Profit Sharing.xlsx.lock,0,False
data/raw/cuad/.cache/huggingface/download/CUAD_v1/label_group_xlsx/Label Report - Revenue-Profit Sharing.xlsx.metadata,101,False
data/raw/cuad/.cache/huggingface/download/CUAD_v1/label_group_xlsx/Label Report - Source Code Escrow.xlsx.lock,0,False
data/raw/cuad/.cache/huggingface/download/CUAD_v1/label_group_xlsx/Label Report - Source Code Escrow.xlsx.metadata,101,False
data/raw/cuad/.cache/huggingface/download/CUAD_v1/label_group_xlsx/Label Report - Termination for Convenience.xlsx.lock,0,False
data/raw/cuad/.cache/huggingface/download/CUAD_v1/label_group_xlsx/Label Report - Termination for Convenience.xlsx.metadata,100,False
data/raw/cuad/.cache/huggingface/download/CUAD_v1/label_group_xlsx/Label Report - Third Party Beneficiary.xlsx.lock,0,False
data/raw/cuad/.cache/huggingface/download/CUAD_v1/label_group_xlsx/Label Report - Third Party Beneficiary.xlsx.metadata,101,False
data/raw/cuad/.cache/huggingface/download/CUAD_v1/label_group_xlsx/Label Report - Uncapped Liability (Group 5).xlsx.lock,0,False
data/raw/cuad/.cache/huggingface/download/CUAD_v1/label_group_xlsx/Label Report - Uncapped Liability (Group 5).xlsx.metadata,100,False
data/raw/cuad/.cache/huggingface/download/CUAD_v1/label_group_xlsx/Label Report - Unlimited-All-You-Can-Eat License.xlsx.lock,0,False
data/raw/cuad/.cache/huggingface/download/CUAD_v1/label_group_xlsx/Label Report - Unlimited-All-You-Can-Eat License.xlsx.metadata,100,False
data/raw/cuad/.cache/huggingface/download/CUAD_v1/label_group_xlsx/Label Report - Volume Restriction.xlsx.lock,0,False
data/raw/cuad/.cache/huggingface/download/CUAD_v1/label_group_xlsx/Label Report - Volume Restriction.xlsx.metadata,101,False
data/raw/cuad/.cache/huggingface/download/CUAD_v1/label_group_xlsx/Label Report - Warranty Duration.xlsx.lock,0,False
data/raw/cuad/.cache/huggingface/download/CUAD_v1/label_group_xlsx/Label Report - Warranty Duration.xlsx.metadata,100,False
data/raw/cuad/.cache/huggingface/download/CUAD_v1/master_clauses.csv.lock,0,False
data/raw/cuad/.cache/huggingface/download/CUAD_v1/master_clauses.csv.metadata,101,False
data/raw/cuad/.cache/huggingface/download/CUAD_v1/master_clauses.xlsx.lock,0,False
data/raw/cuad/.cache/huggingface/download/CUAD_v1/master_clauses.xlsx.metadata,125,False
data/raw/cuad/.cache/huggingface/download/README.md.lock,0,False
data/raw/cuad/.cache/huggingface/download/README.md.metadata,100,False
data/raw/cuad/.cache/huggingface/trees/a3c393f5d103fd0c516374e4fdff676c8176dcb1.json,156915,False
data/raw/cuad/.gitattributes,4202,False
data/raw/cuad/CUAD_v1/CUAD v1 ReadMe _ Datasheet/CUAD_v1_README.txt,26340,False
data/raw/cuad/CUAD_v1/CUAD v1 ReadMe _ Datasheet/Datasheet_for_Contract_Understanding_Atticus_Dataset_(CUAD)_v1.pdf,159490,False
data/raw/cuad/CUAD_v1/CUAD_v1.json,40128638,False
data/raw/cuad/CUAD_v1/full_contract_pdf/Part_I/Affiliate_Agreements/CreditcardscomInc_20070810_S-1_EX-10.33_362297_EX-10.33_Affiliate Agreement.pdf,133922,False
data/raw/cuad/CUAD_v1/full_contract_pdf/Part_I/Affiliate_Agreements/CybergyHoldingsInc_20140520_10-Q_EX-10.27_8605784_EX-10.27_Affiliate Agreement.pdf,134300,False
data/raw/cuad/CUAD_v1/full_contract_pdf/Part_I/Affiliate_Agreements/DigitalCinemaDestinationsCorp_20111220_S-1_EX-10.10_7346719_EX-10.10_Affiliate Agreement.pdf,217908,False
data/raw/cuad/CUAD_v1/full_contract_pdf/Part_I/Affiliate_Agreements/LinkPlusCorp_20050802_8-K_EX-10_3240252_EX-10_Affiliate Agreement.pdf,88121,False
data/raw/cuad/CUAD_v1/full_contract_pdf/Part_I/Affiliate_Agreements/SouthernStarEnergyInc_20051202_SB-2A_EX-9_801890_EX-9_Affiliate Agreement.pdf,88345,False
data/raw/cuad/CUAD_v1/full_contract_pdf/Part_I/Affiliate_Agreements/SteelVaultCorp_20081224_10-K_EX-10.16_3074935_EX-10.16_Affiliate Agreement.pdf,81269,False
data/raw/cuad/CUAD_v1/full_contract_pdf/Part_I/Affiliate_Agreements/TubeMediaCorp_20060310_8-K_EX-10.1_513921_EX-10.1_Affiliate Agreement.pdf,275856,False
data/raw/cuad/CUAD_v1/full_contract_pdf/Part_I/Affiliate_Agreements/UnionDentalHoldingsInc_20050204_8-KA_EX-10_3345577_EX-10_Affiliate Agreement.pdf,80849,False
data/raw/cuad/CUAD_v1/full_contract_pdf/Part_I/Affiliate_Agreements/UsioInc_20040428_SB-2_EX-10.11_1723988_EX-10.11_Affiliate Agreement 2.pdf,107292,False
data/raw/cuad/CUAD_v1/full_contract_pdf/Part_I/Co_Branding/2ThemartComInc_19990826_10-12G_EX-10.10_6700288_EX-10.10_Co-Branding Agreement_ Agency Agreement.pdf,109658,False
data/raw/cuad/CUAD_v1/full_contract_pdf/Part_I/Co_Branding/DeltathreeInc_19991102_S-1A_EX-10.19_6227850_EX-10.19_Co-Branding Agreement_ Service Agreement.pdf,126438,False
data/raw/cuad/CUAD_v1/full_contract_pdf/Part_I/Co_Branding/EbixInc_20010515_10-Q_EX-10.3_4049767_EX-10.3_Co-Branding Agreement.pdf,112650,False
data/raw/cuad/CUAD_v1/full_contract_pdf/Part_I/Co_Branding/EdietsComInc_20001030_10QSB_EX-10.4_2606646_EX-10.4_Co-Branding Agreement.pdf,141144,False
data/raw/cuad/CUAD_v1/full_contract_pdf/Part_I/Co_Branding/EmbarkComInc_19991008_S-1A_EX-10.10_6487661_EX-10.10_Co-Branding Agreement.pdf,115953,False
data/raw/cuad/CUAD_v1/full_contract_pdf/Part_I/Co_Branding/HealthcentralCom_19991108_S-1A_EX-10.27_6623292_EX-10.27_Co-Branding Agreement.pdf,83939,False
data/raw/cuad/CUAD_v1/full_contract_pdf/Part_I/Co_Branding/ImpresseCorp_20000322_S-1A_EX-10.11_5199234_EX-10.11_Co-Branding Agreement.pdf,140076,False
data/raw/cuad/CUAD_v1/full_contract_pdf/Part_I/Co_Branding/IntegrityMediaInc_20010329_10-K405_EX-10.17_2373875_EX-10.17_Co-Branding Agreement.pdf,62746,False
data/raw/cuad/CUAD_v1/full_contract_pdf/Part_I/Co_Branding/InvendaCorp_20000828_S-1A_EX-10.2_2588206_EX-10.2_Co-Branding Agreement.pdf,193002,False
data/raw/cuad/CUAD_v1/full_contract_pdf/Part_I/Co_Branding/LeadersonlineInc_20000427_S-1A_EX-10.8_4991089_EX-10.8_Co-Branding Agreement.pdf,138074,False
data/raw/cuad/CUAD_v1/full_contract_pdf/Part_I/Co_Branding/MphaseTechnologiesInc_20030911_10-K_EX-10.15_1560667_EX-10.15_Co-Branding Agreement.pdf,47002,False
data/raw/cuad/CUAD_v1/full_contract_pdf/Part_I/Co_Branding/MusclepharmCorp_20170208_10-KA_EX-10.38_9893581_EX-10.38_Co-Branding Agreement.pdf,275429,False
data/raw/cuad/CUAD_v1/full_contract_pdf/Part_I/Co_Branding/NeoformaInc_19991202_S-1A_EX-10.26_5224521_EX-10.26_Co-Branding Agreement.pdf,176956,False
data/raw/cuad/CUAD_v1/full_contract_pdf/Part_I/Co_Branding/PaperexchangeComInc_20000322_S-1A_EX-10.4_5202103_EX-10.4_Co-Branding Agreement.pdf,229986,False
data/raw/cuad/CUAD_v1/full_contract_pdf/Part_I/Co_Branding/PcquoteComInc_19990721_S-1A_EX-10.11_6377149_EX-10.11_Co-Branding Agreement1.pdf,60048,False
data/raw/cuad/CUAD_v1/full_contract_pdf/Part_I/Co_Branding/PcquoteComInc_19990721_S-1A_EX-10.11_6377149_EX-10.11_Co-Branding Agreement2.pdf,42174,False
data/raw/cuad/CUAD_v1/full_contract_pdf/Part_I/Co_Branding/PcquoteComInc_19990721_S-1A_EX-10.11_6377149_EX-10.11_Co-Branding Agreement3.pdf,43389,False
data/raw/cuad/CUAD_v1/full_contract_pdf/Part_I/Co_Branding/RaeSystemsInc_20001114_10-Q_EX-10.57_2631790_EX-10.57_Co-Branding Agreement.pdf,133944,False
data/raw/cuad/CUAD_v1/full_contract_pdf/Part_I/Co_Branding/RandWorldwideInc_20010402_8-KA_EX-10.2_2102464_EX-10.2_Co-Branding Agreement.pdf,169449,False
data/raw/cuad/CUAD_v1/full_contract_pdf/Part_I/Co_Branding/StampscomInc_20001114_10-Q_EX-10.47_2631630_EX-10.47_Co-Branding Agreement.pdf,213838,False
data/raw/cuad/CUAD_v1/full_contract_pdf/Part_I/Co_Branding/TheglobeComInc_19990503_S-1A_EX-10.20_5416126_EX-10.20_Co-Branding Agreement.pdf,174829,False
data/raw/cuad/CUAD_v1/full_contract_pdf/Part_I/Co_Branding/TomOnlineInc_20060501_20-F_EX-4.46_749700_EX-4.46_Co-Branding Agreement.pdf,278409,False
data/raw/cuad/CUAD_v1/full_contract_pdf/Part_I/Development/AimmuneTherapeuticsInc_20200205_8-K_EX-10.3_11967170_EX-10.3_Development Agreement.pdf,418283,False
data/raw/cuad/CUAD_v1/full_contract_pdf/Part_I/Development/ArcaUsTreasuryFund_20200207_N-2_EX-99.K5_11971930_EX-99.K5_Development Agreement.pdf,171798,False
data/raw/cuad/CUAD_v1/full_contract_pdf/Part_I/Development/ClickstreamCorp_20200330_1-A_EX1A-6 MAT CTRCT_12089935_EX1A-6 MAT CTRCT_Development Agreement.pdf,159628,False
data/raw/cuad/CUAD_v1/full_contract_pdf/Part_I/Development/CnsPharmaceuticalsInc_20200326_8-K_EX-10.1_12079626_EX-10.1_Development Agreement.pdf,150019,False
data/raw/cuad/CUAD_v1/full_contract_pdf/Part_I/Development/CoherusBiosciencesInc_20200227_10-K_EX-10.29_12021376_EX-10.29_Development Agreement.pdf,364388,False
data/raw/cuad/CUAD_v1/full_contract_pdf/Part_I/Development/ConformisInc_20191101_10-Q_EX-10.6_11861402_EX-10.6_Development Agreement.pdf,262917,False
data/raw/cuad/CUAD_v1/full_contract_pdf/Part_I/Development/ElPolloLocoHoldingsInc_20200306_10-K_EX-10.16_12041700_EX-10.16_Development Agreement.pdf,241631,False
data/raw/cuad/CUAD_v1/full_contract_pdf/Part_I/Development/EmeraldHealthBioceuticalsInc_20200218_1-A_EX1A-6 MAT CTRCT_11987205_EX1A-6 MAT CTRCT_Development Agreement.pdf,131824,False
data/raw/cuad/CUAD_v1/full_contract_pdf/Part_I/Development/EtonPharmaceuticalsInc_20191114_10-Q_EX-10.1_11893941_EX-10.1_Development Agreement.pdf,247649,False
data/raw/cuad/CUAD_v1/full_contract_pdf/Part_I/Development/FuelcellEnergyInc_20191106_8-K_EX-10.1_11868007_EX-10.1_Development Agreement.pdf,292361,False
data/raw/cuad/CUAD_v1/full_contract_pdf/Part_I/Development/HarpoonTherapeuticsInc_20200312_10-K_EX-10.18_12051356_EX-10.18_Development Agreement_Option Agreement.pdf,487860,False
data/raw/cuad/CUAD_v1/full_contract_pdf/Part_I/Development/HfEnterprisesInc_20191223_S-1_EX-10.22_11931299_EX-10.22_Development Agreement.pdf,161978,False
data/raw/cuad/CUAD_v1/full_contract_pdf/Part_I/Development/IbioInc_20200313_8-K_EX-10.1_12052678_EX-10.1_Development Agreement.pdf,202726,False
data/raw/cuad/CUAD_v1/full_contract_pdf/Part_I/Development/LegacyEducationAllianceInc_20200330_10-K_EX-10.18_12090678_EX-10.18_Development Agreement.pdf,209321,False
data/raw/cuad/CUAD_v1/full_contract_pdf/Part_I/Development/LiquidmetalTechnologiesInc_20200205_8-K_EX-10.1_11968198_EX-10.1_Development Agreement.pdf,225059,False
data/raw/cuad/CUAD_v1/full_contract_pdf/Part_I/Development/NlsPharmaceuticsLtd_20200228_F-1_EX-10.14_12029046_EX-10.14_Development Agreement.pdf,247377,False
data/raw/cuad/CUAD_v1/full_contract_pdf/Part_I/Development/PelicanDeliversInc_20200211_S-1_EX-10.3_11975895_EX-10.3_Development Agreement1.pdf,212900,False
data/raw/cuad/CUAD_v1/full_contract_pdf/Part_I/Development/PelicanDeliversInc_20200211_S-1_EX-10.3_11975895_EX-10.3_Development Agreement2.pdf,182538,False
data/raw/cuad/CUAD_v1/full_contract_pdf/Part_I/Development/PhasebioPharmaceuticalsInc_20200330_10-K_EX-10.21_12086810_EX-10.21_Development Agreement.pdf,529547,False
data/raw/cuad/CUAD_v1/full_contract_pdf/Part_I/Development/ReedsInc_20191113_10-Q_EX-10.4_11888303_EX-10.4_Development Agreement.pdf,187096,False
data/raw/cuad/CUAD_v1/full_contract_pdf/Part_I/Development/RevolutionMedicinesInc_20200117_S-1_EX-10.1_11948417_EX-10.1_Development Agreement.pdf,500981,False
data/raw/cuad/CUAD_v1/full_contract_pdf/Part_I/Development/RitterPharmaceuticalsInc_20200313_S-4A_EX-10.54_12055220_EX-10.54_Development Agreement.pdf,1008546,False
data/raw/cuad/CUAD_v1/full_contract_pdf/Part_I/Development/VgrabCommunicationsInc_20200129_10-K_EX-10.33_11958828_EX-10.33_Development Agreement.pdf,279563,False
data/raw/cuad/CUAD_v1/full_contract_pdf/Part_I/Distributor/FuseMedicalInc_20190321_10-K_EX-10.43_11575454_EX-10.43_Distributor Agreement.pdf,168013,False
data/raw/cuad/CUAD_v1/full_contract_pdf/Part_I/Distributor/GentechHoldingsInc_20190808_1-A_EX1A-6 MAT CTRCT_11776814_EX1A-6 MAT CTRCT_Distributor Agreement.pdf,156725,False
data/raw/cuad/CUAD_v1/full_contract_pdf/Part_I/Distributor/ImineCorp_20180725_S-1_EX-10.5_11275970_EX-10.5_Distributor Agreement.pdf,147750,False
data/raw/cuad/CUAD_v1/full_contract_pdf/Part_I/Distributor/InnerscopeHearingTechnologiesInc_20181109_8-K_EX-10.6_11419704_EX-10.6_Distributor Agreement.pdf,145957,False
data/raw/cuad/CUAD_v1/full_contract_pdf/Part_I/Distributor/PrecheckHealthServicesInc_20200320_8-K_EX-99.2_12070169_EX-99.2_Distributor Agreement.pdf,692850,False
data/raw/cuad/CUAD_v1/full_contract_pdf/Part_I/Distributor/ScansourceInc_20190509_10-Q_EX-10.2_11661422_EX-10.2_Distributor Agreement.pdf,152713,False
data/raw/cuad/CUAD_v1/full_contract_pdf/Part_I/Distributor/ScansourceInc_20190822_10-K_EX-10.38_11793958_EX-10.38_Distributor Agreement1.pdf,292808,False
data/raw/cuad/CUAD_v1/full_contract_pdf/Part_I/Distributor/ScansourceInc_20190822_10-K_EX-10.38_11793958_EX-10.38_Distributor Agreement2.pdf,186046,False
data/raw/cuad/CUAD_v1/full_contract_pdf/Part_I/Distributor/ScansourceInc_20190822_10-K_EX-10.39_11793959_EX-10.39_Distributor Agreement.pdf,124647,False
data/raw/cuad/CUAD_v1/full_contract_pdf/Part_I/Distributor/SmartRxSystemsInc_20180914_1-A_EX1A-6 MAT CTRCT_11351705_EX1A-6 MAT CTRCT_Distributor Agreement.pdf,198323,False
data/raw/cuad/CUAD_v1/full_contract_pdf/Part_I/Distributor/StaarSurgicalCompany_20180801_10-Q_EX-10.37_11289449_EX-10.37_Distributor Agreement.pdf,191632,False
data/raw/cuad/CUAD_v1/full_contract_pdf/Part_I/Distributor/WaterNowInc_20191120_10-Q_EX-10.12_11900227_EX-10.12_Distributor Agreement.pdf,240529,False
data/raw/cuad/CUAD_v1/full_contract_pdf/Part_I/Distributor/ZogenixInc_20190509_10-Q_EX-10.2_11663313_EX-10.2_Distributor Agreement.pdf,447391,False
data/raw/cuad/CUAD_v1/full_contract_pdf/Part_I/Endorsement/BerkshireHillsBancorpInc_20120809_10-Q_EX-10.16_7708169_EX-10.16_Endorsement Agreement.pdf,91341,False
data/raw/cuad/CUAD_v1/full_contract_pdf/Part_I/Endorsement/BizzingoInc_20120322_8-K_EX-10.17_7504499_EX-10.17_Endorsement Agreement.pdf,100024,False
data/raw/cuad/CUAD_v1/full_contract_pdf/Part_I/Endorsement/EcoScienceSolutionsInc_20171117_8-K_EX-10.1_10956472_EX-10.1_Endorsement Agreement.pdf,123193,False
data/raw/cuad/CUAD_v1/full_contract_pdf/Part_I/Endorsement/GridironBionutrientsInc_20171206_8-K_EX-10.1_10972555_EX-10.1_Endorsement Agreement.pdf,317514,False
data/raw/cuad/CUAD_v1/full_contract_pdf/Part_I/Endorsement/GridironBionutrientsInc_20171206_8-K_EX-10.2_10972556_EX-10.2_Endorsement Agreement.pdf,160922,False
data/raw/cuad/CUAD_v1/full_contract_pdf/Part_I/Endorsement/LegacyEducationAllianceInc_20141110_8-K_EX-10.9_8828866_EX-10.9_Endorsement Agreement.pdf,138672,False
data/raw/cuad/CUAD_v1/full_contract_pdf/Part_I/Endorsement/LifewayFoodsInc_20160316_10-K_EX-10.24_9489766_EX-10.24_Endorsement Agreement.pdf,159120,False
data/raw/cuad/CUAD_v1/full_contract_pdf/Part_I/Endorsement/NakedBrandGroupInc_20150731_POS AM (on S-1)_EX-10.75_9196027_EX-10.75_Endorsement Agreement.pdf,244901,False
data/raw/cuad/CUAD_v1/full_contract_pdf/Part_I/Endorsement/PapaJohnsInternationalInc_20190617_8-K_EX-10.1_11707365_EX-10.1_Endorsement Agreement.pdf,221663,False
data/raw/cuad/CUAD_v1/full_contract_pdf/Part_I/Endorsement/PerformanceSportsBrandsInc_20110909_S-1_EX-10.10_7220214_EX-10.10_Endorsement Agreement.pdf,116932,False
data/raw/cuad/CUAD_v1/full_contract_pdf/Part_I/Endorsement/PharmagenInc_20120803_8-KA_EX-10.1_7693204_EX-10.1_Endorsement Agreement.pdf,76808,False
data/raw/cuad/CUAD_v1/full_contract_pdf/Part_I/Endorsement/PrudentialBancorpInc_20170606_8-K_EX-10.4_10474434_EX-10.4_Endorsement Agreement.pdf,147677,False
data/raw/cuad/CUAD_v1/full_contract_pdf/Part_I/Endorsement/ThriventVariableInsuranceAccountB_20190701_N-6_EX-99.D(IV)_11720968_EX-99.D(IV)_Endorsement Agreement.pdf,151711,False
data/raw/cuad/CUAD_v1/full_contract_pdf/Part_I/Franchise/PfHospitalityGroupInc_20150923_10-12G_EX-10.1_9266710_EX-10.1_Franchise Agreement1.pdf,373486,False
data/raw/cuad/CUAD_v1/full_contract_pdf/Part_I/Franchise/PfHospitalityGroupInc_20150923_10-12G_EX-10.1_9266710_EX-10.1_Franchise Agreement3.pdf,123560,False
data/raw/cuad/CUAD_v1/full_contract_pdf/Part_I/Franchise/RgcResourcesInc_20151216_8-K_EX-10.3_9372751_EX-10.3_Franchise Agreement.pdf,103990,False
data/raw/cuad/CUAD_v1/full_contract_pdf/Part_I/Franchise/SimplicityEsportsGamingCompany_20181130_8-K_EX-10.1_11444071_EX-10.1_Franchise Agreement.pdf,152483,False
data/raw/cuad/CUAD_v1/full_contract_pdf/Part_I/Franchise/SoupmanInc_20150814_8-K_EX-10.1_9230148_EX-10.1_Franchise Agreement1.pdf,348836,False
data/raw/cuad/CUAD_v1/full_contract_pdf/Part_I/Franchise/SoupmanInc_20150814_8-K_EX-10.1_9230148_EX-10.1_Franchise Agreement2.pdf,116986,False
data/raw/cuad/CUAD_v1/full_contract_pdf/Part_I/Franchise/SoupmanInc_20150814_8-K_EX-10.1_9230148_EX-10.1_Franchise Agreement3.pdf,113398,False
data/raw/cuad/CUAD_v1/full_contract_pdf/Part_I/Franchise/SoupmanInc_20150814_8-K_EX-10.1_9230148_EX-10.1_Franchise Agreement4.pdf,116033,False
data/raw/cuad/CUAD_v1/full_contract_pdf/Part_I/Hosting/Freecook_20180605_S-1_EX-10.3_11233807_EX-10.3_Hosting Agreement.pdf,133030,False
data/raw/cuad/CUAD_v1/full_contract_pdf/Part_I/Hosting/PareteumCorp_20081001_8-K_EX-99.1_2654808_EX-99.1_Hosting Agreement.pdf,278128,False
data/raw/cuad/CUAD_v1/full_contract_pdf/Part_I/Hosting/QuantumGroupIncFl_20090120_8-K_EX-99.2_3672910_EX-99.2_Hosting Agreement.pdf,430391,False
data/raw/cuad/CUAD_v1/full_contract_pdf/Part_I/Hosting/VitalibisInc_20180316_8-K_EX-10.2_11100168_EX-10.2_Hosting Agreement.pdf,232210,False
data/raw/cuad/CUAD_v1/full_contract_pdf/Part_I/IP/ArmstrongFlooringInc_20190107_8-K_EX-10.2_11471795_EX-10.2_Intellectual Property Agreement.pdf,616962,False
data/raw/cuad/CUAD_v1/full_contract_pdf/Part_I/IP/CerenceInc_20191002_8-K_EX-10.4_11827494_EX-10.4_Intellectual Property Agreement.pdf,193486,False
data/raw/cuad/CUAD_v1/full_contract_pdf/Part_I/IP/GarrettMotionInc_20181001_8-K_EX-2.4_11364532_EX-2.4_Intellectual Property Agreement.pdf,214178,False
data/raw/cuad/CUAD_v1/full_contract_pdf/Part_I/IP/RareElementResourcesLtd_20171019_SC 13D_EX-99.4_10897534_EX-99.4_Intellectual Property Agreement.pdf,180502,False
data/raw/cuad/CUAD_v1/full_contract_pdf/Part_I/Joint Venture/ACCELERATEDTECHNOLOGIESHOLDINGCORP_04_24_2003-EX-10.13-JOINT VENTURE AGREEMENT.PDF,47559,False
"data/raw/cuad/CUAD_v1/full_contract_pdf/Part_I/Joint Venture/BORROWMONEYCOM,INC_06_11_2020-EX-10.1-JOINT VENTURE AGREEMENT.PDF",158310,False
"data/raw/cuad/CUAD_v1/full_contract_pdf/Part_I/Joint Venture/GALERATHERAPEUTICS,INC_02_14_2020-EX-99.A-JOINT FILING AGREEMENT.PDF",79581,False
data/raw/cuad/CUAD_v1/full_contract_pdf/Part_I/Joint Venture/IMPCOTECHNOLOGIESINC_04_15_2003-EX-10.65-JOINT VENTURE AGREEMENT.PDF,187259,False
"data/raw/cuad/CUAD_v1/full_contract_pdf/Part_I/Joint Venture/KIROMICBIOPHARMA,INC_04_08_2020-EX-10.28-JOINT VENTURE AGREEMENT.PDF",139882,False
"data/raw/cuad/CUAD_v1/full_contract_pdf/Part_I/Joint Venture/NOVOINTEGRATEDSCIENCES,INC_12_23_2019-EX-10.1-JOINT VENTURE AGREEMENT.PDF",145850,False
"data/raw/cuad/CUAD_v1/full_contract_pdf/Part_I/Joint Venture/TRANSPHORM,INC_02_14_2020-EX-10.12(1)-JOINT VENTURE AGREEMENT.PDF",255544,False
data/raw/cuad/CUAD_v1/full_contract_pdf/Part_I/Joint Venture/VALENCETECHNOLOGYINC_02_14_2003-EX-10-JOINT VENTURE CONTRACT.PDF,106365,False
"data/raw/cuad/CUAD_v1/full_contract_pdf/Part_I/Joint Venture/VEONEER,INC_02_21_2020-EX-10.11-JOINT VENTURE AGREEMENT.PDF",119848,False
data/raw/cuad/CUAD_v1/full_contract_pdf/Part_I/License_Agreements/AlliedEsportsEntertainmentInc_20190815_8-K_EX-10.19_11788293_EX-10.19_Content License Agreement.pdf,176502,False
data/raw/cuad/CUAD_v1/full_contract_pdf/Part_I/License_Agreements/ArconicRolledProductsCorp_20191217_10-12B_EX-2.7_11923804_EX-2.7_Trademark License Agreement.pdf,152678,False
data/raw/cuad/CUAD_v1/full_contract_pdf/Part_I/License_Agreements/ArtaraTherapeuticsInc_20200110_8-K_EX-10.5_11943350_EX-10.5_License Agreement.pdf,227144,False
data/raw/cuad/CUAD_v1/full_contract_pdf/Part_I/License_Agreements/ChinaRealEstateInformationCorp_20090929_F-1_EX-10.32_4771615_EX-10.32_Content License Agreement.pdf,122551,False
data/raw/cuad/CUAD_v1/full_contract_pdf/Part_I/License_Agreements/CytodynInc_20200109_10-Q_EX-10.5_11941634_EX-10.5_License Agreement.pdf,346013,False
data/raw/cuad/CUAD_v1/full_contract_pdf/Part_I/License_Agreements/DataCallTechnologies_20060918_SB-2A_EX-10.9_944510_EX-10.9_Content License Agreement.pdf,54491,False
data/raw/cuad/CUAD_v1/full_contract_pdf/Part_I/License_Agreements/EuromediaHoldingsCorp_20070215_10SB12G_EX-10.B(01)_525118_EX-10.B(01)_Content License Agreement.pdf,159478,False
data/raw/cuad/CUAD_v1/full_contract_pdf/Part_I/License_Agreements/FulucaiProductionsLtd_20131223_10-Q_EX-10.9_8368347_EX-10.9_Content License Agreement.pdf,110262,False
data/raw/cuad/CUAD_v1/full_contract_pdf/Part_I/License_Agreements/GlobalTechnologiesGroupInc_20050928_10KSB_EX-10.9_4148808_EX-10.9_Content License Agreement.pdf,203465,False
data/raw/cuad/CUAD_v1/full_contract_pdf/Part_I/License_Agreements/GluMobileInc_20070319_S-1A_EX-10.09_436630_EX-10.09_Content License Agreement1.pdf,327959,False
data/raw/cuad/CUAD_v1/full_contract_pdf/Part_I/License_Agreements/GluMobileInc_20070319_S-1A_EX-10.09_436630_EX-10.09_Content License Agreement2.pdf,158321,False
data/raw/cuad/CUAD_v1/full_contract_pdf/Part_I/License_Agreements/GluMobileInc_20070319_S-1A_EX-10.09_436630_EX-10.09_Content License Agreement3.pdf,116550,False
data/raw/cuad/CUAD_v1/full_contract_pdf/Part_I/License_Agreements/GluMobileInc_20070319_S-1A_EX-10.09_436630_EX-10.09_Content License Agreement4.pdf,160698,False
data/raw/cuad/CUAD_v1/full_contract_pdf/Part_I/License_Agreements/GopageCorp_20140221_10-K_EX-10.1_8432966_EX-10.1_Content License Agreement.pdf,139643,False
data/raw/cuad/CUAD_v1/full_contract_pdf/Part_I/License_Agreements/GpaqAcquisitionHoldingsInc_20200123_S-4A_EX-10.6_11951677_EX-10.6_License Agreement.pdf,218517,False
data/raw/cuad/CUAD_v1/full_contract_pdf/Part_I/License_Agreements/HertzGroupRealtyTrustInc_20190920_S-11A_EX-10.8_11816941_EX-10.8_Trademark License Agreement.pdf,156777,False
data/raw/cuad/CUAD_v1/full_contract_pdf/Part_I/License_Agreements/IdeanomicsInc_20151124_8-K_EX-10.2_9354744_EX-10.2_Content License Agreement.pdf,210577,False
data/raw/cuad/CUAD_v1/full_contract_pdf/Part_I/License_Agreements/IdeanomicsInc_20160330_10-K_EX-10.26_9512211_EX-10.26_Content License Agreement.pdf,266980,False
data/raw/cuad/CUAD_v1/full_contract_pdf/Part_I/License_Agreements/LejuHoldingsLtd_20140121_DRS (on F-1)_EX-10.26_8473102_EX-10.26_Content License Agreement1.pdf,224717,False
data/raw/cuad/CUAD_v1/full_contract_pdf/Part_I/License_Agreements/LejuHoldingsLtd_20140121_DRS (on F-1)_EX-10.26_8473102_EX-10.26_Content License Agreement2.pdf,118202,False
data/raw/cuad/CUAD_v1/full_contract_pdf/Part_I/License_Agreements/MidwestEnergyEmissionsCorp_20080604_8-K_EX-10.2_3093976_EX-10.2_Content License Agreement.pdf,154308,False
data/raw/cuad/CUAD_v1/full_contract_pdf/Part_I/License_Agreements/MorganStanleyDirectLendingFund_20191119_10-12GA_EX-10.5_11898508_EX-10.5_Trademark License Agreement.pdf,176972,False
data/raw/cuad/CUAD_v1/full_contract_pdf/Part_I/License_Agreements/NmfSlfIInc_20200115_10-12GA_EX-10.5_11946987_EX-10.5_Trademark License Agreement.pdf,142678,False
data/raw/cuad/CUAD_v1/full_contract_pdf/Part_I/License_Agreements/PacificapEntertainmentHoldingsInc_20051115_8-KA_EX-1.01_4300894_EX-1.01_Content License Agreement.pdf,146156,False
data/raw/cuad/CUAD_v1/full_contract_pdf/Part_I/License_Agreements/PalmerSquareCapitalBdcInc_20200116_10-12GA_EX-10.6_11949289_EX-10.6_Trademark License Agreement.pdf,147152,False
data/raw/cuad/CUAD_v1/full_contract_pdf/Part_I/License_Agreements/PhoenixNewMediaLtd_20110421_F-1_EX-10.17_6958322_EX-10.17_Content License Agreement.pdf,78083,False
data/raw/cuad/CUAD_v1/full_contract_pdf/Part_I/License_Agreements/PlayboyEnterprisesInc_20090220_10-QA_EX-10.2_4091580_EX-10.2_Content License Agreement_ Marketing Agreement_ Sales-Purchase Agreement1.pdf,583647,False
data/raw/cuad/CUAD_v1/full_contract_pdf/Part_I/License_Agreements/PlayboyEnterprisesInc_20090220_10-QA_EX-10.2_4091580_EX-10.2_Content License Agreement_ Marketing Agreement_ Sales-Purchase Agreement2.pdf,49510,False
data/raw/cuad/CUAD_v1/full_contract_pdf/Part_I/License_Agreements/RemarkHoldingsInc_20081114_10-Q_EX-10.24_2895649_EX-10.24_Content License Agreement.pdf,288065,False
data/raw/cuad/CUAD_v1/full_contract_pdf/Part_I/License_Agreements/VirtuosoSurgicalInc_20191227_1-A_EX1A-6 MAT CTRCT_11933379_EX1A-6 MAT CTRCT_License Agreement.pdf,197269,False
data/raw/cuad/CUAD_v1/full_contract_pdf/Part_I/License_Agreements/WatchitMediaInc_20061201_8-K_EX-10.1_4148672_EX-10.1_Content License Agreement.pdf,94762,False
data/raw/cuad/CUAD_v1/full_contract_pdf/Part_I/License_Agreements/WebmdHealthCorp_20050908_S-1A_EX-10.7_1027007_EX-10.7_Content License Agreement.pdf,159902,False
data/raw/cuad/CUAD_v1/full_contract_pdf/Part_I/License_Agreements/XinhuaSportsEntertainmentLtd_20070221_F-1_EX-99.4_645553_EX-99.4_Content License Agreement.pdf,74269,False
data/raw/cuad/CUAD_v1/full_contract_pdf/Part_I/Maintenance/AtnInternationalInc_20191108_10-Q_EX-10.1_11878541_EX-10.1_Maintenance Agreement.pdf,477104,False
data/raw/cuad/CUAD_v1/full_contract_pdf/Part_I/Maintenance/AzulSa_20170303_F-1A_EX-10.3_9943903_EX-10.3_Maintenance Agreement1.pdf,824876,False
data/raw/cuad/CUAD_v1/full_contract_pdf/Part_I/Maintenance/AzulSa_20170303_F-1A_EX-10.3_9943903_EX-10.3_Maintenance Agreement2.pdf,193120,False
data/raw/cuad/CUAD_v1/full_contract_pdf/Part_I/Maintenance/BloomEnergyCorp_20180321_DRSA (on S-1)_EX-10_11240356_EX-10_Maintenance Agreement.pdf,366384,False
data/raw/cuad/CUAD_v1/full_contract_pdf/Part_I/Maintenance/CardlyticsInc_20180112_S-1_EX-10.16_11002987_EX-10.16_Maintenance Agreement1.pdf,394482,False
data/raw/cuad/CUAD_v1/full_contract_pdf/Part_I/Maintenance/CardlyticsInc_20180112_S-1_EX-10.16_11002987_EX-10.16_Maintenance Agreement2.pdf,148526,False
data/raw/cuad/CUAD_v1/full_contract_pdf/Part_I/Maintenance/CardlyticsInc_20180112_S-1_EX-10.16_11002987_EX-10.16_Maintenance Agreement3.pdf,124738,False
data/raw/cuad/CUAD_v1/full_contract_pdf/Part_I/Maintenance/CardlyticsInc_20180112_S-1_EX-10.16_11002987_EX-10.16_Maintenance Agreement4.pdf,155527,False
data/raw/cuad/CUAD_v1/full_contract_pdf/Part_I/Maintenance/HerImports_20161018_8-KA_EX-10.14_9765707_EX-10.14_Maintenance Agreement.pdf,133480,False
data/raw/cuad/CUAD_v1/full_contract_pdf/Part_I/Manufacturing/BellringBrandsInc_20190920_S-1_EX-10.12_11817081_EX-10.12_Manufacturing Agreement1.pdf,206384,False
data/raw/cuad/CUAD_v1/full_contract_pdf/Part_I/Manufacturing/BellringBrandsInc_20190920_S-1_EX-10.12_11817081_EX-10.12_Manufacturing Agreement2.pdf,116609,False
data/raw/cuad/CUAD_v1/full_contract_pdf/Part_I/Manufacturing/BellringBrandsInc_20190920_S-1_EX-10.12_11817081_EX-10.12_Manufacturing Agreement3.pdf,126271,False
data/raw/cuad/CUAD_v1/full_contract_pdf/Part_I/Manufacturing/BellringBrandsInc_20190920_S-1_EX-10.12_11817081_EX-10.12_Manufacturing Agreement4.pdf,116203,False
data/raw/cuad/CUAD_v1/full_contract_pdf/Part_I/Manufacturing/InmodeLtd_20190729_F-1A_EX-10.9_11743243_EX-10.9_Manufacturing Agreement.pdf,177402,False
data/raw/cuad/CUAD_v1/full_contract_pdf/Part_I/Manufacturing/KitovPharmaLtd_20190326_20-F_EX-4.15_11584449_EX-4.15_Manufacturing Agreement.pdf,216322,False
data/raw/cuad/CUAD_v1/full_contract_pdf/Part_I/Manufacturing/NeuroboPharmaceuticalsInc_20190903_S-4_EX-10.36_11802165_EX-10.36_Manufacturing Agreement_ Supply Agreement.pdf,193616,False
data/raw/cuad/CUAD_v1/full_contract_pdf/Part_I/Manufacturing/UpjohnInc_20200121_10-12G_EX-2.6_11948692_EX-2.6_Manufacturing Agreement_ Supply Agreement.pdf,484132,False
data/raw/cuad/CUAD_v1/full_contract_pdf/Part_I/Marketing/AudibleInc_20001113_10-Q_EX-10.32_2599586_EX-10.32_Co-Branding Agreement_ Marketing Agreement_ Investment Distribution Agreement.pdf,215150,False
data/raw/cuad/CUAD_v1/full_contract_pdf/Part_I/Marketing/CcRealEstateIncomeFundadv_20181205_POS 8C_EX-99.(H)(3)_11447739_EX-99.(H)(3)_Marketing Agreement.pdf,211866,False
data/raw/cuad/CUAD_v1/full_contract_pdf/Part_I/Marketing/EmmisCommunicationsCorp_20191125_8-K_EX-10.6_11906433_EX-10.6_Marketing Agreement.pdf,140747,False
data/raw/cuad/CUAD_v1/full_contract_pdf/Part_I/Marketing/TodosMedicalLtd_20190328_20-F_EX-4.10_11587157_EX-4.10_Marketing Agreement_ Reseller Agreement.pdf,197615,False
data/raw/cuad/CUAD_v1/full_contract_pdf/Part_I/Marketing/VertexEnergyInc_20200113_8-K_EX-10.1_11943624_EX-10.1_Marketing Agreement.pdf,200914,False
data/raw/cuad/CUAD_v1/full_contract_pdf/Part_I/Marketing/XpresspaGroupInc_20190401_10-K_EX-10.28_11599457_EX-10.28_Marketing Agreement.pdf,216432,False
data/raw/cuad/CUAD_v1/full_contract_pdf/Part_I/Non_Compete_Non_Solicit/Quaker Chemical Corporation - NON COMPETITION AND NON SOLICITATION AGREEMENT.PDF,159637,False
"data/raw/cuad/CUAD_v1/full_contract_pdf/Part_I/Non_Compete_Non_Solicit/VIVINT SOLAR, INC. - NON-COMPETITION AGREEMENT.PDF",121876,False
data/raw/cuad/CUAD_v1/full_contract_pdf/Part_I/Non_Compete_Non_Solicit/WESTERN COPPER - NON-COMPETITION AGREEMENT.PDF,3683550,False
data/raw/cuad/CUAD_v1/full_contract_pdf/Part_I/Outsourcing/FerroglobePlc_20150624_F-4A_EX-10.20_9154746_EX-10.20_Outsourcing Agreement.pdf,230276,False
data/raw/cuad/CUAD_v1/full_contract_pdf/Part_I/Outsourcing/ImperialGardenResortInc_20161028_DRS (on F-1)_EX-10.13_9963189_EX-10.13_Outsourcing Agreement.pdf,127411,False
data/raw/cuad/CUAD_v1/full_contract_pdf/Part_I/Outsourcing/ParatekPharmaceuticalsInc_20170505_10-KA_EX-10.29_10323872_EX-10.29_Outsourcing Agreement.pdf,322773,False
data/raw/cuad/CUAD_v1/full_contract_pdf/Part_I/Outsourcing/PhotronicsInc_20171219_10-QA_EX-10.28_10982650_EX-10.28_Outsourcing Agreement.pdf,164768,False
data/raw/cuad/CUAD_v1/full_contract_pdf/Part_I/Promotion/DovaPharmaceuticalsInc_20181108_10-Q_EX-10.2_11414857_EX-10.2_Promotion Agreement.pdf,381686,False
data/raw/cuad/CUAD_v1/full_contract_pdf/Part_I/Promotion/ExactSciencesCorp_20180822_8-K_EX-10.1_11331629_EX-10.1_Promotion Agreement.pdf,387154,False
data/raw/cuad/CUAD_v1/full_contract_pdf/Part_I/Promotion/SigaTechnologiesInc_20190603_8-K_EX-10.1_11695818_EX-10.1_Promotion Agreement.pdf,409969,False
data/raw/cuad/CUAD_v1/full_contract_pdf/Part_I/Promotion/VnueInc_20150914_8-K_EX-10.1_9259571_EX-10.1_Promotion Agreement.pdf,120953,False
data/raw/cuad/CUAD_v1/full_contract_pdf/Part_I/Reseller/BravatekSolutionsInc_20170418_8-K_EX-10.1_10205739_EX-10.1_Reseller Agreement.pdf,156568,False
data/raw/cuad/CUAD_v1/full_contract_pdf/Part_I/Reseller/EhaveInc_20190515_20-F_EX-4.44_11678816_EX-4.44_License Agreement_ Reseller Agreement.pdf,237959,False
data/raw/cuad/CUAD_v1/full_contract_pdf/Part_I/Reseller/HealthcareIntegratedTechnologiesInc_20190812_8-K_EX-10.1_11776966_EX-10.1_Reseller Agreement.pdf,219462,False
data/raw/cuad/CUAD_v1/full_contract_pdf/Part_I/Reseller/IpassInc_20181203_8-K_EX-99.1_11445874_EX-99.1_Reseller Agreement.pdf,328013,False
data/raw/cuad/CUAD_v1/full_contract_pdf/Part_I/Reseller/SalesforcecomInc_20171122_10-Q_EX-10.1_10961535_EX-10.1_Reseller Agreement.pdf,112538,False
data/raw/cuad/CUAD_v1/full_contract_pdf/Part_I/Service/GpaqAcquisitionHoldingsInc_20200123_S-4A_EX-10.8_11951679_EX-10.8_Service Agreement.pdf,271405,False
data/raw/cuad/CUAD_v1/full_contract_pdf/Part_I/Service/IntegrityFunds_20200121_485BPOS_EX-99.E UNDR CONTR_11948727_EX-99.E UNDR CONTR_Service Agreement.pdf,105016,False
data/raw/cuad/CUAD_v1/full_contract_pdf/Part_I/Service/ReynoldsConsumerProductsInc_20200121_S-1A_EX-10.22_11948918_EX-10.22_Service Agreement.pdf,361141,False
data/raw/cuad/CUAD_v1/full_contract_pdf/Part_I/Service/VerizonAbsLlc_20200123_8-K_EX-10.4_11952335_EX-10.4_Service Agreement.pdf,530998,False
data/raw/cuad/CUAD_v1/full_contract_pdf/Part_I/Sponsorship/AlliedEsportsEntertainmentInc_20190815_8-K_EX-10.34_11788308_EX-10.34_Sponsorship Agreement.pdf,193893,False
data/raw/cuad/CUAD_v1/full_contract_pdf/Part_I/Sponsorship/ArcGroupInc_20171211_8-K_EX-10.1_10976103_EX-10.1_Sponsorship Agreement.pdf,159195,False
data/raw/cuad/CUAD_v1/full_contract_pdf/Part_I/Sponsorship/EcoScienceSolutionsInc_20180406_8-K_EX-10.1_11135398_EX-10.1_Sponsorship Agreement.pdf,162287,False
data/raw/cuad/CUAD_v1/full_contract_pdf/Part_I/Sponsorship/FreezeTagInc_20180411_8-K_EX-10.1_11139603_EX-10.1_Sponsorship Agreement.pdf,243094,False
data/raw/cuad/CUAD_v1/full_contract_pdf/Part_I/Strategic Alliance/CHIPMOSTECHNOLOGIESBERMUDALTD_04_18_2016-EX-4.72-Strategic Alliance Agreement.PDF,101201,False
data/raw/cuad/CUAD_v1/full_contract_pdf/Part_I/Strategic Alliance/ENERGOUSCORP_03_16_2017-EX-10.24-STRATEGIC ALLIANCE AGREEMENT.PDF,207400,False
data/raw/cuad/CUAD_v1/full_contract_pdf/Part_I/Strategic Alliance/MOELIS_CO_03_24_2014-EX-10.19-STRATEGIC ALLIANCE AGREEMENT.PDF,313926,False
data/raw/cuad/CUAD_v1/full_contract_pdf/Part_I/Strategic Alliance/PLAYAHOTELS_RESORTSNV_03_14_2017-EX-10.22-STRATEGIC ALLIANCE AGREEMENT (Hyatt Ziva Cancun).PDF,127067,False
"data/raw/cuad/CUAD_v1/full_contract_pdf/Part_I/Strategic Alliance/SIBANNAC,INC_12_04_2017-EX-2.1-Strategic Alliance Agreement.PDF",85361,False
data/raw/cuad/CUAD_v1/full_contract_pdf/Part_I/Supply/AgapeAtpCorp_20191202_10-KA_EX-10.1_11911128_EX-10.1_Supply Agreement.pdf,178486,False
data/raw/cuad/CUAD_v1/full_contract_pdf/Part_I/Supply/LohaCompanyltd_20191209_F-1_EX-10.16_11917878_EX-10.16_Supply Agreement.pdf,114413,False
data/raw/cuad/CUAD_v1/full_contract_pdf/Part_I/Supply/ReynoldsConsumerProductsInc_20191115_S-1_EX-10.18_11896469_EX-10.18_Supply Agreement.pdf,233403,False
data/raw/cuad/CUAD_v1/full_contract_pdf/Part_I/Supply/WestPharmaceuticalServicesInc_20200116_8-K_EX-10.1_11947529_EX-10.1_Supply Agreement.pdf,255911,False
data/raw/cuad/CUAD_v1/full_contract_pdf/Part_I/Transportation/PenntexMidstreamPartnersLp_20150416_S-1A_EX-10.4_9042833_EX-10.4_Transportation Agreement.pdf,233296,False
data/raw/cuad/CUAD_v1/full_contract_pdf/Part_I/Transportation/RangeResourcesLouisianaInc_20150417_8-K_EX-10.5_9045501_EX-10.5_Transportation Agreement.pdf,309578,False
data/raw/cuad/CUAD_v1/full_contract_pdf/Part_I/Transportation/TcPipelinesLp_20160226_10-K_EX-99.12_9454048_EX-99.12_Transportation Agreement.pdf,113895,False
data/raw/cuad/CUAD_v1/full_contract_pdf/Part_I/Transportation/ZtoExpressCaymanInc_20160930_F-1_EX-10.10_9752871_EX-10.10_Transportation Agreement.pdf,114963,False
"data/raw/cuad/CUAD_v1/full_contract_pdf/Part_II/Commercial Contracts (Part II-A)/Agency Agreements/ATHENSBANCSHARESCORP_11_02_2009-EX-1.2-AGENCY AGREEMENT , 2009.PDF",179058,False
data/raw/cuad/CUAD_v1/full_contract_pdf/Part_II/Commercial Contracts (Part II-A)/Agency Agreements/BONTONSTORESINC_04_20_2018-EX-99.3-AGENCY AGREEMENT.PDF,517264,False
data/raw/cuad/CUAD_v1/full_contract_pdf/Part_II/Commercial Contracts (Part II-A)/Agency Agreements/OLDAPIWIND-DOWNLTD_01_08_2016-EX-1.3-AGENCY AGREEMENT1.pdf,235483,False
data/raw/cuad/CUAD_v1/full_contract_pdf/Part_II/Commercial Contracts (Part II-A)/Agency Agreements/OLDAPIWIND-DOWNLTD_01_08_2016-EX-1.3-AGENCY AGREEMENT2.pdf,99703,False
data/raw/cuad/CUAD_v1/full_contract_pdf/Part_II/Commercial Contracts (Part II-A)/Collaboration/ALLISONTRANSMISSIONHOLDINGSINC_12_15_2014-EX-99.1-COOPERATION AGREEMENT.PDF,139128,False
"data/raw/cuad/CUAD_v1/full_contract_pdf/Part_II/Commercial Contracts (Part II-A)/Collaboration/BERKELEYLIGHTS,INC_06_26_2020-EX-10.12-COLLABORATION AGREEMENT.PDF",443021,False
data/raw/cuad/CUAD_v1/full_contract_pdf/Part_II/Commercial Contracts (Part II-A)/Collaboration/CHINARECYCLINGENERGYCORP_11_14_2013-EX-10.6-Cooperation Agreement.PDF,118417,False
data/raw/cuad/CUAD_v1/full_contract_pdf/Part_II/Commercial Contracts (Part II-A)/Collaboration/IDREAMSKYTECHNOLOGYLTD_07_03_2014-EX-10.39-Cooperation Agreement on Mobile Game Business.PDF,189924,False
"data/raw/cuad/CUAD_v1/full_contract_pdf/Part_II/Commercial Contracts (Part II-A)/Collaboration/INNOVIVA,INC_08_07_2014-EX-10.1-COLLABORATION AGREEMENT.PDF",320156,False
data/raw/cuad/CUAD_v1/full_contract_pdf/Part_II/Commercial Contracts (Part II-A)/Collaboration/MACROGENICSINC_08_02_2013-EX-10-COLLABORATION AGREEMENT.PDF,266151,False
data/raw/cuad/CUAD_v1/full_contract_pdf/Part_II/Commercial Contracts (Part II-A)/Collaboration/SENMIAOTECHNOLOGYLTD_02_19_2019-EX-10.5-Collaboration Agreement.PDF,230841,False
data/raw/cuad/CUAD_v1/full_contract_pdf/Part_II/Commercial Contracts (Part II-A)/Collaboration/TUNIUCORP_03_06_2014-EX-10-COOPERATION AGREEMENT.PDF,103771,False
data/raw/cuad/CUAD_v1/full_contract_pdf/Part_II/Commercial Contracts (Part II-A)/Collaboration/XENCORINC_10_25_2013-EX-10.24-COLLABORATION AGREEMENT (3).PDF,379187,False
"data/raw/cuad/CUAD_v1/full_contract_pdf/Part_II/Commercial Contracts (Part II-A)/Consulting Agreements/ADUROBIOTECH,INC_06_02_2020-EX-10.7-CONSULTING AGREEMENT(1).PDF",98410,False
"data/raw/cuad/CUAD_v1/full_contract_pdf/Part_II/Commercial Contracts (Part II-A)/Consulting Agreements/ADUROBIOTECH,INC_06_02_2020-EX-10.7-CONSULTING AGREEMENT.PDF",98410,False
"data/raw/cuad/CUAD_v1/full_contract_pdf/Part_II/Commercial Contracts (Part II-A)/Consulting Agreements/CORALGOLDRESOURCES,LTD_05_28_2020-EX-4.1-CONSULTING AGREEMENT.PDF",150055,False
"data/raw/cuad/CUAD_v1/full_contract_pdf/Part_II/Commercial Contracts (Part II-A)/Consulting Agreements/DRIVENDELIVERIES,INC_05_22_2020-EX-10.4-CONSULTING AGREEMENT.PDF",118343,False
data/raw/cuad/CUAD_v1/full_contract_pdf/Part_II/Commercial Contracts (Part II-A)/Consulting Agreements/EMERALDHEALTHTHERAPEUTICSINC_06_10_2020-EX-4.5-CONSULTING AGREEMENT - DR. GAETANO MORELLO N.D. INC..PDF,158969,False
data/raw/cuad/CUAD_v1/full_contract_pdf/Part_II/Commercial Contracts (Part II-A)/Consulting Agreements/GLOBALTECHNOLOGIESLTD_06_08_2020-EX-10.16-CONSULTING AGREEMENT.PDF,112314,False
"data/raw/cuad/CUAD_v1/full_contract_pdf/Part_II/Commercial Contracts (Part II-A)/Consulting Agreements/KIROMICBIOPHARMA,INC_05_11_2020-EX-10.23-CONSULTING AGREEMENT.PDF",137253,False
"data/raw/cuad/CUAD_v1/full_contract_pdf/Part_II/Commercial Contracts (Part II-A)/Consulting Agreements/MEDALISTDIVERSIFIEDREIT,INC_05_18_2020-EX-10.1-CONSULTING AGREEMENT.PDF",132840,False
data/raw/cuad/CUAD_v1/full_contract_pdf/Part_II/Commercial Contracts (Part II-A)/Consulting Agreements/PANDIONTHERAPEUTICSHOLDCOLLC_05_22_2020-EX-10.17-CONSULTING AGREEMENT.PDF,109734,False
data/raw/cuad/CUAD_v1/full_contract_pdf/Part_II/Commercial Contracts (Part II-A)/Consulting Agreements/SLINGERBAGINC_05_27_2020-EX-10.7-CONSULTING AGREEMENT.PDF,136955,False
data/raw/cuad/CUAD_v1/full_contract_pdf/Part_II/Commercial Contracts (Part II-A)/Consulting Agreements/SPHERE3DCORP_06_24_2020-EX-10.12-CONSULTING AGREEMENT.PDF,94914,False
data/raw/cuad/CUAD_v1/full_contract_pdf/Part_II/Commercial Contracts (Part II-A)/Development/BIOAMBERINC_04_10_2013-EX-10.34-DEVELOPMENT AGREEMENT (1).pdf,112177,False
data/raw/cuad/CUAD_v1/full_contract_pdf/Part_II/Commercial Contracts (Part II-A)/Development/BIOAMBERINC_04_10_2013-EX-10.34-DEVELOPMENT AGREEMENT - First Amendment.pdf,59877,False
"data/raw/cuad/CUAD_v1/full_contract_pdf/Part_II/Commercial Contracts (Part II-A)/Distributor/NETGEAR,INC_04_21_2003-EX-10.16- AMENDMENT #2 TO THE DISTRIBUTION AGREEMENT.pdf",39918,False
"data/raw/cuad/CUAD_v1/full_contract_pdf/Part_II/Commercial Contracts (Part II-A)/Distributor/NETGEAR,INC_04_21_2003-EX-10.16-AMENDMENT TO THE DISTRIBUTOR AGREEMENT BETWEEN INGRAM MICRO AND NETGEAR-.pdf",43187,False
"data/raw/cuad/CUAD_v1/full_contract_pdf/Part_II/Commercial Contracts (Part II-A)/Distributor/NETGEAR,INC_04_21_2003-EX-10.16-DISTRIBUTOR AGREEMENT.pdf",72159,False
data/raw/cuad/CUAD_v1/full_contract_pdf/Part_II/Commercial Contracts (Part II-A)/Endorsement/WOMENSGOLFUNLIMITEDINC_03_29_2000-EX-10.13-ENDORSEMENT AGREEMENT - Intellectual Property Rights                 Confidentiality and Non-Use Obligations Agreement.pdf,42912,False
data/raw/cuad/CUAD_v1/full_contract_pdf/Part_II/Commercial Contracts (Part II-A)/Endorsement/WOMENSGOLFUNLIMITEDINC_03_29_2000-EX-10.13-ENDORSEMENT AGREEMENT.PDF,67026,False
data/raw/cuad/CUAD_v1/full_contract_pdf/Part_II/Commercial Contracts (Part II-A)/Franchise/BUFFALOWILDWINGSINC_06_05_1998-EX-10.3-FRANCHISE AGREEMENT.PDF,171289,False
data/raw/cuad/CUAD_v1/full_contract_pdf/Part_II/Commercial Contracts (Part II-A)/Franchise/MRSFIELDSORIGINALCOOKIESINC_01_29_1998-EX-10-FRANCHISE AGREEMENT.PDF,240569,False
data/raw/cuad/CUAD_v1/full_contract_pdf/Part_II/Commercial Contracts (Part II-A)/Hosting/BANGIINC_05_25_2005-EX-10-Premium Managed Hosting Agreement.PDF,79883,False
data/raw/cuad/CUAD_v1/full_contract_pdf/Part_II/Commercial Contracts (Part II-A)/Hosting/CENTRACKINTERNATIONALINC_10_29_1999-EX-10.3-WEB SITE HOSTING AGREEMENT.PDF,53292,False
data/raw/cuad/CUAD_v1/full_contract_pdf/Part_II/Commercial Contracts (Part II-A)/Hosting/DYNTEKINC_07_30_1999-EX-10-ONLINE HOSTING AGREEMENT.PDF,61628,False
data/raw/cuad/CUAD_v1/full_contract_pdf/Part_II/Commercial Contracts (Part II-A)/Hosting/HEALTHGATEDATACORP_11_24_1999-EX-10.1-HOSTING AND MANAGEMENT AGREEMENT (1).pdf,164793,False
data/raw/cuad/CUAD_v1/full_contract_pdf/Part_II/Commercial Contracts (Part II-A)/Hosting/HEALTHGATEDATACORP_11_24_1999-EX-10.1-HOSTING AND MANAGEMENT AGREEMENT - Escrow Agreement.pdf,71125,False
data/raw/cuad/CUAD_v1/full_contract_pdf/Part_II/Commercial Contracts (Part II-A)/Hosting/REGANHOLDINGCORP_03_31_2008-EX-10-LICENSE AND HOSTING AGREEMENT.PDF,157149,False
data/raw/cuad/CUAD_v1/full_contract_pdf/Part_II/Commercial Contracts (Part II-A)/Hosting/WEBHELPCOMINC_03_22_2000-EX-10.8-HOSTING AGREEMENT.PDF,54877,False
"data/raw/cuad/CUAD_v1/full_contract_pdf/Part_II/Commercial Contracts (Part II-A)/IP/BABCOCK_WILCOXENTERPRISES,INC_08_04_2015-EX-10.17-INTELLECTUAL PROPERTY AGREEMENT between THE BABCOCK _ WILCOX COMPANY and BABCOCK _ WILCOX ENTERPRISES, INC..PDF",222703,False
data/raw/cuad/CUAD_v1/full_contract_pdf/Part_II/Commercial Contracts (Part II-A)/IP/INGEVITYCORP_05_16_2016-EX-10.5-INTELLECTUAL PROPERTY AGREEMENT.PDF,171983,False
"data/raw/cuad/CUAD_v1/full_contract_pdf/Part_II/Commercial Contracts (Part II-A)/IP/KNOWLABS,INC_08_15_2005-EX-10-INTELLECTUAL PROPERTY AGREEMENT.PDF",48689,False
data/raw/cuad/CUAD_v1/full_contract_pdf/Part_II/Commercial Contracts (Part II-A)/IP/PREMIERBIOMEDICALINC_05_14_2020-EX-10.2-INTELLECTUAL PROPERTY AGREEMENT.PDF,102705,False
data/raw/cuad/CUAD_v1/full_contract_pdf/Part_II/Commercial Contracts (Part II-A)/Maintenance/IMAGEWARESYSTEMSINC_12_20_1999-EX-10.22-MAINTENANCE AGREEMENT.PDF,59648,False
data/raw/cuad/CUAD_v1/full_contract_pdf/Part_II/Commercial Contracts (Part II-A)/Maintenance/NETZEEINC_11_14_2002-EX-10.3-MAINTENANCE AGREEMENT.PDF,41044,False
data/raw/cuad/CUAD_v1/full_contract_pdf/Part_II/Commercial Contracts (Part II-A)/Maintenance/WELLSFARGOMORTGAGEBACKEDSECURITIES2006-6TRUST_05_11_2006-EX-10.3-Yield Maintenance Agreement.PDF,71425,False
"data/raw/cuad/CUAD_v1/full_contract_pdf/Part_II/Commercial Contracts (Part II-A)/Maintenance/XACCT Technologies, Inc.SUPPORT AND MAINTENANCE AGREEMENT.PDF",49119,False
data/raw/cuad/CUAD_v1/full_contract_pdf/Part_II/Commercial Contracts (Part II-A)/Outsourcing/ASPIRITYHOLDINGSLLC_05_07_2012-EX-10.6-OUTSOURCING AGREEMENT.PDF,122686,False
data/raw/cuad/CUAD_v1/full_contract_pdf/Part_II/Commercial Contracts (Part II-A)/Outsourcing/BNLFINANCIALCORP_03_30_2007-EX-10.8-OUTSOURCING AGREEMENT.PDF,142954,False
data/raw/cuad/CUAD_v1/full_contract_pdf/Part_II/Commercial Contracts (Part II-A)/Outsourcing/CCAINDUSTRIESINC_04_14_2014-EX-10.1-OUTSOURCING AGREEMENT.PDF,165559,False
data/raw/cuad/CUAD_v1/full_contract_pdf/Part_II/Commercial Contracts (Part II-A)/Outsourcing/SYKESHEALTHPLANSERVICESINC_04_24_1998-EX-10.14-OUTSOURCING AGREEMENT.PDF,49340,False
data/raw/cuad/CUAD_v1/full_contract_pdf/Part_II/Commercial Contracts (Part II-A)/Outsourcing/TRICITYBANKSHARESCORP_05_15_1998-EX-10-OUTSOURCING AGREEMENT.PDF,131533,False
"data/raw/cuad/CUAD_v1/full_contract_pdf/Part_II/Commercial Contracts (Part II-A)/Promotion/ASHWORTHINC_01_29_1999-EX-10.(D)-PROMOTION AGREEMENT AND NANTZ COMMUNICATIONS, INC..PDF",60338,False
data/raw/cuad/CUAD_v1/full_contract_pdf/Part_II/Commercial Contracts (Part II-A)/Promotion/GOCALLINC_03_30_2000-EX-10.7-Promotion Agreement.PDF,56171,False
data/raw/cuad/CUAD_v1/full_contract_pdf/Part_II/Commercial Contracts (Part II-A)/Promotion/IMMUNOMEDICSINC_08_07_2019-EX-10.1-PROMOTION AGREEMENT.PDF,801907,False
"data/raw/cuad/CUAD_v1/full_contract_pdf/Part_II/Commercial Contracts (Part II-A)/Promotion/MIDDLEBROOKPHARMACEUTICALS,INC_03_18_2010-EX-10.1-PROMOTION AGREEMENT.PDF",141017,False
data/raw/cuad/CUAD_v1/full_contract_pdf/Part_II/Commercial Contracts (Part II-A)/Promotion/ON4COMMUNICATIONSINC_07_02_2009-EX-10.1-PROMOTION AGREEMENT.PDF,56702,False
"data/raw/cuad/CUAD_v1/full_contract_pdf/Part_II/Commercial Contracts (Part II-A)/Promotion/WHITESMOKE,INC_11_08_2011-EX-10.26-PROMOTION AND DISTRIBUTION AGREEMENT.PDF",2881262,False
data/raw/cuad/CUAD_v1/full_contract_pdf/Part_II/Commercial Contracts (Part II-A)/Reseller/ASIANDRAGONGROUPINC_08_11_2005-EX-10.5-Reseller Agreement.PDF,195523,False
data/raw/cuad/CUAD_v1/full_contract_pdf/Part_II/Commercial Contracts (Part II-A)/Reseller/LOYALTYPOINTINC_11_16_2004-EX-10.2-RESELLER AGREEMENT.PDF,132047,False
data/raw/cuad/CUAD_v1/full_contract_pdf/Part_II/Commercial Contracts (Part II-A)/Reseller/MTITECHNOLOGYCORP_11_16_2004-EX-10.102-Reseller Agreement Premier Addendum.PDF,72191,False
"data/raw/cuad/CUAD_v1/full_contract_pdf/Part_II/Commercial Contracts (Part II-A)/Reseller/OMINTO,INC_03_29_2004-EX-10-RESELLER AGREEMENT.PDF",66579,False
data/raw/cuad/CUAD_v1/full_contract_pdf/Part_II/Commercial Contracts (Part II-A)/Service/AULAMERICANUNITTRUST_04_24_2020-EX-99.8.77-SERVICING AGREEMENT.PDF,128834,False
data/raw/cuad/CUAD_v1/full_contract_pdf/Part_II/Commercial Contracts (Part II-A)/Service/BLACKSTONEGSOLONG-SHORTCREDITINCOMEFUND_05_11_2020-EX-99.(K)(1)-SERVICE AGREEMENT.PDF,226528,False
data/raw/cuad/CUAD_v1/full_contract_pdf/Part_II/Commercial Contracts (Part II-A)/Service/CUROGROUPHOLDINGSCORP_05_04_2020-EX-10.3-SERVICING AGREEMENT.PDF,129822,False
data/raw/cuad/CUAD_v1/full_contract_pdf/Part_II/Commercial Contracts (Part II-A)/Service/FEDERATEDGOVERNMENTINCOMESECURITIESINC_04_28_2020-EX-99.SERV AGREE-SERVICES AGREEMENT.pdf,86918,False
data/raw/cuad/CUAD_v1/full_contract_pdf/Part_II/Commercial Contracts (Part II-A)/Service/FEDERATEDGOVERNMENTINCOMESECURITIESINC_04_28_2020-EX-99.SERV AGREE-SERVICES AGREEMENT_AMENDMENT.pdf,52963,False
data/raw/cuad/CUAD_v1/full_contract_pdf/Part_II/Commercial Contracts (Part II-A)/Service/FEDERATEDGOVERNMENTINCOMESECURITIESINC_04_28_2020-EX-99.SERV AGREE-SERVICES AGREEMENT_POWEROF.pdf,104431,False
data/raw/cuad/CUAD_v1/full_contract_pdf/Part_II/Commercial Contracts (Part II-A)/Service/FEDERATEDGOVERNMENTINCOMESECURITIESINC_04_28_2020-EX-99.SERV AGREE-SERVICES AGREEMENT_SECONDAMENDMENT.pdf,53867,False
"data/raw/cuad/CUAD_v1/full_contract_pdf/Part_II/Commercial Contracts (Part II-A)/Service/KUBIENT,INC_07_02_2020-EX-10.14-MASTER SERVICES AGREEMENT_Part1.pdf",131968,False
"data/raw/cuad/CUAD_v1/full_contract_pdf/Part_II/Commercial Contracts (Part II-A)/Service/KUBIENT,INC_07_02_2020-EX-10.14-MASTER SERVICES AGREEMENT_Part2.pdf",117795,False
"data/raw/cuad/CUAD_v1/full_contract_pdf/Part_II/Commercial Contracts (Part II-A)/Service/PAXMEDICA,INC_07_02_2020-EX-10.12-Master Service Agreement.PDF",140385,False
"data/raw/cuad/CUAD_v1/full_contract_pdf/Part_II/Commercial Contracts (Part II-A)/Sponsorship/CANOPETROLEUM,INC_12_13_2007-EX-10.1-Sponsorship Agreement.PDF",44728,False
data/raw/cuad/CUAD_v1/full_contract_pdf/Part_II/Commercial Contracts (Part II-A)/Sponsorship/GAINSCOINC_01_21_2010-EX-10.41-SPONSORSHIP AGREEMENT.PDF,44454,False
"data/raw/cuad/CUAD_v1/full_contract_pdf/Part_II/Commercial Contracts (Part II-A)/Sponsorship/HALITRON,INC_03_01_2005-EX-10.15-SPONSORSHIP AND DEVELOPMENT AGREEMENT.PDF",65187,False
data/raw/cuad/CUAD_v1/full_contract_pdf/Part_II/Commercial Contracts (Part II-A)/Sponsorship/STAMPSCOMINC_06_24_1999-EX-10.18-SPONSORSHIP AGREEMENT.PDF,74686,False
data/raw/cuad/CUAD_v1/full_contract_pdf/Part_II/Commercial Contracts (Part II-A)/Sponsorship/VIOLINMEMORYINC_12_12_2012-EX-10.14-SPONSORSHIP AGREEMENT.PDF,322768,False
data/raw/cuad/CUAD_v1/full_contract_pdf/Part_II/Commercial Contracts (Part II-A)/Sponsorship/XYBERNAUTCORP_07_12_2002-EX-4-SPONSORSHIP AGREEMENT.PDF,76061,False
"data/raw/cuad/CUAD_v1/full_contract_pdf/Part_II/Commercial Contracts (Part II-A)/Supply/BELLICUMPHARMACEUTICALS,INC_05_07_2019-EX-10.1-Supply Agreement.PDF",317952,False
data/raw/cuad/CUAD_v1/full_contract_pdf/Part_II/Commercial Contracts (Part II-A)/Supply/FLOTEKINDUSTRIESINCCN_05_09_2019-EX-10.1-SUPPLY AGREEMENT.PDF,131722,False
"data/raw/cuad/CUAD_v1/full_contract_pdf/Part_II/Commercial Contracts (Part II-A)/Supply/GRIDIRONBIONUTRIENTS,INC_02_05_2020-EX-10.3-SUPPLY AGREEMENT.PDF",114695,False
data/raw/cuad/CUAD_v1/full_contract_pdf/Part_II/Commercial Contracts (Part II-A)/Supply/MEDIWOUNDLTD_01_15_2014-EX-10.6-SUPPLY AGREEMENT.PDF,185485,False
data/raw/cuad/CUAD_v1/full_contract_pdf/Part_II/Commercial Contracts (Part II-A)/Supply/PROFOUNDMEDICALCORP_08_29_2019-EX-4.5-SUPPLY AGREEMENT.PDF,189698,False
data/raw/cuad/CUAD_v1/full_contract_pdf/Part_II/Commercial Contracts (Part II-A)/Supply/SEASPINEHOLDINGSCORP_10_10_2018-EX-10.1-SUPPLY AGREEMENT.PDF,203145,False
data/raw/cuad/CUAD_v1/full_contract_pdf/Part_II/Commercial Contracts (Part II-A)/Transportation/ATMOSENERGYCORP_11_22_2002-EX-10.17-TRANSPORTATION SERVICE AGREEMENT.PDF,59006,False
data/raw/cuad/CUAD_v1/full_contract_pdf/Part_II/Commercial Contracts (Part II-A)/Transportation/CHAPARRALRESOURCESINC_03_30_2000-EX-10.66-TRANSPORTATION CONTRACT.PDF,62970,False
data/raw/cuad/CUAD_v1/full_contract_pdf/Part_II/Commercial Contracts (Part II-A)/Transportation/DYNAMEXINC_06_06_1996-EX-10.4-TRANSPORTATION SERVICES AGREEMENT.PDF,80095,False
data/raw/cuad/CUAD_v1/full_contract_pdf/Part_II/Commercial Contracts (Part II-A)/Transportation/GRANTIERRAENERGYINC_05_07_2012-EX-10.6-TRANSPORTATION CONTRACT.PDF,890433,False
data/raw/cuad/CUAD_v1/full_contract_pdf/Part_II/Commercial Contracts (Part II-A)/Transportation/KENTUCKYUTILITIESCO_03_25_2003-EX-10.65-TRANSPORTATION AGREEMENT.PDF,110216,False
data/raw/cuad/CUAD_v1/full_contract_pdf/Part_II/Commercial Contracts (Part II-A)/Transportation/MPLXLP_06_17_2015-EX-10.1-TRANSPORTATION SERVICES AGREEMENT.PDF,1452180,False
data/raw/cuad/CUAD_v1/full_contract_pdf/Part_III/Affiliate Agreement/GULFSOUTHMEDICALSUPPLYINC_12_24_1997-EX-4-AFFILIATE AGREEMENT.PDF,61212,False
data/raw/cuad/CUAD_v1/full_contract_pdf/Part_III/Agency Agreements/AFSALABANCORPINC_08_01_1996-EX-1.1-AGENCY AGREEMENT.PDF,132641,False
data/raw/cuad/CUAD_v1/full_contract_pdf/Part_III/Agency Agreements/ALAMOGORDOFINANCIALCORP_12_16_1999-EX-1-AGENCY AGREEMENT.PDF,142465,False
data/raw/cuad/CUAD_v1/full_contract_pdf/Part_III/Agency Agreements/ALCOSTORESINC_12_14_2005-EX-10.26-AGENCY AGREEMENT.PDF,97674,False
data/raw/cuad/CUAD_v1/full_contract_pdf/Part_III/Agency Agreements/ALLIANCEBANCORPINCOFPENNSYLVANIA_10_18_2006-EX-1.2-AGENCY AGREEMENT.PDF,243673,False
data/raw/cuad/CUAD_v1/full_contract_pdf/Part_III/Agency Agreements/AMERICANPHYSICIANSCAPITALINC_03_31_2003-EX-10.26-AGENCY AGREEMENT.PDF,58829,False
data/raw/cuad/CUAD_v1/full_contract_pdf/Part_III/Agency Agreements/BANUESTRAFINANCIALCORP_09_08_2006-EX-10.16-AGENCY AGREEMENT.PDF,150277,False
data/raw/cuad/CUAD_v1/full_contract_pdf/Part_III/Agency Agreements/BIOPURECORP_06_30_1999-EX-10.13-AGENCY AGREEMENT.PDF,73388,False
"data/raw/cuad/CUAD_v1/full_contract_pdf/Part_III/Agency Agreements/BLUEHILLSBANCORP,INC_05_20_2014-EX-1.1-AGENCY AGREEMENT.PDF",168981,False
"data/raw/cuad/CUAD_v1/full_contract_pdf/Part_III/Agency Agreements/BLUEROCKRESIDENTIALGROWTHREIT,INC_06_01_2016-EX-1.1-AGENCY AGREEMENT.PDF",256555,False
data/raw/cuad/CUAD_v1/full_contract_pdf/Part_III/Collaboration/ANIXABIOSCIENCESINC_06_09_2020-EX-10.1-COLLABORATION AGREEMENT.PDF,159296,False
data/raw/cuad/CUAD_v1/full_contract_pdf/Part_III/Collaboration/BIOCEPTINC_08_19_2013-EX-10-COLLABORATION AGREEMENT.PDF,201326,False
"data/raw/cuad/CUAD_v1/full_contract_pdf/Part_III/Collaboration/CARDAX,INC_08_19_2014-EX-10.1-COLLABORATION AGREEMENT.PDF",179669,False
"data/raw/cuad/CUAD_v1/full_contract_pdf/Part_III/Collaboration/CERES,INC_01_25_2012-EX-10.20-Collaboration Agreement.PDF",1557129,False
data/raw/cuad/CUAD_v1/full_contract_pdf/Part_III/Collaboration/CHEETAHMOBILEINC_04_22_2014-EX-10.43-Cooperation Agreement.PDF,203242,False
"data/raw/cuad/CUAD_v1/full_contract_pdf/Part_III/Collaboration/ELFBEAUTY,INC_07_02_2020-EX-10.1-COOPERATION AGREEMENT.PDF",183516,False
data/raw/cuad/CUAD_v1/full_contract_pdf/Part_III/Collaboration/FIBROGENINC_10_01_2014-EX-10.11-COLLABORATION AGREEMENT.PDF,298633,False
"data/raw/cuad/CUAD_v1/full_contract_pdf/Part_III/Collaboration/FOUNDATIONMEDICINE,INC_02_02_2015-EX-10.2-Collaboration Agreement.PDF",1064706,False
"data/raw/cuad/CUAD_v1/full_contract_pdf/Part_III/Collaboration/HC2HOLDINGS,INC_05_14_2020-EX-10.1-COOPERATION AGREEMENT.PDF",189431,False
data/raw/cuad/CUAD_v1/full_contract_pdf/Part_III/Collaboration/HPILHOLDING_01_07_2015-EX-99.1-COOPERATION AGREEMENT.PDF,141479,False
data/raw/cuad/CUAD_v1/full_contract_pdf/Part_III/Collaboration/LEJUHOLDINGSLTD_03_12_2014-EX-10.34-INTERNET CHANNEL COOPERATION AGREEMENT.PDF,102039,False
"data/raw/cuad/CUAD_v1/full_contract_pdf/Part_III/Collaboration/MEETGROUP,INC_06_29_2017-EX-10.1-COOPERATION AGREEMENT.PDF",179568,False
data/raw/cuad/CUAD_v1/full_contract_pdf/Part_III/Collaboration/QIWI_06_16_2017-EX-99.(D)(2)-COOPERATION AGREEMENT.PDF,154551,False
"data/raw/cuad/CUAD_v1/full_contract_pdf/Part_III/Collaboration/SPIENERGYCO,LTD_07_10_2014-EX-10-Cooperation Agreement of 50MWp Photovoltaic Grid-connected Power Generation Project in Yangqiao of~1.PDF",46489,False
"data/raw/cuad/CUAD_v1/full_contract_pdf/Part_III/Collaboration/SPOKHOLDINGS,INC_06_19_2020-EX-10.1-COOPERATION AGREEMENT.PDF",144987,False
data/raw/cuad/CUAD_v1/full_contract_pdf/Part_III/Collaboration/STWRESOURCESHOLDINGCORP_08_06_2014-EX-10.1-COOPERATION AGREEMENT.PDF,137834,False
data/raw/cuad/CUAD_v1/full_contract_pdf/Part_III/Collaboration/URSCORPNEW_03_17_2014-EX-99-COOPERATION AGREEMENT.PDF,104595,False
"data/raw/cuad/CUAD_v1/full_contract_pdf/Part_III/Development/Array BioPharma Inc. - LICENSE, DEVELOPMENT AND COMMERCIALIZATION AGREEMENT.PDF",553266,False
data/raw/cuad/CUAD_v1/full_contract_pdf/Part_III/Development/Microgenics Corporation - Collaborative Development and Commercialization Agreement.PDF,496023,False
data/raw/cuad/CUAD_v1/full_contract_pdf/Part_III/Development/TRUENORTHENERGYCORP_02_08_2007-EX-10.1-DEVELOPMENT AGREEMENT.PDF,177548,False
data/raw/cuad/CUAD_v1/full_contract_pdf/Part_III/Development/WARNERCHILCOTTPLC_12_31_2003-EX-4.36-DEVELOPMENT AGREEMENT.PDF,63898,False
data/raw/cuad/CUAD_v1/full_contract_pdf/Part_III/Distributor/ACCURAYINC_09_01_2010-EX-10.31-DISTRIBUTOR AGREEMENT.PDF,255395,False
data/raw/cuad/CUAD_v1/full_contract_pdf/Part_III/Distributor/AIRSPANNETWORKSINC_04_11_2000-EX-10.5-Distributor Agreement.PDF,100474,False
data/raw/cuad/CUAD_v1/full_contract_pdf/Part_III/Distributor/BLACKBOXSTOCKSINC_08_05_2014-EX-10.1-DISTRIBUTOR AGREEMENT.PDF,95275,False
data/raw/cuad/CUAD_v1/full_contract_pdf/Part_III/Distributor/ENTERTAINMENTGAMINGASIAINC_02_15_2005-EX-10.5-DISTRIBUTOR AGREEMENT.PDF,163285,False
"data/raw/cuad/CUAD_v1/full_contract_pdf/Part_III/Distributor/ETELOS,INC_03_09_2004-EX-10.8-DISTRIBUTOR AGREEMENT.PDF",117438,False
data/raw/cuad/CUAD_v1/full_contract_pdf/Part_III/Distributor/EUROPEANMICROHOLDINGSINC_03_06_1998-EX-10.6-DISTRIBUTOR AGREEMENT.PDF,88145,False
data/raw/cuad/CUAD_v1/full_contract_pdf/Part_III/Distributor/HYPERIONSOFTWARECORP_09_28_1994-EX-10.47-EXCLUSIVE DISTRIBUTOR AGREEMENT.PDF,74135,False
"data/raw/cuad/CUAD_v1/full_contract_pdf/Part_III/Distributor/LEGACYTECHNOLOGYHOLDINGS,INC_12_09_2005-EX-10.2-DISTRIBUTOR AGREEMENT.PDF",49943,False
data/raw/cuad/CUAD_v1/full_contract_pdf/Part_III/Distributor/LIMEENERGYCO_09_09_1999-EX-10-DISTRIBUTOR AGREEMENT.PDF,77466,False
data/raw/cuad/CUAD_v1/full_contract_pdf/Part_III/Distributor/LUCIDINC_04_15_2011-EX-10.9-DISTRIBUTOR AGREEMENT.PDF,37875,False
data/raw/cuad/CUAD_v1/full_contract_pdf/Part_III/Distributor/NANOPHASETECHNOLOGIESCORP_11_01_2005-EX-99.1-DISTRIBUTOR AGREEMENT.PDF,146968,False
data/raw/cuad/CUAD_v1/full_contract_pdf/Part_III/Distributor/NEOMEDIATECHNOLOGIESINC_12_15_2005-EX-16.1-DISTRIBUTOR AGREEMENT.PDF,70232,False
data/raw/cuad/CUAD_v1/full_contract_pdf/Part_III/Distributor/NEONSYSTEMSINC_03_01_1999-EX-10.5-DISTRIBUTOR AGREEMENT_Amendment.pdf,54976,False
data/raw/cuad/CUAD_v1/full_contract_pdf/Part_III/Distributor/NEONSYSTEMSINC_03_01_1999-EX-10.5-DISTRIBUTOR AGREEMENT_New.pdf,86024,False
"data/raw/cuad/CUAD_v1/full_contract_pdf/Part_III/Distributor/OPTIMIZEDTRANSPORTATIONMANAGEMENT,INC_07_26_2000-EX-6.6-DISTRIBUTOR AGREEMENT.PDF",48040,False
"data/raw/cuad/CUAD_v1/full_contract_pdf/Part_III/Distributor/VISIUMTECHNOLOGIES,INC_10_20_2004-EX-10.20-DISTRIBUTOR AGREEMENT.PDF",83778,False
data/raw/cuad/CUAD_v1/full_contract_pdf/Part_III/Endorsement Agreement/ADAMSGOLFINC_03_21_2005-EX-10.17-ENDORSEMENT AGREEMENT.PDF,125139,False
data/raw/cuad/CUAD_v1/full_contract_pdf/Part_III/Endorsement Agreement/AMBASSADOREYEWEARGROUPINC_11_17_1997-EX-10.28-ENDORSEMENT AGREEMENT.PDF,71470,False
data/raw/cuad/CUAD_v1/full_contract_pdf/Part_III/Endorsement Agreement/HOLIDAYRVSUPERSTORESINC_04_15_2002-EX-10.13-ENDORSEMENT AGREEMENT.PDF,49503,False
"data/raw/cuad/CUAD_v1/full_contract_pdf/Part_III/Endorsement Agreement/MARSHALLHOLDINGSINTERNATIONAL,INC_04_14_2004-EX-10.15-ENDORSEMENT AGREEMENT.PDF",48886,False
data/raw/cuad/CUAD_v1/full_contract_pdf/Part_III/Endorsement Agreement/MOSSIMOINC_04_14_2000-EX-10.14-ENDORSEMENT AGREEMENT.PDF,59693,False
data/raw/cuad/CUAD_v1/full_contract_pdf/Part_III/Endorsement Agreement/MOVADOGROUPINC_04_30_2003-EX-10.28-ENDORSEMENT AGREEMENT.PDF,51840,False
data/raw/cuad/CUAD_v1/full_contract_pdf/Part_III/Endorsement Agreement/SPORTHALEYINC_09_29_1997-EX-10.2-10-ENDORSEMENT AGREEMENT.PDF,46856,False
data/raw/cuad/CUAD_v1/full_contract_pdf/Part_III/Endorsement Agreement/TEARDROPGOLFCO_10_23_1996-EX-10.12-ENDORSEMENT AGREEMENT.PDF,61998,False
data/raw/cuad/CUAD_v1/full_contract_pdf/Part_III/Endorsement Agreement/WARNINGMANAGEMENTSERVICESINC_12_10_1999-EX-10-ENDORSEMENT AGREEMENT.PDF,64134,False
data/raw/cuad/CUAD_v1/full_contract_pdf/Part_III/Franchise/AIRTECHINTERNATIONALGROUPINC_05_08_2000-EX-10.4-FRANCHISE AGREEMENT.PDF,106449,False
"data/raw/cuad/CUAD_v1/full_contract_pdf/Part_III/Franchise/GOOSEHEADINSURANCE,INC_04_02_2018-EX-10.6-Franchise Agreement.PDF",654719,False
"data/raw/cuad/CUAD_v1/full_contract_pdf/Part_III/Franchise/HOSPITALITYINVESTORSTRUST,INC_04_07_2014-EX-10.26-FRANCHISE AGREEMENT.PDF",302234,False
data/raw/cuad/CUAD_v1/full_contract_pdf/Part_III/Franchise/INTERNATIONALFASTFOODCORP_04_04_1997-EX-99-FRANCHISE AGREEMENT.PDF,144849,False
data/raw/cuad/CUAD_v1/full_contract_pdf/Part_III/Franchise/JOINTCORP_09_19_2014-EX-10.15-FRANCHISE AGREEMENT.PDF,395438,False
data/raw/cuad/CUAD_v1/full_contract_pdf/Part_III/Hosting/AMERICASSHOPPINGMALLINC_12_10_1999-EX-10.2-SITE DEVELOPMENT AND HOSTING AGREEMENT.PDF,56129,False
data/raw/cuad/CUAD_v1/full_contract_pdf/Part_III/Hosting/BEYONDCOMCORP_08_03_2000-EX-10.2-CO-HOSTING AGREEMENT.PDF,89129,False
data/raw/cuad/CUAD_v1/full_contract_pdf/Part_III/Hosting/BLUEFLYINC_03_27_2002-EX-10.27-e-business Hosting Agreement.PDF,72666,False
data/raw/cuad/CUAD_v1/full_contract_pdf/Part_III/Hosting/BNCMORTGAGEINC_05_17_1999-EX-10.4-LICENSING AND WEB SITE HOSTING AGREEMENT.PDF,67334,False
data/raw/cuad/CUAD_v1/full_contract_pdf/Part_III/Hosting/BOLIVARMININGCORP_05_23_2003-EX-2.1-VISP WEB SITE BUILDING AND HOSTING AGREEMENT.PDF,48233,False
data/raw/cuad/CUAD_v1/full_contract_pdf/Part_III/Hosting/CHANGEPOINTCORP_03_08_2000-EX-10.6-LICENSE AND HOSTING AGREEMENT.PDF,162550,False
data/raw/cuad/CUAD_v1/full_contract_pdf/Part_III/Hosting/CORIOINC_07_20_2000-EX-10.5-LICENSE AND HOSTING AGREEMENT.PDF,92765,False
data/raw/cuad/CUAD_v1/full_contract_pdf/Part_III/Hosting/GALACTICOMMTECHNOLOGIESINC_11_07_1997-EX-10.46-WEB HOSTING AGREEMENT.PDF,35356,False
data/raw/cuad/CUAD_v1/full_contract_pdf/Part_III/Hosting/INKTOMICORP_06_08_1998-EX-10.14-SOFTWARE HOSTING AGREEMENT.PDF,102110,False
"data/raw/cuad/CUAD_v1/full_contract_pdf/Part_III/IP/ARMSTRONGFLOORING,INC_01_07_2019-EX-10.2-INTELLECTUAL PROPERTY AGREEMENT.PDF",613370,False
"data/raw/cuad/CUAD_v1/full_contract_pdf/Part_III/IP/FIDELITYNATIONALINFORMATIONSERVICES,INC_08_05_2009-EX-10.3-INTELLECTUAL PROPERTY AGREEMENT.PDF",156757,False
"data/raw/cuad/CUAD_v1/full_contract_pdf/Part_III/IP/GSITECHNOLOGYINC_11_16_2009-EX-10.2-INTELLECTUAL PROPERTY AGREEMENT between SONY ELECTRONICS INC. and GSI TECHNOLOGY, INC..PDF",124516,False
"data/raw/cuad/CUAD_v1/full_contract_pdf/Part_III/IP/HERTZGLOBALHOLDINGS,INC_07_07_2016-EX-10.4-INTELLECTUAL PROPERTY AGREEMENT.PDF",128029,False
data/raw/cuad/CUAD_v1/full_contract_pdf/Part_III/IP/JINGWEIINTERNATIONALLTD_10_04_2007-EX-10.7-INTELLECTUAL PROPERTY AGREEMENT.PDF,152880,False
data/raw/cuad/CUAD_v1/full_contract_pdf/Part_III/IP/MSCIINC_02_28_2008-EX-10.10-.PDF,115820,False
"data/raw/cuad/CUAD_v1/full_contract_pdf/Part_III/IP/OTISWORLDWIDECORP_04_03_2020-EX-10.4-INTELLECTUAL PROPERTY AGREEMENT by and among UNITED TECHNOLOGIES CORPORATION, OTIS WORLDWIDE CORPORATION and CARRIER ~1.PDF",178707,False
data/raw/cuad/CUAD_v1/full_contract_pdf/Part_III/IP/VERSOTECHNOLOGIESINC_12_28_2007-EX-99.3-INTELLECTUAL PROPERTY AGREEMENT.PDF,104174,False
data/raw/cuad/CUAD_v1/full_contract_pdf/Part_III/IP/ZEBRATECHNOLOGIESCORP_04_16_2014-EX-10.1-INTELLECTUAL PROPERTY AGREEMENT.PDF,246494,False
data/raw/cuad/CUAD_v1/full_contract_pdf/Part_III/Joint Venture _ Filing/ATENTOSA_07_06_2020-EX-99.1-JOINT FILING AGREEMENT.PDF,93991,False
data/raw/cuad/CUAD_v1/full_contract_pdf/Part_III/Joint Venture _ Filing/BLACKROCKMUNIHOLDINGSINVESTMENTQUALITYFUND_04_07_2020-EX-99.01-JOINT FILING AGREEMENT.PDF,76268,False
data/raw/cuad/CUAD_v1/full_contract_pdf/Part_III/Joint Venture _ Filing/IGENEBIOTECHNOLOGYINC_05_13_2003-EX-1-JOINT VENTURE AGREEMENT.PDF,146982,False
"data/raw/cuad/CUAD_v1/full_contract_pdf/Part_III/Joint Venture _ Filing/MACY_S,INC_05_11_2020-EX-99.4-JOINT FILING AGREEMENT.PDF",75437,False
"data/raw/cuad/CUAD_v1/full_contract_pdf/Part_III/Joint Venture _ Filing/MFAFINANCIAL,INC_07_06_2020-EX-99.D-JOINT FILING AGREEMENT.PDF",77234,False
"data/raw/cuad/CUAD_v1/full_contract_pdf/Part_III/Joint Venture _ Filing/MJBIOTECH,INC_12_06_2018-EX-99.01-JOINT VENTURE AGREEMENT.PDF",90600,False
data/raw/cuad/CUAD_v1/full_contract_pdf/Part_III/Joint Venture _ Filing/NELNETINC_04_08_2020-EX-1-JOINT FILING AGREEMENT.PDF,69866,False
"data/raw/cuad/CUAD_v1/full_contract_pdf/Part_III/Joint Venture _ Filing/ONEMAINHOLDINGS,INC_02_20_2020-EX-99.D-JOINT FILING AGREEMENT.PDF",80622,False
"data/raw/cuad/CUAD_v1/full_contract_pdf/Part_III/Joint Venture _ Filing/PRECIGEN,INC_01_22_2020-EX-99.1-JOINT FILING AGREEMENT.PDF",75266,False
data/raw/cuad/CUAD_v1/full_contract_pdf/Part_III/Joint Venture _ Filing/QBIOMEDINC_04_08_2020-EX-99.1-JOINT FILING AGREEMENT.PDF,85141,False
data/raw/cuad/CUAD_v1/full_contract_pdf/Part_III/Joint Venture _ Filing/RMRGROUPINC_01_22_2020-EX-99.1-JOINT FILING AGREEMENT.PDF,67258,False
"data/raw/cuad/CUAD_v1/full_contract_pdf/Part_III/Joint Venture _ Filing/SPRINGBANKPHARMACEUTICALS,INC_04_08_2020-EX-99.A-JOINT FILING AGREEMENT.PDF",51461,False
"data/raw/cuad/CUAD_v1/full_contract_pdf/Part_III/Joint Venture _ Filing/TALLGRASSENERGY,LP_02_20_2020-EX-99.26-JOINT FILING AGREEMENT.PDF",83390,False
"data/raw/cuad/CUAD_v1/full_contract_pdf/Part_III/Joint Venture _ Filing/VIRGINGALACTICHOLDINGS,INC_04_08_2020-EX-99.1-JOINT FILING STATEMENT.PDF",73462,False
"data/raw/cuad/CUAD_v1/full_contract_pdf/Part_III/Maintenance/ON2TECHNOLOGIES,INC_11_17_2006-EX-10.3-SUPPORT AND MAINTENANCE AGREEMENT.PDF",90283,False
data/raw/cuad/CUAD_v1/full_contract_pdf/Part_III/Maintenance/PRIMEENERGYRESOURCESCORP_04_02_2007-EX-10.28-COMPLETION AND LIQUIDITY MAINTENANCE AGREEMENT.PDF,995799,False
data/raw/cuad/CUAD_v1/full_contract_pdf/Part_III/Maintenance/SANDRIDGEENERGYINC_08_06_2009-EX-10.6-OPERATIONS AND MAINTENANCE AGREEMENT.PDF,194516,False
data/raw/cuad/CUAD_v1/full_contract_pdf/Part_III/Maintenance/SECURIANFUNDSTRUST_05_01_2012-EX-99.28.H.9-NET INVESTMENT INCOME MAINTENANCE AGREEMENT.PDF,29212,False
data/raw/cuad/CUAD_v1/full_contract_pdf/Part_III/Maintenance/SEPARATEACCOUNTIIOFAGL_05_02_2011-EX-99.(J)(4)-UNCONDITIONAL CAPITAL MAINTENANCE AGREEMENT.PDF,53865,False
data/raw/cuad/CUAD_v1/full_contract_pdf/Part_III/Maintenance/SFGFINANCIALCORP_05_12_2009-EX-10.1-SOFTWARE LICENSE AND MAINTENANCE AGREEMENT.PDF,110259,False
data/raw/cuad/CUAD_v1/full_contract_pdf/Part_III/Maintenance/SLOVAKWIRELESSFINANCECOBV_03_28_2001-EX-4.(B)(II).3-Maintenance and support contract for SICAP(R) modules.PDF,67003,False
data/raw/cuad/CUAD_v1/full_contract_pdf/Part_III/Maintenance/SMITHELECTRICVEHICLESCORP_04_04_2012-EX-10.26-FLEET MAINTENANCE AGREEMENT.PDF,155629,False
data/raw/cuad/CUAD_v1/full_contract_pdf/Part_III/Maintenance/SPARKLINGSPRINGWATERHOLDINGSLTD_07_03_2002-EX-10.13-SOFTWARE LICENSE AND MAINTENANCE AGREEMENT.PDF,62699,False
"data/raw/cuad/CUAD_v1/full_contract_pdf/Part_III/Maintenance/SPIENERGYCO,LTD_03_09_2011-EX-99.5-OPERATIONS AND MAINTENANCE AGREEMENT.PDF",140519,False
data/raw/cuad/CUAD_v1/full_contract_pdf/Part_III/Maintenance/STARTECGLOBALCOMMUNICATIONSCORP_11_16_1998-EX-10.30-CONSTRUCTION AND MAINTENANCE AGREEMENT.PDF,145394,False
data/raw/cuad/CUAD_v1/full_contract_pdf/Part_III/Maintenance/SUMMAFOURINC_06_19_1998-EX-10.3-SOFTWARE LICENSE AND MAINTENANCE AGREEMENT.PDF,133503,False
data/raw/cuad/CUAD_v1/full_contract_pdf/Part_III/Maintenance/SUNTRONCORP_05_17_2006-EX-10.22-MAINTENANCE AGREEMENT.PDF,65732,False
data/raw/cuad/CUAD_v1/full_contract_pdf/Part_III/Maintenance/TELEGLOBEINTERNATIONALHOLDINGSLTD_03_29_2004-EX-10.10-CONSTRUCTION AND MAINTENANCE AGREEMENT.PDF,249419,False
data/raw/cuad/CUAD_v1/full_contract_pdf/Part_III/Maintenance/TELKOMSALTD_01_30_2003-EX-10-LICENCE AND MAINTENANCE AGREEMENT.PDF,439391,False
data/raw/cuad/CUAD_v1/full_contract_pdf/Part_III/Maintenance/TRIZETTOGROUPINC_08_18_1999-EX-10.17-TECHNICAL INFRASTRUCTURE MAINTENANCE AGREEMENT.PDF,53869,False
data/raw/cuad/CUAD_v1/full_contract_pdf/Part_III/Maintenance/UAGHINC_04_14_2004-EX-10.18-MAINTENANCE AGREEMENT.PDF,105517,False
data/raw/cuad/CUAD_v1/full_contract_pdf/Part_III/Maintenance/VARIABLESEPARATEACCOUNT_04_30_2014-EX-13.C-UNCONDITIONAL CAPITAL MAINTENANCE AGREEMENT.PDF,100726,False
data/raw/cuad/CUAD_v1/full_contract_pdf/Part_III/Maintenance/VERTEXENERGYINC_08_14_2014-EX-10.24-OPERATION AND MAINTENANCE AGREEMENT.PDF,514171,False
data/raw/cuad/CUAD_v1/full_contract_pdf/Part_III/Maintenance/VERTICALNETINC_04_01_2002-EX-10.19-MAINTENANCE AND SUPPORT AGREEMENT.PDF,99997,False
data/raw/cuad/CUAD_v1/full_contract_pdf/Part_III/Maintenance/ZONDWINDSYSTEMPARTNERSLTDSERIES85-B_04_03_2006-EX-10-MANAGEMENT AND MAINTENANCE AGREEMENT.PDF,49112,False
"data/raw/cuad/CUAD_v1/full_contract_pdf/Part_III/Manufacturing/ADMA BioManufacturing, LLC -  Amendment #3 to Manufacturing Agreement .PDF",152371,False
"data/raw/cuad/CUAD_v1/full_contract_pdf/Part_III/Manufacturing/Antares Pharma, Inc. - Manufacturing Agreement.PDF",289942,False
data/raw/cuad/CUAD_v1/full_contract_pdf/Part_III/Manufacturing/Apollo Endosurgery - Manufacturing and Supply Agreement.PDF,200280,False
data/raw/cuad/CUAD_v1/full_contract_pdf/Part_III/Manufacturing/Cerus Corporation - FIRST AMEND TO SUPPLY AND MANUFACTURING AGREEMENT.PDF,175109,False
"data/raw/cuad/CUAD_v1/full_contract_pdf/Part_III/Manufacturing/Columbia Laboratories, (Bermuda) Ltd. - AMEND NO. 2 TO MANUFACTURING AND SUPPLY AGREEMENT.PDF",161443,False
data/raw/cuad/CUAD_v1/full_contract_pdf/Part_III/Manufacturing/ELECTRAMECCANICA VEHICLES CORP. - Manufacturing Agreement .PDF,286262,False
"data/raw/cuad/CUAD_v1/full_contract_pdf/Part_III/Manufacturing/Magenta Therapeutics, Inc. - Master Development and Manufacturing Agreement.PDF",191255,False
"data/raw/cuad/CUAD_v1/full_contract_pdf/Part_III/Manufacturing/Sonos, Inc. - Manufacturing Agreement .PDF",289650,False
"data/raw/cuad/CUAD_v1/full_contract_pdf/Part_III/Manufacturing/VAPOTHERM, INC. - Manufacturing and Supply Agreement.PDF",201921,False
"data/raw/cuad/CUAD_v1/full_contract_pdf/Part_III/Marketing/GWG HOLDINGS, INC. - ORDERLY MARKETING AGREEMENT.PDF",163319,False
data/raw/cuad/CUAD_v1/full_contract_pdf/Part_III/Marketing/LECLANCHÉ S.A. - JOINT DEVELOPMENT AND MARKETING AGREEMENT.PDF,1063465,False
"data/raw/cuad/CUAD_v1/full_contract_pdf/Part_III/Marketing/Loop Industries, Inc. - Marketing Agreement.PDF",165415,False
"data/raw/cuad/CUAD_v1/full_contract_pdf/Part_III/Marketing/MetLife, Inc. - Remarketing Agreement.PDF",256193,False
data/raw/cuad/CUAD_v1/full_contract_pdf/Part_III/Marketing/Monsanto Company - SECOND A_R EXCLUSIVE AGENCY AND MARKETING AGREEMENT .PDF,1403548,False
data/raw/cuad/CUAD_v1/full_contract_pdf/Part_III/Marketing/NUVEEN - REMARKETING AGREEMENT.PDF,231649,False
"data/raw/cuad/CUAD_v1/full_contract_pdf/Part_III/Marketing/PACIRA PHARMACEUTICALS, INC. - A_R STRATEGIC LICENSING, DISTRIBUTION AND MARKETING AGREEMENT .PDF",335267,False
data/raw/cuad/CUAD_v1/full_contract_pdf/Part_III/Marketing/Principal Life Insurance Company - Broker Dealer Marketing and Servicing Agreement .PDF,890151,False
"data/raw/cuad/CUAD_v1/full_contract_pdf/Part_III/Marketing/Reinsurance Group of America, Incorporated - A_R REMARKETING  AGREEMENT.PDF",156000,False
"data/raw/cuad/CUAD_v1/full_contract_pdf/Part_III/Marketing/SightLife Surgical, Inc. - STRATEGIC SALES _ MARKETING AGREEMENT.PDF",160280,False
"data/raw/cuad/CUAD_v1/full_contract_pdf/Part_III/Marketing/Zounds Hearing, Inc. - MANUFACTURING DESIGN MARKETING AGREEMENT.PDF",162932,False
data/raw/cuad/CUAD_v1/full_contract_pdf/Part_III/Outsourcing/DRAGONSYSTEMSINC_01_08_1999-EX-10.17-OUTSOURCING AGREEMENT.PDF,46840,False
data/raw/cuad/CUAD_v1/full_contract_pdf/Part_III/Outsourcing/ELANDIAINTERNATIONALINC_04_25_2007-EX-10.21-Outsourcing Agreement.PDF,399777,False
data/raw/cuad/CUAD_v1/full_contract_pdf/Part_III/Outsourcing/HUBEIMINKANGPHARMACEUTICALLTD_09_19_2006-EX-10.1-OUTSOURCING AGREEMENT.PDF,139974,False
data/raw/cuad/CUAD_v1/full_contract_pdf/Part_III/Outsourcing/MANUFACTURERSSERVICESLTD_06_05_2000-EX-10.14-OUTSOURCING AGREEMENT.PDF,328203,False
data/raw/cuad/CUAD_v1/full_contract_pdf/Part_III/Outsourcing/NEXSTARFINANCEHOLDINGSINC_03_27_2002-EX-10.26-OUTSOURCING AGREEMENT.PDF,141818,False
data/raw/cuad/CUAD_v1/full_contract_pdf/Part_III/Outsourcing/NICELTD_06_26_2003-EX-4.5-OUTSOURCING AGREEMENT.PDF,152775,False
"data/raw/cuad/CUAD_v1/full_contract_pdf/Part_III/Outsourcing/OASYSMOBILE,INC_07_05_2001-EX-10.17-OUTSOURCING AGREEMENT.PDF",90813,False
data/raw/cuad/CUAD_v1/full_contract_pdf/Part_III/Outsourcing/OFGBANCORP_03_28_2007-EX-10.23-OUTSOURCING AGREEMENT.PDF,291223,False
"data/raw/cuad/CUAD_v1/full_contract_pdf/Part_III/Outsourcing/UNITEDNATIONALBANCORP_03_03_1999-EX-99-Outsourcing Agreement with the BISYS Group, Inc..PDF",36988,False
data/raw/cuad/CUAD_v1/full_contract_pdf/Part_III/Promotion/CYBERIANOUTPOSTINC_07_09_1998-EX-10.13-PROMOTION AGREEMENT.PDF,58860,False
data/raw/cuad/CUAD_v1/full_contract_pdf/Part_III/Promotion/KINGPHARMACEUTICALSINC_08_09_2006-EX-10.1-PROMOTION AGREEMENT.PDF,306155,False
"data/raw/cuad/CUAD_v1/full_contract_pdf/Part_III/Reseller/ADIANUTRITION,INC_04_01_2005-EX-10.D2-RESELLER AGREEMENT.PDF",61336,False
data/raw/cuad/CUAD_v1/full_contract_pdf/Part_III/Reseller/DIVERSINETCORP_03_01_2012-EX-4-RESELLER AGREEMENT.PDF,152791,False
data/raw/cuad/CUAD_v1/full_contract_pdf/Part_III/Reseller/WORLDWIDESTRATEGIESINC_11_02_2005-EX-10-RESELLER AGREEMENT.PDF,107633,False
data/raw/cuad/CUAD_v1/full_contract_pdf/Part_III/Service/ABILITYINC_06_15_2020-EX-4.25-SERVICES AGREEMENT.PDF,115192,False
data/raw/cuad/CUAD_v1/full_contract_pdf/Part_III/Service/BICYCLETHERAPEUTICSPLC_03_10_2020-EX-10.11-SERVICE AGREEMENT.PDF,185324,False
data/raw/cuad/CUAD_v1/full_contract_pdf/Part_III/Service/MERITLIFEINSURANCECO_06_19_2020-EX-10.(XIV)-MASTER SERVICES AGREEMENT.PDF,145610,False
data/raw/cuad/CUAD_v1/full_contract_pdf/Part_III/Service/NYLIACVARIABLEANNUITYSEPARATEACCOUNTIII_04_10_2020-EX-99.8.KK-SERVICE AGREEMENT.PDF,51080,False
"data/raw/cuad/CUAD_v1/full_contract_pdf/Part_III/Service/OAKTREECAPITALGROUP,LLC_03_02_2020-EX-10.8-Services Agreement.PDF",154631,False
data/raw/cuad/CUAD_v1/full_contract_pdf/Part_III/Service/OPERALTD_04_30_2020-EX-4.14-SERVICE AGREEMENT.PDF,115645,False
data/raw/cuad/CUAD_v1/full_contract_pdf/Part_III/Service/PFSFUNDS_06_26_2020-EX-99.H OTH MAT CONT-SERVICES AGREEMENT.PDF,81977,False
data/raw/cuad/CUAD_v1/full_contract_pdf/Part_III/Service/RISEEDUCATIONCAYMANLTD_04_17_2020-EX-4.23-SERVICE AGREEMENT.PDF,134418,False
data/raw/cuad/CUAD_v1/full_contract_pdf/Part_III/Service/SCOUTCAMINC_05_12_2020-EX-10.22-SERVICES AGREEMENT.PDF,101359,False
"data/raw/cuad/CUAD_v1/full_contract_pdf/Part_III/Service/SOLUTIONSVENDINGINTERNATIONAL,INC_03_31_2020-EX1A-1 UNDR AGMT-SERVICES AGREEMENT.PDF",109026,False
data/raw/cuad/CUAD_v1/full_contract_pdf/Part_III/Service/TALCOTTRESOLUTIONLIFEINSURANCECO-SEPARATEACCOUNTTWELVE_04_30_2020-EX-99.8(L)-SERVICE AGREEMENT.PDF,164711,False
"data/raw/cuad/CUAD_v1/full_contract_pdf/Part_III/Service/THERAVANCEBIOPHARMA,INC_05_08_2020-EX-10.2-SERVICE AGREEMENT.PDF",132401,False
data/raw/cuad/CUAD_v1/full_contract_pdf/Part_III/Service/TRANSMONTAIGNEPARTNERSLLC_03_13_2020-EX-10.9-SERVICES AGREEMENT.PDF,111850,False
data/raw/cuad/CUAD_v1/full_contract_pdf/Part_III/Service/WPPPLC_04_30_2020-EX-4.28-SERVICE AGREEMENT.PDF,231644,False
"data/raw/cuad/CUAD_v1/full_contract_pdf/Part_III/Sponsorship/CURAEGISTECHNOLOGIES,INC_05_26_2010-EX-1-CORPORATE SPONSORSHIP AGREEMENT.PDF",33182,False
data/raw/cuad/CUAD_v1/full_contract_pdf/Part_III/Sponsorship/DOMINIADVISORTRUST_02_18_2005-EX-99.(H)(2)-SPONSORSHIP AGREEMENT.PDF,48782,False
data/raw/cuad/CUAD_v1/full_contract_pdf/Part_III/Sponsorship/DRKOOPCOMINC_04_21_1999-EX-10.28-SPONSORSHIP AGREEMENT.PDF,73417,False
data/raw/cuad/CUAD_v1/full_contract_pdf/Part_III/Sponsorship/GSVINC_05_15_1998-EX-10-SPONSORSHIP AGREEMENT.PDF,75017,False
data/raw/cuad/CUAD_v1/full_contract_pdf/Part_III/Sponsorship/HYDRONTECHNOLOGIESINC_03_31_1997-EX-10.47-SPONSORSHIP AGREEMENT.PDF,62274,False
"data/raw/cuad/CUAD_v1/full_contract_pdf/Part_III/Sponsorship/IPAYMENT,INC_05_14_2007-EX-10.1-SPONSORSHIP AGREEMENT.PDF",228246,False
data/raw/cuad/CUAD_v1/full_contract_pdf/Part_III/Sponsorship/IVILLAGEINC_03_17_1999-EX-10.16-SPONSORSHIP AGREEMENT.PDF,59481,False
data/raw/cuad/CUAD_v1/full_contract_pdf/Part_III/Sponsorship/LOGANSROADHOUSEINC_03_27_1998-EX-10.17-SPONSORSHIP AGREEMENT.PDF,54584,False
data/raw/cuad/CUAD_v1/full_contract_pdf/Part_III/Sponsorship/LOOKSMARTLTD_07_20_2012-EX-99.(D)(I)-SPONSORSHIP AGREEMENT.PDF,65815,False
data/raw/cuad/CUAD_v1/full_contract_pdf/Part_III/Sponsorship/MERCATAINC_03_09_2000-EX-10.21-SPONSORSHIP AGREEMENT.PDF,58974,False
data/raw/cuad/CUAD_v1/full_contract_pdf/Part_III/Sponsorship/N2KINC_10_16_1997-EX-10.16-SPONSORSHIP AGREEMENT.PDF,76346,False
data/raw/cuad/CUAD_v1/full_contract_pdf/Part_III/Sponsorship/NATIONALPROCESSINGINC_07_18_1996-EX-10.4-SPONSORSHIP AGREEMENT.PDF,66891,False
data/raw/cuad/CUAD_v1/full_contract_pdf/Part_III/Sponsorship/NETGROCERINC_07_31_1998-EX-10.15-SPONSORSHIP AGREEMENT.PDF,72043,False
data/raw/cuad/CUAD_v1/full_contract_pdf/Part_III/Sponsorship/PACIFICSYSTEMSCONTROLTECHNOLOGYINC_08_24_2000-EX-10.53-SPONSORSHIP AGREEMENT.PDF,42813,False
data/raw/cuad/CUAD_v1/full_contract_pdf/Part_III/Sponsorship/PROLONGINTERNATIONALCORP_03_23_1998-EX-10.16-SPONSORSHIP AGREEMENT.PDF,51888,False
data/raw/cuad/CUAD_v1/full_contract_pdf/Part_III/Sponsorship/RUBIOSRESTAURANTSINC_03_31_2008-EX-10.75-SPONSORSHIP AGREEMENT.PDF,133614,False
data/raw/cuad/CUAD_v1/full_contract_pdf/Part_III/Sponsorship/SONUSCORP_03_12_1997-EX-10.11-SPONSORSHIP AGREEMENT.PDF,67859,False
data/raw/cuad/CUAD_v1/full_contract_pdf/Part_III/Sponsorship/TICKETSCOMINC_06_22_1999-EX-10.22-SPONSORSHIP AGREEMENT.PDF,46496,False
data/raw/cuad/CUAD_v1/full_contract_pdf/Part_III/Sponsorship/VITAMINSHOPPECOMINC_09_13_1999-EX-10.26-SPONSORSHIP AGREEMENT.PDF,100981,False
"data/raw/cuad/CUAD_v1/full_contract_pdf/Part_III/Sponsorship/VNUE,INC_07_10_2015-EX-10.1-SPONSORSHIP AGREEMENT.PDF",130116,False
"data/raw/cuad/CUAD_v1/full_contract_pdf/Part_III/Sponsorship/XLITECHNOLOGIES,INC_12_11_2015-EX-10.1-Sponsorship Agreement.PDF",106641,False
data/raw/cuad/CUAD_v1/full_contract_pdf/Part_III/Strategic Alliance/ADAPTIMMUNETHERAPEUTICSPLC_04_06_2017-EX-10.11-STRATEGIC ALLIANCE AGREEMENT.PDF,376266,False
data/raw/cuad/CUAD_v1/full_contract_pdf/Part_III/Strategic Alliance/AURASYSTEMSINC_06_16_2010-EX-10.25-STRATEGIC ALLIANCE AGREEMENT.PDF,86737,False
data/raw/cuad/CUAD_v1/full_contract_pdf/Part_III/Strategic Alliance/CHERRYHILLMORTGAGEINVESTMENTCORP_09_26_2013-EX-10.1-Strategic Alliance Agreement.PDF,69347,False
"data/raw/cuad/CUAD_v1/full_contract_pdf/Part_III/Strategic Alliance/COOLTECHNOLOGIES,INC_10_25_2017-EX-10.71-Strategic Alliance Agreement.PDF",99586,False
"data/raw/cuad/CUAD_v1/full_contract_pdf/Part_III/Strategic Alliance/DUOSTECHNOLOGIESGROUP,INC_04_21_2009-EX-10.1-STRATEGIC ALLIANCE AGREEMENT.PDF",83359,False
data/raw/cuad/CUAD_v1/full_contract_pdf/Part_III/Strategic Alliance/ENTRUSTINC_07_24_1998-EX-10.5-STRATEGIC ALLIANCE AGREEMENT.PDF,72980,False
"data/raw/cuad/CUAD_v1/full_contract_pdf/Part_III/Strategic Alliance/FTENETWORKS,INC_02_18_2016-EX-99.4-STRATEGIC ALLIANCE AGREEMENT.PDF",125249,False
"data/raw/cuad/CUAD_v1/full_contract_pdf/Part_III/Strategic Alliance/GIGGLESN_HUGS,INC_06_23_2016-EX-10.2-STRATEGIC ALLIANCE AGREEMENT.PDF",154061,False
data/raw/cuad/CUAD_v1/full_contract_pdf/Part_III/Strategic Alliance/GOLDRESOURCECORP_12_11_2008-EX-10.1-STRATEGIC ALLIANCE AGREEMENT.PDF,171967,False
data/raw/cuad/CUAD_v1/full_contract_pdf/Part_III/Strategic Alliance/ICORECONNECTINC_10_13_2010-EX-7.1-Strategic Alliance Agreement.PDF,103419,False
"data/raw/cuad/CUAD_v1/full_contract_pdf/Part_III/Strategic Alliance/INTELLIGENTHIGHWAYSOLUTIONS,INC_01_18_2018-EX-10.1-Strategic Alliance Agreement.PDF",88472,False
data/raw/cuad/CUAD_v1/full_contract_pdf/Part_III/Strategic Alliance/INTRICONCORP_03_10_2009-EX-10.22-Strategic Alliance Agreement.PDF,170833,False
"data/raw/cuad/CUAD_v1/full_contract_pdf/Part_III/Strategic Alliance/IOVANCEBIOTHERAPEUTICS,INC_08_03_2017-EX-10.1-STRATEGIC ALLIANCE AGREEMENT.PDF",186508,False
data/raw/cuad/CUAD_v1/full_contract_pdf/Part_III/Strategic Alliance/KALLOINC_11_03_2011-EX-10.1-STRATEGIC ALLIANCE AGREEMENT.PDF,1778356,False
data/raw/cuad/CUAD_v1/full_contract_pdf/Part_III/Strategic Alliance/LIGHTBRIDGECORP_11_23_2015-EX-10.26-STRATEGIC ALLIANCE AGREEMENT.PDF,130071,False
data/raw/cuad/CUAD_v1/full_contract_pdf/Part_III/Strategic Alliance/MANAKOASERVICESCORP_11_21_2007-EX-7.5-STRATEGIC ALLIANCE AGREEMENT.PDF,94305,False
data/raw/cuad/CUAD_v1/full_contract_pdf/Part_III/Strategic Alliance/ORBSATCORP_08_17_2007-EX-7.3-STRATEGIC ALLIANCE AGREEMENT.PDF,126379,False
data/raw/cuad/CUAD_v1/full_contract_pdf/Part_III/Strategic Alliance/PHLVARIABLEINSURANCECOCT_08_17_2009-EX-10.1-STRATEGIC ALLIANCE AGREEMENT.PDF,168354,False
"data/raw/cuad/CUAD_v1/full_contract_pdf/Part_III/Strategic Alliance/PHREESIA,INC_05_28_2019-EX-10.18-STRATEGIC ALLIANCE AGREEMENT.PDF",249262,False
data/raw/cuad/CUAD_v1/full_contract_pdf/Part_III/Strategic Alliance/REWALKROBOTICSLTD_07_10_2014-EX-10.2-STRATEGIC ALLIANCE AGREEMENT.PDF,115310,False
"data/raw/cuad/CUAD_v1/full_contract_pdf/Part_III/Strategic Alliance/ROCKYMOUNTAINCHOCOLATEFACTORY,INC_12_23_2019-EX-10.2-STRATEGIC ALLIANCE AGREEMENT.PDF",250949,False
"data/raw/cuad/CUAD_v1/full_contract_pdf/Part_III/Strategic Alliance/SUCAMPOPHARMACEUTICALS,INC_11_04_2015-EX-10.2-STRATEGIC ALLIANCE AGREEMENT.PDF",183950,False
"data/raw/cuad/CUAD_v1/full_contract_pdf/Part_III/Strategic Alliance/TURNKEYCAPITAL,INC_07_20_2017-EX-1.1-Strategic Alliance Agreement.PDF",94298,False
data/raw/cuad/CUAD_v1/full_contract_pdf/Part_III/Strategic Alliance/USASYNTHETICFUELCORP_10_21_2010-EX-10.10-STRATEGIC ALLIANCE AGREEMENT.PDF,169493,False
"data/raw/cuad/CUAD_v1/full_contract_pdf/Part_III/Strategic Alliance/VIRTUALSCOPICS,INC_11_12_2010-EX-10.1-STRATEGIC ALLIANCE AGREEMENT.PDF",97891,False
"data/raw/cuad/CUAD_v1/full_contract_pdf/Part_III/Strategic Alliance/WASTE2ENERGYHOLDINGS,INC_06_03_2010-EX-10.2-STRATEGIC ALLIANCE AGREEMENT.PDF",143705,False
"data/raw/cuad/CUAD_v1/full_contract_pdf/Part_III/Strategic Alliance/XLITECHNOLOGIES,INC_12_02_2015-EX-10.02-STRATEGIC ALLIANCE AGREEMENT.PDF",96318,False
"data/raw/cuad/CUAD_v1/full_contract_pdf/Part_III/Supply/BELLRINGBRANDS,INC_02_07_2020-EX-10.18-MASTER SUPPLY AGREEMENT.PDF",157336,False
data/raw/cuad/CUAD_v1/full_contract_pdf/Part_III/Supply/BIOFRONTERAAG_04_29_2019-EX-4.17-SUPPLY AGREEMENT.PDF,200511,False
data/raw/cuad/CUAD_v1/full_contract_pdf/Part_III/Supply/FUSIONPHARMACEUTICALSINC_06_05_2020-EX-10.17-Supply Agreement - FUSION.PDF,163344,False
"data/raw/cuad/CUAD_v1/full_contract_pdf/Part_III/Supply/HEMISPHERX - Sales, Marketing, Distribution, and Supply Agreement.PDF",256932,False
"data/raw/cuad/CUAD_v1/full_contract_pdf/Part_III/Supply/INTERSECTENT,INC_05_11_2020-EX-10.1-SUPPLY AGREEMENT.PDF",163456,False
data/raw/cuad/CUAD_v1/full_contract_pdf/Part_III/Supply/ULTRAGENYXPHARMACEUTICALINC_12_23_2013-EX-10.9-SUPPLY AGREEMENT.PDF,83089,False
"data/raw/cuad/CUAD_v1/full_contract_pdf/Part_III/Supply/VAXCYTE,INC_05_22_2020-EX-10.19-SUPPLY AGREEMENT.PDF",232468,False
data/raw/cuad/CUAD_v1/full_contract_pdf/Part_III/Supply/VERICELCORP_08_06_2019-EX-10.10-SUPPLY AGREEMENT.PDF,272163,False
data/raw/cuad/CUAD_v1/full_contract_pdf/Part_III/Transportation/ENERGYXXILTD_05_08_2015-EX-10.13-Transportation AGREEMENT.PDF,229451,False
data/raw/cuad/CUAD_v1/full_contract_pdf/Part_III/Transportation/ENTERPRISEPRODUCTSPARTNERSLP_07_08_1998-EX-10.3-TRANSPORTATION CONTRACT.PDF,103509,False
data/raw/cuad/CUAD_v1/full_contract_pdf/Part_III/Transportation/MARTINMIDSTREAMPARTNERSLP_01_23_2004-EX-10.3-TRANSPORTATION SERVICES AGREEMENT.PDF,91115,False
data/raw/cuad/CUAD_v1/full_contract_txt/Part_I/ABILITYINC_06_15_2020-EX-4.25-SERVICES AGREEMENT.txt,26346,False
data/raw/cuad/CUAD_v1/full_contract_txt/Part_I/ACCURAYINC_09_01_2010-EX-10.31-DISTRIBUTOR AGREEMENT.txt,89564,False
data/raw/cuad/CUAD_v1/full_contract_txt/Part_I/ADAMSGOLFINC_03_21_2005-EX-10.17-ENDORSEMENT AGREEMENT.txt,24632,False
data/raw/cuad/CUAD_v1/full_contract_txt/Part_I/AIRSPANNETWORKSINC_04_11_2000-EX-10.5-Distributor Agreement.txt,70444,False
data/raw/cuad/CUAD_v1/full_contract_txt/Part_I/AMBASSADOREYEWEARGROUPINC_11_17_1997-EX-10.28-ENDORSEMENT AGREEMENT.txt,39727,False
data/raw/cuad/CUAD_v1/full_contract_txt/Part_I/AMERICANPHYSICIANSCAPITALINC_03_31_2003-EX-10.26-AGENCY AGREEMENT.txt,23999,False
data/raw/cuad/CUAD_v1/full_contract_txt/Part_I/AMERICASSHOPPINGMALLINC_12_10_1999-EX-10.2-SITE DEVELOPMENT AND HOSTING AGREEMENT.txt,19351,False
data/raw/cuad/CUAD_v1/full_contract_txt/Part_I/ANIXABIOSCIENCESINC_06_09_2020-EX-10.1-COLLABORATION AGREEMENT.txt,40522,False
data/raw/cuad/CUAD_v1/full_contract_txt/Part_I/ASPIRITYHOLDINGSLLC_05_07_2012-EX-10.6-OUTSOURCING AGREEMENT.txt,67122,False
data/raw/cuad/CUAD_v1/full_contract_txt/Part_I/ATMOSENERGYCORP_11_22_2002-EX-10.17-TRANSPORTATION SERVICE AGREEMENT.txt,24151,False
data/raw/cuad/CUAD_v1/full_contract_txt/Part_I/AimmuneTherapeuticsInc_20200205_8-K_EX-10.3_11967170_EX-10.3_Development Agreement.txt,168025,False
data/raw/cuad/CUAD_v1/full_contract_txt/Part_I/AlliedEsportsEntertainmentInc_20190815_8-K_EX-10.19_11788293_EX-10.19_Content License Agreement.txt,35525,False
data/raw/cuad/CUAD_v1/full_contract_txt/Part_I/AlliedEsportsEntertainmentInc_20190815_8-K_EX-10.34_11788308_EX-10.34_Sponsorship Agreement.txt,37799,False
"data/raw/cuad/CUAD_v1/full_contract_txt/Part_I/Antares Pharma, Inc. - Manufacturing Agreement.txt",106794,False
data/raw/cuad/CUAD_v1/full_contract_txt/Part_I/ArcGroupInc_20171211_8-K_EX-10.1_10976103_EX-10.1_Sponsorship Agreement.txt,16773,False
data/raw/cuad/CUAD_v1/full_contract_txt/Part_I/ArconicRolledProductsCorp_20191217_10-12B_EX-2.7_11923804_EX-2.7_Trademark License Agreement.txt,18069,False
data/raw/cuad/CUAD_v1/full_contract_txt/Part_I/AtnInternationalInc_20191108_10-Q_EX-10.1_11878541_EX-10.1_Maintenance Agreement.txt,228965,False
data/raw/cuad/CUAD_v1/full_contract_txt/Part_I/AzulSa_20170303_F-1A_EX-10.3_9943903_EX-10.3_Maintenance Agreement1.txt,233309,False
data/raw/cuad/CUAD_v1/full_contract_txt/Part_I/AzulSa_20170303_F-1A_EX-10.3_9943903_EX-10.3_Maintenance Agreement2.txt,16891,False
"data/raw/cuad/CUAD_v1/full_contract_txt/Part_I/BABCOCK_WILCOXENTERPRISES,INC_08_04_2015-EX-10.17-INTELLECTUAL PROPERTY AGREEMENT between THE BABCOCK _ WILCOX COMPANY and BABCOCK _ WILCOX ENTERPRISES, INC..txt",112449,False
data/raw/cuad/CUAD_v1/full_contract_txt/Part_I/BANGIINC_05_25_2005-EX-10-Premium Managed Hosting Agreement.txt,2010,False
"data/raw/cuad/CUAD_v1/full_contract_txt/Part_I/BELLICUMPHARMACEUTICALS,INC_05_07_2019-EX-10.1-Supply Agreement.txt",188693,False
"data/raw/cuad/CUAD_v1/full_contract_txt/Part_I/BELLRINGBRANDS,INC_02_07_2020-EX-10.18-MASTER SUPPLY AGREEMENT.txt",37887,False
data/raw/cuad/CUAD_v1/full_contract_txt/Part_I/BICYCLETHERAPEUTICSPLC_03_10_2020-EX-10.11-SERVICE AGREEMENT.txt,57041,False
data/raw/cuad/CUAD_v1/full_contract_txt/Part_I/BIOCEPTINC_08_19_2013-EX-10-COLLABORATION AGREEMENT.txt,79084,False
data/raw/cuad/CUAD_v1/full_contract_txt/Part_I/BNCMORTGAGEINC_05_17_1999-EX-10.4-LICENSING AND WEB SITE HOSTING AGREEMENT.txt,32680,False
data/raw/cuad/CUAD_v1/full_contract_txt/Part_I/BONTONSTORESINC_04_20_2018-EX-99.3-AGENCY AGREEMENT.txt,161630,False
"data/raw/cuad/CUAD_v1/full_contract_txt/Part_I/BORROWMONEYCOM,INC_06_11_2020-EX-10.1-JOINT VENTURE AGREEMENT.txt",21454,False
data/raw/cuad/CUAD_v1/full_contract_txt/Part_I/CENTRACKINTERNATIONALINC_10_29_1999-EX-10.3-WEB SITE HOSTING AGREEMENT.txt,15176,False
"data/raw/cuad/CUAD_v1/full_contract_txt/Part_I/CERES,INC_01_25_2012-EX-10.20-Collaboration Agreement.txt",335519,False
data/raw/cuad/CUAD_v1/full_contract_txt/Part_I/CHERRYHILLMORTGAGEINVESTMENTCORP_09_26_2013-EX-10.1-Strategic Alliance Agreement.txt,27744,False
data/raw/cuad/CUAD_v1/full_contract_txt/Part_I/CHIPMOSTECHNOLOGIESBERMUDALTD_04_18_2016-EX-4.72-Strategic Alliance Agreement.txt,13506,False
data/raw/cuad/CUAD_v1/full_contract_txt/Part_I/CORIOINC_07_20_2000-EX-10.5-LICENSE AND HOSTING AGREEMENT.txt,62324,False
data/raw/cuad/CUAD_v1/full_contract_txt/Part_I/CUROGROUPHOLDINGSCORP_05_04_2020-EX-10.3-SERVICING AGREEMENT.txt,36602,False
data/raw/cuad/CUAD_v1/full_contract_txt/Part_I/CYBERIANOUTPOSTINC_07_09_1998-EX-10.13-PROMOTION AGREEMENT.txt,25288,False
data/raw/cuad/CUAD_v1/full_contract_txt/Part_I/CardlyticsInc_20180112_S-1_EX-10.16_11002987_EX-10.16_Maintenance Agreement1.txt,165343,False
data/raw/cuad/CUAD_v1/full_contract_txt/Part_I/CardlyticsInc_20180112_S-1_EX-10.16_11002987_EX-10.16_Maintenance Agreement2.txt,2819,False
data/raw/cuad/CUAD_v1/full_contract_txt/Part_I/CardlyticsInc_20180112_S-1_EX-10.16_11002987_EX-10.16_Maintenance Agreement3.txt,1707,False
data/raw/cuad/CUAD_v1/full_contract_txt/Part_I/CardlyticsInc_20180112_S-1_EX-10.16_11002987_EX-10.16_Maintenance Agreement4.txt,5337,False
data/raw/cuad/CUAD_v1/full_contract_txt/Part_I/CerenceInc_20191002_8-K_EX-10.4_11827494_EX-10.4_Intellectual Property Agreement.txt,62170,False
data/raw/cuad/CUAD_v1/full_contract_txt/Part_I/ChinaRealEstateInformationCorp_20090929_F-1_EX-10.32_4771615_EX-10.32_Content License Agreement.txt,49191,False
"data/raw/cuad/CUAD_v1/full_contract_txt/Part_I/Columbia Laboratories, (Bermuda) Ltd. - AMEND NO. 2 TO MANUFACTURING AND SUPPLY AGREEMENT.txt",45847,False
data/raw/cuad/CUAD_v1/full_contract_txt/Part_I/ConformisInc_20191101_10-Q_EX-10.6_11861402_EX-10.6_Development Agreement.txt,63218,False
data/raw/cuad/CUAD_v1/full_contract_txt/Part_I/CreditcardscomInc_20070810_S-1_EX-10.33_362297_EX-10.33_Affiliate Agreement.txt,28984,False
data/raw/cuad/CUAD_v1/full_contract_txt/Part_I/CytodynInc_20200109_10-Q_EX-10.5_11941634_EX-10.5_License Agreement.txt,159495,False
data/raw/cuad/CUAD_v1/full_contract_txt/Part_I/DOMINIADVISORTRUST_02_18_2005-EX-99.(H)(2)-SPONSORSHIP AGREEMENT.txt,12555,False
data/raw/cuad/CUAD_v1/full_contract_txt/Part_I/DRAGONSYSTEMSINC_01_08_1999-EX-10.17-OUTSOURCING AGREEMENT.txt,8599,False
data/raw/cuad/CUAD_v1/full_contract_txt/Part_I/DataCallTechnologies_20060918_SB-2A_EX-10.9_944510_EX-10.9_Content License Agreement.txt,14171,False
data/raw/cuad/CUAD_v1/full_contract_txt/Part_I/DigitalCinemaDestinationsCorp_20111220_S-1_EX-10.10_7346719_EX-10.10_Affiliate Agreement.txt,109015,False
data/raw/cuad/CUAD_v1/full_contract_txt/Part_I/DovaPharmaceuticalsInc_20181108_10-Q_EX-10.2_11414857_EX-10.2_Promotion Agreement.txt,175617,False
data/raw/cuad/CUAD_v1/full_contract_txt/Part_I/ELANDIAINTERNATIONALINC_04_25_2007-EX-10.21-Outsourcing Agreement.txt,82964,False
data/raw/cuad/CUAD_v1/full_contract_txt/Part_I/ELECTRAMECCANICA VEHICLES CORP. - Manufacturing Agreement.txt,47935,False
"data/raw/cuad/CUAD_v1/full_contract_txt/Part_I/ELFBEAUTY,INC_07_02_2020-EX-10.1-COOPERATION AGREEMENT.txt",45484,False
data/raw/cuad/CUAD_v1/full_contract_txt/Part_I/ENERGOUSCORP_03_16_2017-EX-10.24-STRATEGIC ALLIANCE AGREEMENT.txt,81927,False
data/raw/cuad/CUAD_v1/full_contract_txt/Part_I/ENERGYXXILTD_05_08_2015-EX-10.13-Transportation AGREEMENT.txt,60983,False
data/raw/cuad/CUAD_v1/full_contract_txt/Part_I/ENTERTAINMENTGAMINGASIAINC_02_15_2005-EX-10.5-DISTRIBUTOR AGREEMENT.txt,44722,False
data/raw/cuad/CUAD_v1/full_contract_txt/Part_I/EcoScienceSolutionsInc_20171117_8-K_EX-10.1_10956472_EX-10.1_Endorsement Agreement.txt,18104,False
data/raw/cuad/CUAD_v1/full_contract_txt/Part_I/EdietsComInc_20001030_10QSB_EX-10.4_2606646_EX-10.4_Co-Branding Agreement.txt,64192,False
data/raw/cuad/CUAD_v1/full_contract_txt/Part_I/EmmisCommunicationsCorp_20191125_8-K_EX-10.6_11906433_EX-10.6_Marketing Agreement.txt,17300,False
data/raw/cuad/CUAD_v1/full_contract_txt/Part_I/EtonPharmaceuticalsInc_20191114_10-Q_EX-10.1_11893941_EX-10.1_Development Agreement.txt,65652,False
data/raw/cuad/CUAD_v1/full_contract_txt/Part_I/EuromediaHoldingsCorp_20070215_10SB12G_EX-10.B(01)_525118_EX-10.B(01)_Content License Agreement.txt,30050,False
data/raw/cuad/CUAD_v1/full_contract_txt/Part_I/FEDERATEDGOVERNMENTINCOMESECURITIESINC_04_28_2020-EX-99.SERV AGREE-SERVICES AGREEMENT.txt,11047,False
data/raw/cuad/CUAD_v1/full_contract_txt/Part_I/FEDERATEDGOVERNMENTINCOMESECURITIESINC_04_28_2020-EX-99.SERV AGREE-SERVICES AGREEMENT_SECONDAMENDMENT.txt,5466,False
"data/raw/cuad/CUAD_v1/full_contract_txt/Part_I/FTENETWORKS,INC_02_18_2016-EX-99.4-STRATEGIC ALLIANCE AGREEMENT.txt",37834,False
data/raw/cuad/CUAD_v1/full_contract_txt/Part_I/FUSIONPHARMACEUTICALSINC_06_05_2020-EX-10.17-Supply Agreement - FUSION.txt,40601,False
data/raw/cuad/CUAD_v1/full_contract_txt/Part_I/FerroglobePlc_20150624_F-4A_EX-10.20_9154746_EX-10.20_Outsourcing Agreement.txt,30332,False
data/raw/cuad/CUAD_v1/full_contract_txt/Part_I/Freecook_20180605_S-1_EX-10.3_11233807_EX-10.3_Hosting Agreement.txt,6341,False
data/raw/cuad/CUAD_v1/full_contract_txt/Part_I/FreezeTagInc_20180411_8-K_EX-10.1_11139603_EX-10.1_Sponsorship Agreement.txt,26780,False
data/raw/cuad/CUAD_v1/full_contract_txt/Part_I/FuseMedicalInc_20190321_10-K_EX-10.43_11575454_EX-10.43_Distributor Agreement.txt,32502,False
data/raw/cuad/CUAD_v1/full_contract_txt/Part_I/GALACTICOMMTECHNOLOGIESINC_11_07_1997-EX-10.46-WEB HOSTING AGREEMENT.txt,1660,False
data/raw/cuad/CUAD_v1/full_contract_txt/Part_I/GLOBALTECHNOLOGIESLTD_06_08_2020-EX-10.16-CONSULTING AGREEMENT.txt,20805,False
data/raw/cuad/CUAD_v1/full_contract_txt/Part_I/GRANTIERRAENERGYINC_05_07_2012-EX-10.6-TRANSPORTATION CONTRACT.txt,229725,False
"data/raw/cuad/CUAD_v1/full_contract_txt/Part_I/GRIDIRONBIONUTRIENTS,INC_02_05_2020-EX-10.3-SUPPLY AGREEMENT.txt",5713,False
data/raw/cuad/CUAD_v1/full_contract_txt/Part_I/GSVINC_05_15_1998-EX-10-SPONSORSHIP AGREEMENT.txt,50835,False
data/raw/cuad/CUAD_v1/full_contract_txt/Part_I/GULFSOUTHMEDICALSUPPLYINC_12_24_1997-EX-4-AFFILIATE AGREEMENT.txt,27015,False
data/raw/cuad/CUAD_v1/full_contract_txt/Part_I/GopageCorp_20140221_10-K_EX-10.1_8432966_EX-10.1_Content License Agreement.txt,39625,False
data/raw/cuad/CUAD_v1/full_contract_txt/Part_I/GpaqAcquisitionHoldingsInc_20200123_S-4A_EX-10.6_11951677_EX-10.6_License Agreement.txt,45257,False
data/raw/cuad/CUAD_v1/full_contract_txt/Part_I/GridironBionutrientsInc_20171206_8-K_EX-10.2_10972556_EX-10.2_Endorsement Agreement.txt,3474,False
data/raw/cuad/CUAD_v1/full_contract_txt/Part_I/HEALTHGATEDATACORP_11_24_1999-EX-10.1-HOSTING AND MANAGEMENT AGREEMENT (1).txt,148691,False
"data/raw/cuad/CUAD_v1/full_contract_txt/Part_I/HEMISPHERX - Sales, Marketing, Distribution, and Supply Agreement.txt",73708,False
"data/raw/cuad/CUAD_v1/full_contract_txt/Part_I/HERTZGLOBALHOLDINGS,INC_07_07_2016-EX-10.4-INTELLECTUAL PROPERTY AGREEMENT.txt",30968,False
data/raw/cuad/CUAD_v1/full_contract_txt/Part_I/HUBEIMINKANGPHARMACEUTICALLTD_09_19_2006-EX-10.1-OUTSOURCING AGREEMENT.txt,11322,False
data/raw/cuad/CUAD_v1/full_contract_txt/Part_I/HarpoonTherapeuticsInc_20200312_10-K_EX-10.18_12051356_EX-10.18_Development Agreement.txt,249562,False
data/raw/cuad/CUAD_v1/full_contract_txt/Part_I/HealthcareIntegratedTechnologiesInc_20190812_8-K_EX-10.1_11776966_EX-10.1_Reseller Agreement.txt,22294,False
data/raw/cuad/CUAD_v1/full_contract_txt/Part_I/IGENEBIOTECHNOLOGYINC_05_13_2003-EX-1-JOINT VENTURE AGREEMENT.txt,70625,False
data/raw/cuad/CUAD_v1/full_contract_txt/Part_I/INKTOMICORP_06_08_1998-EX-10.14-SOFTWARE HOSTING AGREEMENT.txt,70664,False
"data/raw/cuad/CUAD_v1/full_contract_txt/Part_I/INTELLIGENTHIGHWAYSOLUTIONS,INC_01_18_2018-EX-10.1-Strategic Alliance Agreement.txt",8288,False
data/raw/cuad/CUAD_v1/full_contract_txt/Part_I/INTERNATIONALFASTFOODCORP_04_04_1997-EX-99-FRANCHISE AGREEMENT.txt,116873,False
"data/raw/cuad/CUAD_v1/full_contract_txt/Part_I/INTERSECTENT,INC_05_11_2020-EX-10.1-SUPPLY AGREEMENT.txt",37970,False
data/raw/cuad/CUAD_v1/full_contract_txt/Part_I/INTRICONCORP_03_10_2009-EX-10.22-Strategic Alliance Agreement.txt,52977,False
data/raw/cuad/CUAD_v1/full_contract_txt/Part_I/ImperialGardenResortInc_20161028_DRS (on F-1)_EX-10.13_9963189_EX-10.13_Outsourcing Agreement.txt,12260,False
data/raw/cuad/CUAD_v1/full_contract_txt/Part_I/ImpresseCorp_20000322_S-1A_EX-10.11_5199234_EX-10.11_Co-Branding Agreement.txt,47639,False
data/raw/cuad/CUAD_v1/full_contract_txt/Part_I/InmodeLtd_20190729_F-1A_EX-10.9_11743243_EX-10.9_Manufacturing Agreement.txt,39592,False
data/raw/cuad/CUAD_v1/full_contract_txt/Part_I/IntegrityFunds_20200121_485BPOS_EX-99.E UNDR CONTR_11948727_EX-99.E UNDR CONTR_Service Agreement.txt,23845,False
data/raw/cuad/CUAD_v1/full_contract_txt/Part_I/JINGWEIINTERNATIONALLTD_10_04_2007-EX-10.7-INTELLECTUAL PROPERTY AGREEMENT.txt,15590,False
"data/raw/cuad/CUAD_v1/full_contract_txt/Part_I/KIROMICBIOPHARMA,INC_05_11_2020-EX-10.23-CONSULTING AGREEMENT.txt",18417,False
"data/raw/cuad/CUAD_v1/full_contract_txt/Part_I/KUBIENT,INC_07_02_2020-EX-10.14-MASTER SERVICES AGREEMENT_Part2.txt",7600,False
data/raw/cuad/CUAD_v1/full_contract_txt/Part_I/LECLANCHÉ S.A. - JOINT DEVELOPMENT AND MARKETING AGREEMENT.txt,20411,False
data/raw/cuad/CUAD_v1/full_contract_txt/Part_I/LIMEENERGYCO_09_09_1999-EX-10-DISTRIBUTOR AGREEMENT.txt,54290,False
data/raw/cuad/CUAD_v1/full_contract_txt/Part_I/LegacyEducationAllianceInc_20200330_10-K_EX-10.18_12090678_EX-10.18_Development Agreement.txt,46358,False
data/raw/cuad/CUAD_v1/full_contract_txt/Part_II/LOYALTYPOINTINC_11_16_2004-EX-10.2-RESELLER AGREEMENT.txt,117478,False
data/raw/cuad/CUAD_v1/full_contract_txt/Part_II/LUCIDINC_04_15_2011-EX-10.9-DISTRIBUTOR AGREEMENT.txt,15540,False
data/raw/cuad/CUAD_v1/full_contract_txt/Part_II/LohaCompanyltd_20191209_F-1_EX-10.16_11917878_EX-10.16_Supply Agreement.txt,11475,False
data/raw/cuad/CUAD_v1/full_contract_txt/Part_II/MACROGENICSINC_08_02_2013-EX-10-COLLABORATION AGREEMENT.txt,163232,False
data/raw/cuad/CUAD_v1/full_contract_txt/Part_II/MARTINMIDSTREAMPARTNERSLP_01_23_2004-EX-10.3-TRANSPORTATION SERVICES AGREEMENT.txt,13995,False
data/raw/cuad/CUAD_v1/full_contract_txt/Part_II/MEDIWOUNDLTD_01_15_2014-EX-10.6-SUPPLY AGREEMENT.txt,49925,False
"data/raw/cuad/CUAD_v1/full_contract_txt/Part_II/MIDDLEBROOKPHARMACEUTICALS,INC_03_18_2010-EX-10.1-PROMOTION AGREEMENT.txt",57747,False
data/raw/cuad/CUAD_v1/full_contract_txt/Part_II/MRSFIELDSORIGINALCOOKIESINC_01_29_1998-EX-10-FRANCHISE AGREEMENT.txt,249359,False
data/raw/cuad/CUAD_v1/full_contract_txt/Part_II/MSCIINC_02_28_2008-EX-10.10-.txt,11770,False
"data/raw/cuad/CUAD_v1/full_contract_txt/Part_II/Magenta Therapeutics, Inc. - Master Development and Manufacturing Agreement.txt",73599,False
"data/raw/cuad/CUAD_v1/full_contract_txt/Part_II/MetLife, Inc. - Remarketing Agreement.txt",111249,False
data/raw/cuad/CUAD_v1/full_contract_txt/Part_II/MorganStanleyDirectLendingFund_20191119_10-12GA_EX-10.5_11898508_EX-10.5_Trademark License Agreement.txt,16162,False
data/raw/cuad/CUAD_v1/full_contract_txt/Part_II/MphaseTechnologiesInc_20030911_10-K_EX-10.15_1560667_EX-10.15_Co-Branding Agreement.txt,8321,False
data/raw/cuad/CUAD_v1/full_contract_txt/Part_II/N2KINC_10_16_1997-EX-10.16-SPONSORSHIP AGREEMENT.txt,49518,False
data/raw/cuad/CUAD_v1/full_contract_txt/Part_II/NANOPHASETECHNOLOGIESCORP_11_01_2005-EX-99.1-DISTRIBUTOR AGREEMENT.txt,48643,False
data/raw/cuad/CUAD_v1/full_contract_txt/Part_II/NELNETINC_04_08_2020-EX-1-JOINT FILING AGREEMENT.txt,1081,False
data/raw/cuad/CUAD_v1/full_contract_txt/Part_II/NEONSYSTEMSINC_03_01_1999-EX-10.5-DISTRIBUTOR AGREEMENT_Amendment.txt,21994,False
"data/raw/cuad/CUAD_v1/full_contract_txt/Part_II/NETGEAR,INC_04_21_2003-EX-10.16-AMENDMENT TO THE DISTRIBUTOR AGREEMENT BETWEEN INGRAM MICRO AND NETGEAR.txt",8113,False
"data/raw/cuad/CUAD_v1/full_contract_txt/Part_II/NETGEAR,INC_04_21_2003-EX-10.16-DISTRIBUTOR AGREEMENT.txt",41501,False
data/raw/cuad/CUAD_v1/full_contract_txt/Part_II/NICELTD_06_26_2003-EX-4.5-OUTSOURCING AGREEMENT.txt,148163,False
data/raw/cuad/CUAD_v1/full_contract_txt/Part_II/NUVEEN - REMARKETING AGREEMENT.txt,70827,False
data/raw/cuad/CUAD_v1/full_contract_txt/Part_II/NYLIACVARIABLEANNUITYSEPARATEACCOUNTIII_04_10_2020-EX-99.8.KK-SERVICE AGREEMENT.txt,6840,False
"data/raw/cuad/CUAD_v1/full_contract_txt/Part_II/OAKTREECAPITALGROUP,LLC_03_02_2020-EX-10.8-Services Agreement.txt",20133,False
"data/raw/cuad/CUAD_v1/full_contract_txt/Part_II/OASYSMOBILE,INC_07_05_2001-EX-10.17-OUTSOURCING AGREEMENT.txt",58860,False
"data/raw/cuad/CUAD_v1/full_contract_txt/Part_II/ON2TECHNOLOGIES,INC_11_17_2006-EX-10.3-SUPPORT AND MAINTENANCE AGREEMENT.txt",61392,False
data/raw/cuad/CUAD_v1/full_contract_txt/Part_II/OPERALTD_04_30_2020-EX-4.14-SERVICE AGREEMENT.txt,20983,False
data/raw/cuad/CUAD_v1/full_contract_txt/Part_II/ORBSATCORP_08_17_2007-EX-7.3-STRATEGIC ALLIANCE AGREEMENT.txt,18445,False
data/raw/cuad/CUAD_v1/full_contract_txt/Part_II/PACIFICSYSTEMSCONTROLTECHNOLOGYINC_08_24_2000-EX-10.53-SPONSORSHIP AGREEMENT.txt,4066,False
"data/raw/cuad/CUAD_v1/full_contract_txt/Part_II/PACIRA PHARMACEUTICALS, INC. - A_R STRATEGIC LICENSING, DISTRIBUTION AND MARKETING AGREEMENT .txt",145181,False
data/raw/cuad/CUAD_v1/full_contract_txt/Part_II/PLAYAHOTELS_RESORTSNV_03_14_2017-EX-10.22-STRATEGIC ALLIANCE AGREEMENT (Hyatt Ziva Cancun).txt,22281,False
data/raw/cuad/CUAD_v1/full_contract_txt/Part_II/PREMIERBIOMEDICALINC_05_14_2020-EX-10.2-INTELLECTUAL PROPERTY AGREEMENT.txt,23282,False
data/raw/cuad/CUAD_v1/full_contract_txt/Part_II/PacificapEntertainmentHoldingsInc_20051115_8-KA_EX-1.01_4300894_EX-1.01_Content License Agreement.txt,18142,False
data/raw/cuad/CUAD_v1/full_contract_txt/Part_II/PalmerSquareCapitalBdcInc_20200116_10-12GA_EX-10.6_11949289_EX-10.6_Trademark License Agreement.txt,14764,False
data/raw/cuad/CUAD_v1/full_contract_txt/Part_II/PapaJohnsInternationalInc_20190617_8-K_EX-10.1_11707365_EX-10.1_Endorsement Agreement.txt,68204,False
data/raw/cuad/CUAD_v1/full_contract_txt/Part_II/PareteumCorp_20081001_8-K_EX-99.1_2654808_EX-99.1_Hosting Agreement.txt,66261,False
data/raw/cuad/CUAD_v1/full_contract_txt/Part_II/PelicanDeliversInc_20200211_S-1_EX-10.3_11975895_EX-10.3_Development Agreement1.txt,16693,False
data/raw/cuad/CUAD_v1/full_contract_txt/Part_II/PelicanDeliversInc_20200211_S-1_EX-10.3_11975895_EX-10.3_Development Agreement2.txt,32094,False
data/raw/cuad/CUAD_v1/full_contract_txt/Part_II/PenntexMidstreamPartnersLp_20150416_S-1A_EX-10.4_9042833_EX-10.4_Transportation Agreement.txt,52022,False
data/raw/cuad/CUAD_v1/full_contract_txt/Part_II/PfHospitalityGroupInc_20150923_10-12G_EX-10.1_9266710_EX-10.1_Franchise Agreement1.txt,152654,False
data/raw/cuad/CUAD_v1/full_contract_txt/Part_II/PfHospitalityGroupInc_20150923_10-12G_EX-10.1_9266710_EX-10.1_Franchise Agreement3.txt,6772,False
data/raw/cuad/CUAD_v1/full_contract_txt/Part_II/PhasebioPharmaceuticalsInc_20200330_10-K_EX-10.21_12086810_EX-10.21_Development Agreement.txt,291903,False
data/raw/cuad/CUAD_v1/full_contract_txt/Part_II/PrecheckHealthServicesInc_20200320_8-K_EX-99.2_12070169_EX-99.2_Distributor Agreement.txt,6323,False
data/raw/cuad/CUAD_v1/full_contract_txt/Part_II/Principal Life Insurance Company - Broker Dealer Marketing and Servicing Agreement.txt,29599,False
data/raw/cuad/CUAD_v1/full_contract_txt/Part_II/REWALKROBOTICSLTD_07_10_2014-EX-10.2-STRATEGIC ALLIANCE AGREEMENT.txt,14979,False
data/raw/cuad/CUAD_v1/full_contract_txt/Part_II/RMRGROUPINC_01_22_2020-EX-99.1-JOINT FILING AGREEMENT.txt,645,False
data/raw/cuad/CUAD_v1/full_contract_txt/Part_II/RUBIOSRESTAURANTSINC_03_31_2008-EX-10.75-SPONSORSHIP AGREEMENT.txt,37103,False
data/raw/cuad/CUAD_v1/full_contract_txt/Part_II/RareElementResourcesLtd_20171019_SC 13D_EX-99.4_10897534_EX-99.4_Intellectual Property Agreement.txt,34462,False
data/raw/cuad/CUAD_v1/full_contract_txt/Part_II/ReedsInc_20191113_10-Q_EX-10.4_11888303_EX-10.4_Development Agreement.txt,28343,False
data/raw/cuad/CUAD_v1/full_contract_txt/Part_II/ReynoldsConsumerProductsInc_20191115_S-1_EX-10.18_11896469_EX-10.18_Supply Agreement.txt,61710,False
data/raw/cuad/CUAD_v1/full_contract_txt/Part_II/ReynoldsConsumerProductsInc_20200121_S-1A_EX-10.22_11948918_EX-10.22_Service Agreement.txt,113984,False
data/raw/cuad/CUAD_v1/full_contract_txt/Part_II/RgcResourcesInc_20151216_8-K_EX-10.3_9372751_EX-10.3_Franchise Agreement.txt,5171,False
data/raw/cuad/CUAD_v1/full_contract_txt/Part_II/RitterPharmaceuticalsInc_20200313_S-4A_EX-10.54_12055220_EX-10.54_Development Agreement.txt,122908,False
data/raw/cuad/CUAD_v1/full_contract_txt/Part_II/SECURIANFUNDSTRUST_05_01_2012-EX-99.28.H.9-NET INVESTMENT INCOME MAINTENANCE AGREEMENT.txt,9700,False
data/raw/cuad/CUAD_v1/full_contract_txt/Part_II/SENMIAOTECHNOLOGYLTD_02_19_2019-EX-10.5-Collaboration Agreement.txt,73926,False
data/raw/cuad/CUAD_v1/full_contract_txt/Part_II/SEPARATEACCOUNTIIOFAGL_05_02_2011-EX-99.(J)(4)-UNCONDITIONAL CAPITAL MAINTENANCE AGREEMENT.txt,20121,False
"data/raw/cuad/CUAD_v1/full_contract_txt/Part_II/SIBANNAC,INC_12_04_2017-EX-2.1-Strategic Alliance Agreement.txt",8380,False
data/raw/cuad/CUAD_v1/full_contract_txt/Part_II/SLINGERBAGINC_05_27_2020-EX-10.7-CONSULTING AGREEMENT.txt,33439,False
data/raw/cuad/CUAD_v1/full_contract_txt/Part_II/SLOVAKWIRELESSFINANCECOBV_03_28_2001-EX-4.(B)(II).3-Maintenance and support contract for SICAP(R) modules.txt,33577,False
data/raw/cuad/CUAD_v1/full_contract_txt/Part_II/SPARKLINGSPRINGWATERHOLDINGSLTD_07_03_2002-EX-10.13-SOFTWARE LICENSE AND MAINTENANCE AGREEMENT.txt,27714,False
"data/raw/cuad/CUAD_v1/full_contract_txt/Part_II/SPOKHOLDINGS,INC_06_19_2020-EX-10.1-COOPERATION AGREEMENT.txt",17713,False
data/raw/cuad/CUAD_v1/full_contract_txt/Part_II/STWRESOURCESHOLDINGCORP_08_06_2014-EX-10.1-COOPERATION AGREEMENT.txt,27725,False
data/raw/cuad/CUAD_v1/full_contract_txt/Part_II/SUMMAFOURINC_06_19_1998-EX-10.3-SOFTWARE LICENSE AND MAINTENANCE AGREEMENT.txt,117803,False
data/raw/cuad/CUAD_v1/full_contract_txt/Part_II/SalesforcecomInc_20171122_10-Q_EX-10.1_10961535_EX-10.1_Reseller Agreement.txt,2935,False
data/raw/cuad/CUAD_v1/full_contract_txt/Part_II/ScansourceInc_20190822_10-K_EX-10.38_11793958_EX-10.38_Distributor Agreement1.txt,84406,False
data/raw/cuad/CUAD_v1/full_contract_txt/Part_II/ScansourceInc_20190822_10-K_EX-10.38_11793958_EX-10.38_Distributor Agreement2.txt,13332,False
"data/raw/cuad/CUAD_v1/full_contract_txt/Part_II/SightLife Surgical, Inc. - STRATEGIC SALES _ MARKETING AGREEMENT.txt",23896,False
"data/raw/cuad/CUAD_v1/full_contract_txt/Part_II/Sonos, Inc. - Manufacturing Agreement .txt",109227,False
data/raw/cuad/CUAD_v1/full_contract_txt/Part_II/SouthernStarEnergyInc_20051202_SB-2A_EX-9_801890_EX-9_Affiliate Agreement.txt,22744,False
data/raw/cuad/CUAD_v1/full_contract_txt/Part_II/TELEGLOBEINTERNATIONALHOLDINGSLTD_03_29_2004-EX-10.10-CONSTRUCTION AND MAINTENANCE AGREEMENT.txt,94266,False
"data/raw/cuad/CUAD_v1/full_contract_txt/Part_II/TRANSPHORM,INC_02_14_2020-EX-10.12(1)-JOINT VENTURE AGREEMENT.txt",95198,False
data/raw/cuad/CUAD_v1/full_contract_txt/Part_II/TUNIUCORP_03_06_2014-EX-10-COOPERATION AGREEMENT.txt,17917,False
data/raw/cuad/CUAD_v1/full_contract_txt/Part_II/TcPipelinesLp_20160226_10-K_EX-99.12_9454048_EX-99.12_Transportation Agreement.txt,6088,False
data/raw/cuad/CUAD_v1/full_contract_txt/Part_II/ThriventVariableInsuranceAccountB_20190701_N-6_EX-99.D(IV)_11720968_EX-99.D(IV)_Endorsement Agreement.txt,4871,False
data/raw/cuad/CUAD_v1/full_contract_txt/Part_II/TodosMedicalLtd_20190328_20-F_EX-4.10_11587157_EX-4.10_Marketing Agreement_ Reseller Agreement.txt,32321,False
data/raw/cuad/CUAD_v1/full_contract_txt/Part_II/TomOnlineInc_20060501_20-F_EX-4.46_749700_EX-4.46_Co-Branding Agreement.txt,112387,False
data/raw/cuad/CUAD_v1/full_contract_txt/Part_II/URSCORPNEW_03_17_2014-EX-99-COOPERATION AGREEMENT.txt,37219,False
data/raw/cuad/CUAD_v1/full_contract_txt/Part_II/USASYNTHETICFUELCORP_10_21_2010-EX-10.10-STRATEGIC ALLIANCE AGREEMENT.txt,52272,False
data/raw/cuad/CUAD_v1/full_contract_txt/Part_II/UpjohnInc_20200121_10-12G_EX-2.6_11948692_EX-2.6_Manufacturing Agreement_ Supply Agreement.txt,225639,False
data/raw/cuad/CUAD_v1/full_contract_txt/Part_II/UsioInc_20040428_SB-2_EX-10.11_1723988_EX-10.11_Affiliate Agreement 2.txt,26115,False
"data/raw/cuad/CUAD_v1/full_contract_txt/Part_II/VAPOTHERM, INC. - Manufacturing and Supply Agreement.txt",75632,False
data/raw/cuad/CUAD_v1/full_contract_txt/Part_II/VARIABLESEPARATEACCOUNT_04_30_2014-EX-13.C-UNCONDITIONAL CAPITAL MAINTENANCE AGREEMENT.txt,15202,False
"data/raw/cuad/CUAD_v1/full_contract_txt/Part_II/VEONEER,INC_02_21_2020-EX-10.11-JOINT VENTURE AGREEMENT.txt",8259,False
data/raw/cuad/CUAD_v1/full_contract_txt/Part_II/VERICELCORP_08_06_2019-EX-10.10-SUPPLY AGREEMENT.txt,102024,False
data/raw/cuad/CUAD_v1/full_contract_txt/Part_II/VERTEXENERGYINC_08_14_2014-EX-10.24-OPERATION AND MAINTENANCE AGREEMENT.txt,57259,False
data/raw/cuad/CUAD_v1/full_contract_txt/Part_II/VERTICALNETINC_04_01_2002-EX-10.19-MAINTENANCE AND SUPPORT AGREEMENT.txt,78033,False
"data/raw/cuad/CUAD_v1/full_contract_txt/Part_II/VIRGINGALACTICHOLDINGS,INC_04_08_2020-EX-99.1-JOINT FILING STATEMENT.txt",1194,False
"data/raw/cuad/CUAD_v1/full_contract_txt/Part_II/VIVINT SOLAR, INC. - NON-COMPETITION AGREEMENT.txt",3493,False
data/raw/cuad/CUAD_v1/full_contract_txt/Part_II/VerizonAbsLlc_20200123_8-K_EX-10.4_11952335_EX-10.4_Service Agreement.txt,289660,False
data/raw/cuad/CUAD_v1/full_contract_txt/Part_II/WARNINGMANAGEMENTSERVICESINC_12_10_1999-EX-10-ENDORSEMENT AGREEMENT.txt,29724,False
"data/raw/cuad/CUAD_v1/full_contract_txt/Part_II/WASTE2ENERGYHOLDINGS,INC_06_03_2010-EX-10.2-STRATEGIC ALLIANCE AGREEMENT.txt",40442,False
data/raw/cuad/CUAD_v1/full_contract_txt/Part_II/WEBHELPCOMINC_03_22_2000-EX-10.8-HOSTING AGREEMENT.txt,19257,False
data/raw/cuad/CUAD_v1/full_contract_txt/Part_II/WELLSFARGOMORTGAGEBACKEDSECURITIES2006-6TRUST_05_11_2006-EX-10.3-Yield Maintenance Agreement.txt,37683,False
data/raw/cuad/CUAD_v1/full_contract_txt/Part_II/WESTERN COPPER - NON-COMPETITION AGREEMENT.txt,16406,False
"data/raw/cuad/CUAD_v1/full_contract_txt/Part_II/WHITESMOKE,INC_11_08_2011-EX-10.26-PROMOTION AND DISTRIBUTION AGREEMENT.txt",70383,False
data/raw/cuad/CUAD_v1/full_contract_txt/Part_II/WORLDWIDESTRATEGIESINC_11_02_2005-EX-10-RESELLER AGREEMENT.txt,84618,False
data/raw/cuad/CUAD_v1/full_contract_txt/Part_II/WPPPLC_04_30_2020-EX-4.28-SERVICE AGREEMENT.txt,65555,False
"data/raw/cuad/CUAD_v1/full_contract_txt/Part_II/XLITECHNOLOGIES,INC_12_02_2015-EX-10.02-STRATEGIC ALLIANCE AGREEMENT.txt",5712,False
"data/raw/cuad/CUAD_v1/full_contract_txt/Part_II/XLITECHNOLOGIES,INC_12_11_2015-EX-10.1-Sponsorship Agreement.txt",18240,False
data/raw/cuad/CUAD_v1/full_contract_txt/Part_II/ZEBRATECHNOLOGIESCORP_04_16_2014-EX-10.1-INTELLECTUAL PROPERTY AGREEMENT.txt,127208,False
"data/raw/cuad/CUAD_v1/full_contract_txt/Part_II/Zounds Hearing, Inc. - MANUFACTURING DESIGN MARKETING AGREEMENT.txt",47001,False
"data/raw/cuad/CUAD_v1/label_group_xlsx/Label Report - Anti-assignment, CIC (Group 3).xlsx",111477,False
data/raw/cuad/CUAD_v1/label_group_xlsx/Label Report - Audit Rights.xlsx,111642,False
data/raw/cuad/CUAD_v1/label_group_xlsx/Label Report - Covenant not to Sue.xlsx,30260,False
data/raw/cuad/CUAD_v1/label_group_xlsx/Label Report - Dates (Group 1).xlsx,108160,False
data/raw/cuad/CUAD_v1/label_group_xlsx/Label Report - Document Name.xlsx,28262,False
data/raw/cuad/CUAD_v1/label_group_xlsx/Label Report - Governing Law.xlsx,44511,False
data/raw/cuad/CUAD_v1/label_group_xlsx/Label Report - IP Ownership Assignment.xlsx,48042,False
data/raw/cuad/CUAD_v1/label_group_xlsx/Label Report - Insurance.xlsx,62067,False
data/raw/cuad/CUAD_v1/label_group_xlsx/Label Report - Joint IP Ownership.xlsx,22121,False
data/raw/cuad/CUAD_v1/label_group_xlsx/Label Report - Licenses (Group 4).xlsx,165250,False
data/raw/cuad/CUAD_v1/label_group_xlsx/Label Report - Liquidated Damages.xlsx,25014,False
data/raw/cuad/CUAD_v1/label_group_xlsx/Label Report - Minimum Commitment.xlsx,69328,False
data/raw/cuad/CUAD_v1/label_group_xlsx/Label Report - Most Favored Nation.xlsx,15911,False
data/raw/cuad/CUAD_v1/label_group_xlsx/Label Report - No-Solicit of Employees.xlsx,20263,False
"data/raw/cuad/CUAD_v1/label_group_xlsx/Label Report - Non-Compete, Exclusivity, No-Solicit of Customers (Group 2).xlsx",104803,False
data/raw/cuad/CUAD_v1/label_group_xlsx/Label Report - Non-Disparagement.xlsx,17933,False
data/raw/cuad/CUAD_v1/label_group_xlsx/Label Report - Parties.xlsx,77388,False
data/raw/cuad/CUAD_v1/label_group_xlsx/Label Report - Post-Termination Services.xlsx,109878,False
data/raw/cuad/CUAD_v1/label_group_xlsx/Label Report - Price Restrictions.xlsx,14734,False
data/raw/cuad/CUAD_v1/label_group_xlsx/Label Report - ROFR-ROFO-ROFN.xlsx,50528,False
data/raw/cuad/CUAD_v1/label_group_xlsx/Label Report - Revenue-Profit Sharing.xlsx,56610,False
data/raw/cuad/CUAD_v1/label_group_xlsx/Label Report - Source Code Escrow.xlsx,21872,False
data/raw/cuad/CUAD_v1/label_group_xlsx/Label Report - Termination for Convenience.xlsx,36151,False
data/raw/cuad/CUAD_v1/label_group_xlsx/Label Report - Third Party Beneficiary.xlsx,13171,False
data/raw/cuad/CUAD_v1/label_group_xlsx/Label Report - Uncapped Liability (Group 5).xlsx,99037,False
data/raw/cuad/CUAD_v1/label_group_xlsx/Label Report - Unlimited-All-You-Can-Eat License.xlsx,19940,False
data/raw/cuad/CUAD_v1/label_group_xlsx/Label Report - Volume Restriction.xlsx,32477,False
data/raw/cuad/CUAD_v1/label_group_xlsx/Label Report - Warranty Duration.xlsx,33405,False
data/raw/cuad/CUAD_v1/master_clauses.csv,3955428,False
data/raw/cuad/CUAD_v1/master_clauses.xlsx,1025929,False
data/raw/cuad/README.md,27,False
data/raw/deeprhole_jurix2019/.git/HEAD,23,False
data/raw/deeprhole_jurix2019/.git/config,371,False
data/raw/deeprhole_jurix2019/.git/config.worktree,57,False
data/raw/deeprhole_jurix2019/.git/description,73,False
data/raw/deeprhole_jurix2019/.git/hooks/applypatch-msg.sample,478,False
data/raw/deeprhole_jurix2019/.git/hooks/commit-msg.sample,896,False
data/raw/deeprhole_jurix2019/.git/hooks/fsmonitor-watchman.sample,4726,False
data/raw/deeprhole_jurix2019/.git/hooks/post-update.sample,189,False
data/raw/deeprhole_jurix2019/.git/hooks/pre-applypatch.sample,424,False
data/raw/deeprhole_jurix2019/.git/hooks/pre-commit.sample,1643,False
data/raw/deeprhole_jurix2019/.git/hooks/pre-merge-commit.sample,416,False
data/raw/deeprhole_jurix2019/.git/hooks/pre-push.sample,1374,False
data/raw/deeprhole_jurix2019/.git/hooks/pre-rebase.sample,4898,False
data/raw/deeprhole_jurix2019/.git/hooks/pre-receive.sample,544,False
data/raw/deeprhole_jurix2019/.git/hooks/prepare-commit-msg.sample,1492,False
data/raw/deeprhole_jurix2019/.git/hooks/push-to-checkout.sample,2783,False
data/raw/deeprhole_jurix2019/.git/hooks/sendemail-validate.sample,2308,False
data/raw/deeprhole_jurix2019/.git/hooks/update.sample,3650,False
data/raw/deeprhole_jurix2019/.git/index,10966,False
data/raw/deeprhole_jurix2019/.git/info/exclude,240,False
data/raw/deeprhole_jurix2019/.git/info/sparse-checkout,15,False
data/raw/deeprhole_jurix2019/.git/logs/HEAD,222,False
data/raw/deeprhole_jurix2019/.git/logs/refs/heads/master,222,False
data/raw/deeprhole_jurix2019/.git/logs/refs/remotes/origin/HEAD,222,False
data/raw/deeprhole_jurix2019/.git/objects/pack/pack-26fd03e7385c57a7b257455ae54181175e3095c1.idx,1296,False
data/raw/deeprhole_jurix2019/.git/objects/pack/pack-26fd03e7385c57a7b257455ae54181175e3095c1.pack,4178,False
data/raw/deeprhole_jurix2019/.git/objects/pack/pack-26fd03e7385c57a7b257455ae54181175e3095c1.promisor,105,False
data/raw/deeprhole_jurix2019/.git/objects/pack/pack-26fd03e7385c57a7b257455ae54181175e3095c1.rev,84,False
data/raw/deeprhole_jurix2019/.git/objects/pack/pack-9e832dd34030fc86c4e66a43cb0518ef77c8352a.idx,1268,False
data/raw/deeprhole_jurix2019/.git/objects/pack/pack-9e832dd34030fc86c4e66a43cb0518ef77c8352a.pack,8279,False
data/raw/deeprhole_jurix2019/.git/objects/pack/pack-9e832dd34030fc86c4e66a43cb0518ef77c8352a.promisor,0,False
data/raw/deeprhole_jurix2019/.git/objects/pack/pack-9e832dd34030fc86c4e66a43cb0518ef77c8352a.rev,80,False
data/raw/deeprhole_jurix2019/.git/objects/pack/pack-db530214aa379a4ba74169eda59dcd52f9e03d45.idx,3872,False
data/raw/deeprhole_jurix2019/.git/objects/pack/pack-db530214aa379a4ba74169eda59dcd52f9e03d45.pack,6507320,False
data/raw/deeprhole_jurix2019/.git/objects/pack/pack-db530214aa379a4ba74169eda59dcd52f9e03d45.promisor,8200,False
data/raw/deeprhole_jurix2019/.git/objects/pack/pack-db530214aa379a4ba74169eda59dcd52f9e03d45.rev,452,False
data/raw/deeprhole_jurix2019/.git/packed-refs,114,False
data/raw/deeprhole_jurix2019/.git/refs/heads/master,41,False
data/raw/deeprhole_jurix2019/.git/refs/remotes/origin/HEAD,32,False
data/raw/deeprhole_jurix2019/.git/shallow,41,False
data/raw/deeprhole_jurix2019/LICENSE,1082,False
data/raw/deeprhole_jurix2019/README.md,5816,False
data/raw/deeprhole_jurix2019/categories.txt,606,False
data/raw/deeprhole_jurix2019/data/pretrained_embeddings/1953_L_1.txt,316159,False
data/raw/deeprhole_jurix2019/data/pretrained_embeddings/1953_S_23.txt,261647,False
data/raw/deeprhole_jurix2019/data/pretrained_embeddings/1954_M_25.txt,226141,False
data/raw/deeprhole_jurix2019/data/pretrained_embeddings/1963_S_59.txt,1154344,False
data/raw/deeprhole_jurix2019/data/pretrained_embeddings/1971_S_1.txt,408869,False
data/raw/deeprhole_jurix2019/data/pretrained_embeddings/1973_S_68.txt,256721,False
data/raw/deeprhole_jurix2019/data/pretrained_embeddings/1976_T_9.txt,273759,False
data/raw/deeprhole_jurix2019/data/pretrained_embeddings/1977_P_19.txt,160045,False
data/raw/deeprhole_jurix2019/data/pretrained_embeddings/1978_M_13.txt,137909,False
data/raw/deeprhole_jurix2019/data/pretrained_embeddings/1980_W_3.txt,360103,False
data/raw/deeprhole_jurix2019/data/pretrained_embeddings/1987_C_108.txt,828393,False
data/raw/deeprhole_jurix2019/data/pretrained_embeddings/1987_M_123.txt,289493,False
data/raw/deeprhole_jurix2019/data/pretrained_embeddings/1987_S_26.txt,375225,False
data/raw/deeprhole_jurix2019/data/pretrained_embeddings/1989_A_55.txt,219541,False
data/raw/deeprhole_jurix2019/data/pretrained_embeddings/1994_M_69.txt,229203,False
data/raw/deeprhole_jurix2019/data/pretrained_embeddings/1994_S_246.txt,278215,False
data/raw/deeprhole_jurix2019/data/pretrained_embeddings/1995_S_317.txt,292616,False
data/raw/deeprhole_jurix2019/data/pretrained_embeddings/1996_B_72.txt,169954,False
data/raw/deeprhole_jurix2019/data/pretrained_embeddings/1996_T_169.txt,210811,False
data/raw/deeprhole_jurix2019/data/pretrained_embeddings/2000_C_151.txt,323530,False
data/raw/deeprhole_jurix2019/data/pretrained_embeddings/2000_V_80.txt,198605,False
data/raw/deeprhole_jurix2019/data/pretrained_embeddings/2001_A_234.txt,285739,False
data/raw/deeprhole_jurix2019/data/pretrained_embeddings/2001_S_1131.txt,299069,False
data/raw/deeprhole_jurix2019/data/pretrained_embeddings/2004_C_129.txt,345900,False
data/raw/deeprhole_jurix2019/data/pretrained_embeddings/2004_I_24.txt,468673,False
data/raw/deeprhole_jurix2019/data/pretrained_embeddings/2005_S_388.txt,193916,False
data/raw/deeprhole_jurix2019/data/pretrained_embeddings/2006_A_136.txt,744116,False
data/raw/deeprhole_jurix2019/data/pretrained_embeddings/2006_A_36.txt,275169,False
data/raw/deeprhole_jurix2019/data/pretrained_embeddings/2007_B_76.txt,218407,False
data/raw/deeprhole_jurix2019/data/pretrained_embeddings/2007_C_121.txt,432353,False
data/raw/deeprhole_jurix2019/data/pretrained_embeddings/2007_S_608.txt,208509,False
data/raw/deeprhole_jurix2019/data/pretrained_embeddings/2007_S_632.txt,297938,False
data/raw/deeprhole_jurix2019/data/pretrained_embeddings/2007_U_18.txt,298877,False
data/raw/deeprhole_jurix2019/data/pretrained_embeddings/2008_A_260.txt,248498,False
data/raw/deeprhole_jurix2019/data/pretrained_embeddings/2008_C_166.txt,271924,False
data/raw/deeprhole_jurix2019/data/pretrained_embeddings/2008_I_54.txt,253643,False
data/raw/deeprhole_jurix2019/data/pretrained_embeddings/2008_P_8.txt,407399,False
data/raw/deeprhole_jurix2019/data/pretrained_embeddings/2008_S_1411.txt,388528,False
data/raw/deeprhole_jurix2019/data/pretrained_embeddings/2008_S_549.txt,176845,False
data/raw/deeprhole_jurix2019/data/pretrained_embeddings/2009_B_16.txt,298644,False
data/raw/deeprhole_jurix2019/data/pretrained_embeddings/2009_S_146.txt,558827,False
data/raw/deeprhole_jurix2019/data/pretrained_embeddings/2010_J_55.txt,327613,False
data/raw/deeprhole_jurix2019/data/pretrained_embeddings/2010_S_431.txt,233422,False
data/raw/deeprhole_jurix2019/data/pretrained_embeddings/2011_I_16.txt,429371,False
data/raw/deeprhole_jurix2019/data/pretrained_embeddings/2011_S_308.txt,203451,False
data/raw/deeprhole_jurix2019/data/pretrained_embeddings/2012_S_270.txt,290625,False
data/raw/deeprhole_jurix2019/data/pretrained_embeddings/2014_J_33.txt,296767,False
data/raw/deeprhole_jurix2019/data/pretrained_embeddings/2014_R_41.txt,295785,False
data/raw/deeprhole_jurix2019/data/pretrained_embeddings/2015_J_10.txt,244417,False
data/raw/deeprhole_jurix2019/data/pretrained_embeddings/2015_S_368.txt,267401,False
data/raw/deeprhole_jurix2019/data/text/1953_L_1.txt,32820,False
data/raw/deeprhole_jurix2019/data/text/1953_S_23.txt,22084,False
data/raw/deeprhole_jurix2019/data/text/1954_M_25.txt,23722,False
data/raw/deeprhole_jurix2019/data/text/1963_S_59.txt,100702,False
data/raw/deeprhole_jurix2019/data/text/1971_S_1.txt,42608,False
data/raw/deeprhole_jurix2019/data/text/1973_S_68.txt,30883,False
data/raw/deeprhole_jurix2019/data/text/1976_T_9.txt,25382,False
data/raw/deeprhole_jurix2019/data/text/1977_P_19.txt,22439,False
data/raw/deeprhole_jurix2019/data/text/1978_M_13.txt,29700,False
data/raw/deeprhole_jurix2019/data/text/1980_W_3.txt,40392,False
data/raw/deeprhole_jurix2019/data/text/1987_C_108.txt,89407,False
data/raw/deeprhole_jurix2019/data/text/1987_M_123.txt,28190,False
data/raw/deeprhole_jurix2019/data/text/1987_S_26.txt,34619,False
data/raw/deeprhole_jurix2019/data/text/1989_A_55.txt,23920,False
data/raw/deeprhole_jurix2019/data/text/1994_M_69.txt,32439,False
data/raw/deeprhole_jurix2019/data/text/1994_S_246.txt,28990,False
data/raw/deeprhole_jurix2019/data/text/1995_S_317.txt,32067,False
data/raw/deeprhole_jurix2019/data/text/1996_B_72.txt,25361,False
data/raw/deeprhole_jurix2019/data/text/1996_T_169.txt,25637,False
data/raw/deeprhole_jurix2019/data/text/2000_C_151.txt,37866,False
data/raw/deeprhole_jurix2019/data/text/2000_V_80.txt,23077,False
data/raw/deeprhole_jurix2019/data/text/2001_A_234.txt,35450,False
data/raw/deeprhole_jurix2019/data/text/2001_S_1131.txt,26381,False
data/raw/deeprhole_jurix2019/data/text/2004_C_129.txt,32717,False
data/raw/deeprhole_jurix2019/data/text/2004_I_24.txt,39435,False
data/raw/deeprhole_jurix2019/data/text/2005_S_388.txt,21728,False
data/raw/deeprhole_jurix2019/data/text/2006_A_136.txt,68857,False
data/raw/deeprhole_jurix2019/data/text/2006_A_36.txt,25260,False
data/raw/deeprhole_jurix2019/data/text/2007_B_76.txt,26985,False
data/raw/deeprhole_jurix2019/data/text/2007_C_121.txt,36303,False
data/raw/deeprhole_jurix2019/data/text/2007_S_608.txt,18736,False
data/raw/deeprhole_jurix2019/data/text/2007_S_632.txt,26839,False
data/raw/deeprhole_jurix2019/data/text/2007_U_18.txt,31760,False
data/raw/deeprhole_jurix2019/data/text/2008_A_260.txt,34311,False
data/raw/deeprhole_jurix2019/data/text/2008_C_166.txt,26800,False
data/raw/deeprhole_jurix2019/data/text/2008_I_54.txt,26769,False
data/raw/deeprhole_jurix2019/data/text/2008_P_8.txt,36310,False
data/raw/deeprhole_jurix2019/data/text/2008_S_1411.txt,40224,False
data/raw/deeprhole_jurix2019/data/text/2008_S_549.txt,24696,False
data/raw/deeprhole_jurix2019/data/text/2009_B_16.txt,30054,False
data/raw/deeprhole_jurix2019/data/text/2009_S_146.txt,51964,False
data/raw/deeprhole_jurix2019/data/text/2010_J_55.txt,40140,False
data/raw/deeprhole_jurix2019/data/text/2010_S_431.txt,26616,False
data/raw/deeprhole_jurix2019/data/text/2011_I_16.txt,39266,False
data/raw/deeprhole_jurix2019/data/text/2011_S_308.txt,21810,False
data/raw/deeprhole_jurix2019/data/text/2012_S_270.txt,27170,False
data/raw/deeprhole_jurix2019/data/text/2014_J_33.txt,24858,False
data/raw/deeprhole_jurix2019/data/text/2014_R_41.txt,21301,False
data/raw/deeprhole_jurix2019/data/text/2015_J_10.txt,18999,False
data/raw/deeprhole_jurix2019/data/text/2015_S_368.txt,31503,False
data/raw/deeprhole_jurix2019/infer.py,3182,False
data/raw/deeprhole_jurix2019/prepare_data.py,4306,False
data/raw/deeprhole_jurix2019/run.py,3438,False
data/raw/deeprhole_jurix2019/train.py,5593,False
data/raw/il_tur/.cache/huggingface/.gitignore,1,False
data/raw/il_tur/.cache/huggingface/CACHEDIR.TAG,191,False
data/raw/il_tur/.cache/huggingface/download/README.md.lock,0,False
data/raw/il_tur/.cache/huggingface/download/README.md.metadata,101,False
data/raw/il_tur/.cache/huggingface/download/cjpe/expert-00000-of-00001.parquet.lock,0,False
data/raw/il_tur/.cache/huggingface/download/cjpe/multi_dev-00000-of-00001.parquet.lock,0,False
data/raw/il_tur/.cache/huggingface/download/cjpe/multi_train-00000-of-00002.parquet.lock,0,False
data/raw/il_tur/.cache/huggingface/download/cjpe/multi_train-00001-of-00002.parquet.lock,0,False
data/raw/il_tur/.cache/huggingface/download/cjpe/single_dev-00000-of-00001.parquet.lock,0,False
data/raw/il_tur/.cache/huggingface/download/cjpe/single_train-00000-of-00001.parquet.lock,0,False
data/raw/il_tur/.cache/huggingface/download/cjpe/test-00000-of-00001.parquet.lock,0,False
data/raw/il_tur/.cache/huggingface/download/rr/CL_dev-00000-of-00001.parquet.lock,0,False
data/raw/il_tur/README.md,37937,False
data/raw/legaleval_inrhetoricalroles/.cache/huggingface/.gitignore,1,False
data/raw/legaleval_inrhetoricalroles/.cache/huggingface/CACHEDIR.TAG,191,False
data/raw/legaleval_inrhetoricalroles/.cache/huggingface/download/.gitattributes.lock,0,False
data/raw/legaleval_inrhetoricalroles/.cache/huggingface/download/README.md.lock,0,False
data/raw/legaleval_inrhetoricalroles/.cache/huggingface/download/README.md.metadata,101,False
data/raw/legaleval_inrhetoricalroles/.cache/huggingface/download/data/dev-00000-of-00001-af55705c75623915.parquet.lock,0,False
data/raw/legaleval_inrhetoricalroles/.cache/huggingface/download/data/test-00000-of-00001-2526ab833e27e0ee.parquet.lock,0,False
data/raw/legaleval_inrhetoricalroles/.cache/huggingface/download/data/train-00000-of-00001-bb0092e0d8549337.parquet.lock,0,False
data/raw/legaleval_inrhetoricalroles/.cache/huggingface/download/dev.json.lock,0,False
data/raw/legaleval_inrhetoricalroles/.cache/huggingface/download/test.json.lock,0,False
data/raw/legaleval_inrhetoricalroles/.cache/huggingface/download/train.json.lock,0,False
data/raw/legaleval_inrhetoricalroles/README.md,2555,False
data/raw/legalseg/.cache/huggingface/.gitignore,1,False
data/raw/legalseg/.cache/huggingface/CACHEDIR.TAG,191,False
data/raw/legalseg/.cache/huggingface/download/.gitattributes.lock,0,False
data/raw/legalseg/.cache/huggingface/download/README.md.lock,0,False
data/raw/legalseg/.cache/huggingface/download/README.md.metadata,101,False
data/raw/legalseg/.cache/huggingface/download/test.csv.lock,0,False
data/raw/legalseg/.cache/huggingface/download/train.csv.lock,0,False
data/raw/legalseg/.cache/huggingface/download/val.csv.lock,0,False
data/raw/legalseg/README.md,31,False
data/raw/legalseg_github/.git/HEAD,21,False
data/raw/legalseg_github/.git/config,361,False
data/raw/legalseg_github/.git/config.worktree,57,False
data/raw/legalseg_github/.git/description,73,False
data/raw/legalseg_github/.git/hooks/applypatch-msg.sample,478,False
data/raw/legalseg_github/.git/hooks/commit-msg.sample,896,False
data/raw/legalseg_github/.git/hooks/fsmonitor-watchman.sample,4726,False
data/raw/legalseg_github/.git/hooks/post-update.sample,189,False
data/raw/legalseg_github/.git/hooks/pre-applypatch.sample,424,False
data/raw/legalseg_github/.git/hooks/pre-commit.sample,1643,False
data/raw/legalseg_github/.git/hooks/pre-merge-commit.sample,416,False
data/raw/legalseg_github/.git/hooks/pre-push.sample,1374,False
data/raw/legalseg_github/.git/hooks/pre-rebase.sample,4898,False
data/raw/legalseg_github/.git/hooks/pre-receive.sample,544,False
data/raw/legalseg_github/.git/hooks/prepare-commit-msg.sample,1492,False
data/raw/legalseg_github/.git/hooks/push-to-checkout.sample,2783,False
data/raw/legalseg_github/.git/hooks/sendemail-validate.sample,2308,False
data/raw/legalseg_github/.git/hooks/update.sample,3650,False
data/raw/legalseg_github/.git/index,5199,False
data/raw/legalseg_github/.git/info/exclude,240,False
data/raw/legalseg_github/.git/info/sparse-checkout,15,False
data/raw/legalseg_github/.git/logs/HEAD,220,False
data/raw/legalseg_github/.git/logs/refs/heads/main,220,False
data/raw/legalseg_github/.git/logs/refs/remotes/origin/HEAD,220,False
data/raw/legalseg_github/.git/objects/pack/pack-0308ec4e9b9e2cd6faccd99faa6f7691da35b0a6.idx,1156,False
data/raw/legalseg_github/.git/objects/pack/pack-0308ec4e9b9e2cd6faccd99faa6f7691da35b0a6.pack,8039,False
data/raw/legalseg_github/.git/objects/pack/pack-0308ec4e9b9e2cd6faccd99faa6f7691da35b0a6.promisor,0,False
data/raw/legalseg_github/.git/objects/pack/pack-0308ec4e9b9e2cd6faccd99faa6f7691da35b0a6.rev,64,False
data/raw/legalseg_github/.git/objects/pack/pack-a1def71f9e5372cd5d35e37dc98fa6394f3c145e.idx,1100,False
data/raw/legalseg_github/.git/objects/pack/pack-a1def71f9e5372cd5d35e37dc98fa6394f3c145e.pack,742,False
data/raw/legalseg_github/.git/objects/pack/pack-a1def71f9e5372cd5d35e37dc98fa6394f3c145e.promisor,0,False
data/raw/legalseg_github/.git/objects/pack/pack-a1def71f9e5372cd5d35e37dc98fa6394f3c145e.rev,56,False
data/raw/legalseg_github/.git/objects/pack/pack-a25edbe4ed29d5dabfb16ac7dc167ce4de60160e.idx,1548,False
data/raw/legalseg_github/.git/objects/pack/pack-a25edbe4ed29d5dabfb16ac7dc167ce4de60160e.pack,3245,False
data/raw/legalseg_github/.git/objects/pack/pack-a25edbe4ed29d5dabfb16ac7dc167ce4de60160e.promisor,103,False
data/raw/legalseg_github/.git/objects/pack/pack-a25edbe4ed29d5dabfb16ac7dc167ce4de60160e.rev,120,False
data/raw/legalseg_github/.git/packed-refs,112,False
data/raw/legalseg_github/.git/refs/heads/main,41,False
data/raw/legalseg_github/.git/refs/remotes/origin/HEAD,30,False
data/raw/legalseg_github/.git/shallow,41,False
data/raw/legalseg_github/.gitignore,3139,False
data/raw/legalseg_github/Data/README.md,2178,False
data/raw/legalseg_github/LICENSE,11357,False
data/raw/legalseg_github/README.md,7512,False
data/raw/lexglue/.cache/huggingface/.gitignore,1,False
data/raw/lexglue/.cache/huggingface/CACHEDIR.TAG,191,False
data/raw/lexglue/.cache/huggingface/download/README.md.lock,0,False
data/raw/lexglue/.cache/huggingface/download/README.md.metadata,101,False
data/raw/lexglue/.cache/huggingface/download/ecthr_a/test-00000-of-00001.parquet.lock,0,False
data/raw/lexglue/.cache/huggingface/download/ecthr_a/test-00000-of-00001.parquet.metadata,125,False
data/raw/lexglue/.cache/huggingface/download/ecthr_a/train-00000-of-00001.parquet.lock,0,False
data/raw/lexglue/.cache/huggingface/download/ecthr_a/train-00000-of-00001.parquet.metadata,125,False
data/raw/lexglue/.cache/huggingface/download/ecthr_a/validation-00000-of-00001.parquet.lock,0,False
data/raw/lexglue/.cache/huggingface/download/ecthr_a/validation-00000-of-00001.parquet.metadata,124,False
data/raw/lexglue/.cache/huggingface/download/ecthr_b/test-00000-of-00001.parquet.lock,0,False
data/raw/lexglue/.cache/huggingface/download/ecthr_b/test-00000-of-00001.parquet.metadata,124,False
data/raw/lexglue/.cache/huggingface/download/ecthr_b/train-00000-of-00001.parquet.lock,0,False
data/raw/lexglue/.cache/huggingface/download/ecthr_b/train-00000-of-00001.parquet.metadata,125,False
data/raw/lexglue/.cache/huggingface/download/ecthr_b/validation-00000-of-00001.parquet.lock,0,False
data/raw/lexglue/.cache/huggingface/download/ecthr_b/validation-00000-of-00001.parquet.metadata,125,False
data/raw/lexglue/.cache/huggingface/download/ledgar/test-00000-of-00001.parquet.lock,0,False
data/raw/lexglue/.cache/huggingface/download/ledgar/test-00000-of-00001.parquet.metadata,125,False
data/raw/lexglue/.cache/huggingface/download/ledgar/train-00000-of-00001.parquet.lock,0,False
data/raw/lexglue/.cache/huggingface/download/ledgar/train-00000-of-00001.parquet.metadata,124,False
data/raw/lexglue/.cache/huggingface/download/ledgar/validation-00000-of-00001.parquet.lock,0,False
data/raw/lexglue/.cache/huggingface/download/ledgar/validation-00000-of-00001.parquet.metadata,125,False
data/raw/lexglue/.cache/huggingface/download/scotus/test-00000-of-00001.parquet.lock,0,False
data/raw/lexglue/.cache/huggingface/download/scotus/test-00000-of-00001.parquet.metadata,125,False
data/raw/lexglue/.cache/huggingface/download/scotus/train-00000-of-00001.parquet.lock,0,False
data/raw/lexglue/.cache/huggingface/download/scotus/train-00000-of-00001.parquet.metadata,124,False
data/raw/lexglue/.cache/huggingface/download/scotus/validation-00000-of-00001.parquet.lock,0,False
data/raw/lexglue/.cache/huggingface/download/scotus/validation-00000-of-00001.parquet.metadata,125,False
data/raw/lexglue/.cache/huggingface/trees/c23fdff1a6bf74e0e1a71cb86f1e781d37da888c.json,6965,False
data/raw/lexglue/README.md,34120,False
data/raw/lexglue/ecthr_a/test-00000-of-00001.parquet,5677114,False
data/raw/lexglue/ecthr_a/train-00000-of-00001.parquet,42415324,False
data/raw/lexglue/ecthr_a/validation-00000-of-00001.parquet,5260148,False
data/raw/lexglue/ecthr_b/test-00000-of-00001.parquet,5677091,False
data/raw/lexglue/ecthr_b/train-00000-of-00001.parquet,42415290,False
data/raw/lexglue/ecthr_b/validation-00000-of-00001.parquet,5260113,False
data/raw/lexglue/ledgar/test-00000-of-00001.parquet,3313508,False
data/raw/lexglue/ledgar/train-00000-of-00001.parquet,20897973,False
data/raw/lexglue/ledgar/validation-00000-of-00001.parquet,3439104,False
data/raw/lexglue/scotus/test-00000-of-00001.parquet,39976265,False
data/raw/lexglue/scotus/train-00000-of-00001.parquet,94360448,False
data/raw/lexglue/scotus/validation-00000-of-00001.parquet,39074686,False
data/raw/marro/.cache/huggingface/.gitignore,1,False
data/raw/marro/.cache/huggingface/CACHEDIR.TAG,191,False
data/raw/marro/.cache/huggingface/download/.gitattributes.lock,0,False
data/raw/marro/.cache/huggingface/download/.gitattributes.metadata,101,False
data/raw/marro/.cache/huggingface/download/IN-test-set.zip.lock,0,False
data/raw/marro/.cache/huggingface/download/IN-test-set.zip.metadata,123,False
data/raw/marro/.cache/huggingface/download/IN-train-set.zip.lock,0,False
data/raw/marro/.cache/huggingface/download/IN-train-set.zip.metadata,125,False
data/raw/marro/.cache/huggingface/download/README.md.lock,0,False
data/raw/marro/.cache/huggingface/download/README.md.metadata,101,False
data/raw/marro/.cache/huggingface/download/UK-test-set.zip.lock,0,False
data/raw/marro/.cache/huggingface/download/UK-test-set.zip.metadata,125,False
data/raw/marro/.cache/huggingface/download/UK-train-set.zip.lock,0,False
data/raw/marro/.cache/huggingface/download/UK-train-set.zip.metadata,125,False
data/raw/marro/.cache/huggingface/trees/2e65a1c6134cf8fb5137a98e306c882f1bf28fa4.json,1421,False
data/raw/marro/.gitattributes,2504,False
data/raw/marro/IN-test-set.zip,143204,False
data/raw/marro/IN-train-set.zip,1857034,False
data/raw/marro/README.md,404,False
data/raw/marro/UK-test-set.zip,133062,False
data/raw/marro/UK-train-set.zip,1067725,False
